Name,Source,Page,Ability Scores,Size,Speed,Description
Aarakocra,EEPC,5,Dexterity +2; Wisdom +1,Medium,"25 feet, fly 50 feet","<strong>Age</strong><br><br>Aarakocra reach maturity by age 3. Compared to humans, aarakocra don't usually live longer than 30 years.<br><br><strong>Alignment</strong><br><br>Most aarakocra are good and rarely choose sides when it comes to law and chaos. Tribal leaders and warriors might be lawful, while explorers and adventurers might tend toward chaotic.<br><br><strong>Size</strong><br><br>Aarakocra are about 5 feet tall. They have thin, lightweight bodies that weigh between 80 and 100 pounds. Your size is Medium.<br><br><strong>Flight</strong><br><br>You have a flying speed of 50 feet. To use this speed, you can't be wearing medium or heavy armor.<br><br><strong>Talons</strong><br><br>Your talons are natural weapons, which you can use to make unarmed strikes. If you hit with them, you deal slashing damage equal to 1d4 + your Strength modifier, instead of the bludgeoning damage normal for an unarmed strike.<br><br><strong>Language</strong><br><br>You can speak, read, and write Common, Aarakocra, and Auran."
Aarakocra,MPMM,5,Choose one of: (a) Choose any +2; choose any other +1 (b) Choose three different +1,Medium,"30 feet, fly equal to your walking speed","<strong>Flight</strong><br><br>Because of your wings, you have a flying speed equal to your walking speed. You can't use this flying speed if you're wearing medium or heavy armor.<br><br><strong>Talons</strong><br><br>You have talons that you can use to make unarmed strikes. When you hit with them, the strike deals 1d6 + your Strength modifier slashing damage, instead of the bludgeoning damage normal for an unarmed strike.<br><br><strong>Wind Caller</strong><br><br>Starting at 3rd level, you can cast the gust of wind spell with this trait, without requiring a material component. Once you cast the spell with this trait, you can't do so again until you finish a long rest. You can also cast the spell using any spell slots you have of 2nd level or higher.<br><br>Intelligence, Wisdom, or Charisma is your spellcasting ability for when you cast gust of wind with this trait (choose when you select this race)."
Aasimar,DMG,286,Charisma +2; Wisdom +1,Medium,30 feet,"<strong>Age</strong><br><br>Aasimar mature at the same rate as humans but live a few years longer.<br><br><strong>Size</strong><br><br>Aasimar are built like well-proportioned humans. Your size is Medium.<br><br><strong>Darkvision</strong><br><br>Thanks to your celestial heritage, you have superior vision in dark and dim conditions. You can see in dim light within 60 feet of you as if it were bright light, and in darkness as if it were dim light. You can't discern color in darkness, only shades of grey.<br><br><strong>Celestial Resistance</strong><br><br>You have resistance to necrotic and radiant damage.<br><br><strong>Celestial Legacy</strong><br><br>You know the light cantrip. Once you reach 3rd level, you can cast the lesser restoration spell once with this trait, and you regain the ability to do so when you finish a long rest. Once you reach 5th level, you can cast the daylight spell once with this trait, and you regain the ability to do so when you finish a long rest. Charisma is your spellcasting ability for these spells.<br><br><strong>Language</strong><br><br>You can speak, read, and write Common and Celestial."
Aasimar,MPMM,7,Choose one of: (a) Choose any +2; choose any other +1 (b) Choose three different +1,Small or Medium,30 feet,"<strong>Size</strong><br><br>You are Medium or Small. You choose the size when you select this race.<br><br><strong>Celestial Resistance</strong><br><br>You have resistance to necrotic damage and radiant damage.<br><br><strong>Darkvision</strong><br><br>You can see in dim light within 60 feet of you as if it were bright light and in darkness as if it were dim light. You discern colors in that darkness only as shades of gray.<br><br><strong>Healing Hands</strong><br><br>As an action, you can touch a creature and roll a number of d4s equal to your proficiency bonus. The creature regains a number of hit points equal to the total rolled. Once you use this trait, you can't use it again until you finish a long rest.<br><br><strong>Light Bearer</strong><br><br>You know the light cantrip. Charisma is your spellcasting ability for it.<br><br><strong>Celestial Revelation</strong><br><br>When you reach 3rd level, choose one of the revelation options below. Thereafter, you can use a bonus action to unleash the celestial energy within yourself, gaining the benefits of that revelation. Your transformation lasts for 1 minute or until you end it as a bonus action. Once you transform using your revelation below, you can't use it again until you finish a long rest.<br><br>• {'type': 'item', 'name': 'Necrotic Shroud', 'entry': 'Your eyes briefly become pools of darkness, and ghostly, flightless wings sprout from your back temporarily. Creatures other than your allies within 10 feet of you that can see you must succeed on a Charisma saving throw (DC 8 + your proficiency bonus + your Charisma modifier) or become frightened of you until the end of your next turn. Until the transformation ends, once on each of your turns, you can deal extra necrotic damage to one target when you deal damage to it with an attack or a spell. The extra damage equals your proficiency bonus.'}<br><br>• {'type': 'item', 'name': 'Radiant Consumption', 'entry': 'Searing light temporarily radiates from your eyes and mouth. For the duration, you shed bright light in a 10-foot radius and dim light for an additional 10 feet, and at the end of each of your turns, each creature within 10 feet of you takes radiant damage equal to your proficiency bonus. Until the transformation ends, once on each of your turns, you can deal extra radiant damage to one target when you deal damage to it with an attack or a spell. The extra damage equals your proficiency bonus.'}<br><br>• {'type': 'item', 'name': 'Radiant Soul', 'entry': 'Two luminous, spectral wings sprout from your back temporarily. Until the transformation ends, you have a flying speed equal to your walking speed, and once on each of your turns, you can deal extra radiant damage to one target when you deal damage to it with an attack or a spell. The extra damage equals your proficiency bonus.'}"
Aasimar,VGM,104,Charisma +2,Medium,30 feet,"<strong>Age</strong><br><br>Aasimar mature at the same rate as humans, but they can live up to 160 years.<br><br><strong>Size</strong><br><br>Aasimar have the same range of height and weight as humans.<br><br><strong>Darkvision</strong><br><br>Blessed with a radiant soul, your vision can easily cut through darkness. You can see in dim light within 60 feet of you as if it were bright light, and in darkness as if it were dim light. You can't discern color in darkness, only shades of gray.<br><br><strong>Celestial Resistance</strong><br><br>You have resistance to necrotic damage and radiant damage.<br><br><strong>Healing Hands</strong><br><br>As an action, you can touch a creature and cause it to regain a number of hit points equal to your level. Once you use this trait, you can't use it again until you finish a long rest.<br><br><strong>Light Bearer</strong><br><br>You know the light cantrip. Charisma is your spellcasting ability for it.<br><br><strong>Languages</strong><br><br>You can speak, read, and write Common and Celestial."
Aasimar (Fallen),VGM,105,Charisma +2; Strength +1,Medium,30 feet,"<strong>Age</strong><br><br>Aasimar mature at the same rate as humans, but they can live up to 160 years.<br><br><strong>Size</strong><br><br>Aasimar have the same range of height and weight as humans.<br><br><strong>Darkvision</strong><br><br>Blessed with a radiant soul, your vision can easily cut through darkness. You can see in dim light within 60 feet of you as if it were bright light, and in darkness as if it were dim light. You can't discern color in darkness, only shades of gray.<br><br><strong>Celestial Resistance</strong><br><br>You have resistance to necrotic damage and radiant damage.<br><br><strong>Healing Hands</strong><br><br>As an action, you can touch a creature and cause it to regain a number of hit points equal to your level. Once you use this trait, you can't use it again until you finish a long rest.<br><br><strong>Light Bearer</strong><br><br>You know the light cantrip. Charisma is your spellcasting ability for it.<br><br><strong>Languages</strong><br><br>You can speak, read, and write Common and Celestial.<br><br><strong>Necrotic Shroud</strong><br><br>Starting at 3rd level, you can use your action to unleash the divine energy within yourself, causing your eyes to turn into pools of darkness and two skeletal, ghostly, flightless wings to sprout from your back. The instant you transform, other creatures within 10 feet of you that can see you must succeed on a Charisma saving throw (DC 8 + your proficiency bonus + your Charisma modifier) or become frightened of you until the end of your next turn.<br><br>Your transformation lasts for 1 minute or until you end it as a bonus action. During it, once on each of your turns, you can deal extra necrotic damage to one target when you deal damage to it with an attack or a spell. The extra necrotic damage equals your level.<br><br>Once you use this trait, you can't use it again until you finish a long rest."
Aasimar (Protector),VGM,105,Charisma +2; Wisdom +1,Medium,30 feet,"<strong>Age</strong><br><br>Aasimar mature at the same rate as humans, but they can live up to 160 years.<br><br><strong>Size</strong><br><br>Aasimar have the same range of height and weight as humans.<br><br><strong>Darkvision</strong><br><br>Blessed with a radiant soul, your vision can easily cut through darkness. You can see in dim light within 60 feet of you as if it were bright light, and in darkness as if it were dim light. You can't discern color in darkness, only shades of gray.<br><br><strong>Celestial Resistance</strong><br><br>You have resistance to necrotic damage and radiant damage.<br><br><strong>Healing Hands</strong><br><br>As an action, you can touch a creature and cause it to regain a number of hit points equal to your level. Once you use this trait, you can't use it again until you finish a long rest.<br><br><strong>Light Bearer</strong><br><br>You know the light cantrip. Charisma is your spellcasting ability for it.<br><br><strong>Languages</strong><br><br>You can speak, read, and write Common and Celestial.<br><br><strong>Radiant Soul</strong><br><br>Starting at 3rd level, you can use your action to unleash the divine energy within yourself, causing your eyes to glimmer and two luminous, incorporeal wings to sprout from your back.<br><br>Your transformation lasts for 1 minute or until you end it as a bonus action. During it, you have a flying speed of 30 feet, and once on each of your turns, you can deal extra radiant damage to one target when you deal damage to it with an attack or a spell. The extra radiant damage equals your level.<br><br>Once you use this trait, you can't use it again until you finish a long rest."
Aasimar (Scourge),VGM,105,Charisma +2; Constitution +1,Medium,30 feet,"<strong>Age</strong><br><br>Aasimar mature at the same rate as humans, but they can live up to 160 years.<br><br><strong>Size</strong><br><br>Aasimar have the same range of height and weight as humans.<br><br><strong>Darkvision</strong><br><br>Blessed with a radiant soul, your vision can easily cut through darkness. You can see in dim light within 60 feet of you as if it were bright light, and in darkness as if it were dim light. You can't discern color in darkness, only shades of gray.<br><br><strong>Celestial Resistance</strong><br><br>You have resistance to necrotic damage and radiant damage.<br><br><strong>Healing Hands</strong><br><br>As an action, you can touch a creature and cause it to regain a number of hit points equal to your level. Once you use this trait, you can't use it again until you finish a long rest.<br><br><strong>Light Bearer</strong><br><br>You know the light cantrip. Charisma is your spellcasting ability for it.<br><br><strong>Languages</strong><br><br>You can speak, read, and write Common and Celestial.<br><br><strong>Radiant Consumption</strong><br><br>Starting at 3rd level, you can use your action to unleash the divine energy within yourself, causing a searing light to radiate from you, pour out of your eyes and mouth, and threaten to char you.<br><br>Your transformation lasts for 1 minute or until you end it as a bonus action. During it, you shed bright light in a 10-foot radius and dim light for an additional 10 feet, and at the end of each of your turns, you and each creature within 10 feet of you take radiant damage equal to half your level (rounded up). In addition, once on each of your turns, you can deal extra radiant damage to one target when you deal damage to it with an attack or a spell. The extra radiant damage equals your level.<br><br>Once you use this trait, you can't use it again until you finish a long rest."
Astral Elf,AAG,10,Choose one of: (a) Choose any +2; choose any other +1 (b) Choose three different +1,Medium,30 feet,"<strong>Creature Type</strong><br><br>You are a Humanoid. You are also considered an elf for any prerequisite or effect that requires you to be an elf.<br><br><strong>Astral Fire</strong><br><br>You know one of the following cantrips of your choice: dancing lights, light, or sacred flame. Intelligence, Wisdom, or Charisma is your spellcasting ability for it (choose when you select this race).<br><br><strong>Darkvision</strong><br><br>You can see in dim light within 60 feet of yourself as if it were bright light, and in darkness as if it were dim light. You discern colors in that darkness only as shades of gray.<br><br><strong>Fey Ancestry</strong><br><br>You have advantage on saving throws you make to avoid or end the charmed condition on yourself.<br><br><strong>Keen Senses</strong><br><br>You have proficiency in the Perception skill.<br><br><strong>Starlight Step</strong><br><br>As a bonus action, you can magically teleport up to 30 feet to an unoccupied space you can see. You can use this trait a number of times equal to your proficiency bonus, and you regain all expended uses when you finish a long rest.<br><br><strong>Astral Trance</strong><br><br>You don't need to sleep, and magic can't put you to sleep. You can finish a long rest in 4 hours if you spend those hours in a trancelike meditation, during which you remain conscious.<br><br>Whenever you finish this trance, you gain proficiency in one skill of your choice and with one weapon or tool of your choice, selected from the Player's Handbook. You mystically acquire these proficiencies by drawing them from shared elven memory and the experiences of entities on the Astral Plane, and you retain them until you finish your next long rest."
Autognome,AAG,11,Choose one of: (a) Choose any +2; choose any other +1 (b) Choose three different +1,Small,30 feet,"<strong>Creature Type</strong><br><br>You are a Construct.<br><br><strong>Armored Casing</strong><br><br>You are encased in thin metal or some other durable material. While you aren't wearing armor, your base Armor Class is 13 + your Dexterity modifier.<br><br><strong>Built for Success</strong><br><br>You can add a d4 to one attack roll, ability check, or saving throw you make, and you can do so after seeing the d20 roll but before the effects of the roll are resolved. You can use this trait a number of times equal to your proficiency bonus, and you regain all expended uses when you finish a long rest.<br><br><strong>Healing Machine</strong><br><br>If the mending spell is cast on you, you can spend a Hit Die, roll it, and regain a number of hit points equal to the roll plus your Constitution modifier (minimum of 1 hit point).<br><br>In addition, your creator designed you to benefit from several spells that preserve life but that normally don't affect Constructs: cure wounds, healing word, mass cure wounds, mass healing word, and spare the dying.<br><br><strong>Mechanical Nature</strong><br><br>You have resistance to poison damage and immunity to disease, and you have advantage on saving throws against being paralyzed or poisoned. You don't need to eat, drink, or breathe.<br><br><strong>Sentry's Rest</strong><br><br>When you take a long rest, you spend at least 6 hours in an inactive, motionless state, instead of sleeping. In this state, you appear inert, but you remain conscious.<br><br><strong>Specialized Design</strong><br><br>You gain two tool proficiencies of your choice, selected from the Player's Handbook."
Barding,TLotRR,28,Strength +1; Charisma +1,Medium,30 feet,"Adventuring Age. Between 18–40 years of age. Bardings rarely become adventurers before their 18th year, and retire in their forties, when they return home to serve their family and folk.<br><br>Archers of Dale. You have proficiency with the great bow.<br><br>Starting Virtue. You gain one cultural virtue of your choice (see Chapter 4).<br><br>Trading People. You have proficiency in the Persuasion skill.<br><br>Languages. You can speak, read and write Westron and Dalish, a language that can be described as a very old form of the Common Speech.<br><br>Standard of Living: Prosperous. The city of Dale and nearby Esgaroth are successful trading towns. Those among the Bardings who choose a life of adventure are usually members of less affluent families—yet, their wealth is still superior to that of most of the denizens of Eriador. Starting Gear"
Bearfolk,BookOfEbonTides,22,Strength +2,Medium,30 feet,"Age. Bearfolk come of age in their late teens and live around 80 years.<br><br>Alignment. Bearfolk are predominantly good, mistrusting and shunning evil. While they hold rich traditions, they value their freedom and tend toward chaotic alignments.<br><br>Bite. Your powerful jaws are natural weapons, which you can use to make unarmed strikes. If it hits, you deal 1d6 + your Strength modifier piercing damage.<br><br>Natural Armor. Your hide is thick and tough, granting you a natural AC of 13 + your Dexterity modifier.<br><br>Powerful Build. You count as one size larger when determining your carrying capacity and the weight you can push, drag, or lift.<br><br>Ursine Talent. You have proficiency in the Athletics and Perception skills.<br><br>Languages. You can speak, read, and write either Common (if you hail from the mortal lands) or Umbral (if native to the Shadow Realm)."
Bearfolk (Shadowborn),BookOfEbonTides,22,Strength +2; Dexterity +1,Medium,30 feet,"Age. Bearfolk come of age in their late teens and live around 80 years.<br><br>Alignment. Bearfolk are predominantly good, mistrusting and shunning evil. While they hold rich traditions, they value their freedom and tend toward chaotic alignments.<br><br>Bite. Your powerful jaws are natural weapons, which you can use to make unarmed strikes. If it hits, you deal 1d6 + your Strength modifier piercing damage.<br><br>Natural Armor. Your hide is thick and tough, granting you a natural AC of 13 + your Dexterity modifier.<br><br>Powerful Build. You count as one size larger when determining your carrying capacity and the weight you can push, drag, or lift.<br><br>Ursine Talent. You have proficiency in the Athletics and Perception skills.<br><br>Languages. You can speak, read, and write either Common (if you hail from the mortal lands) or Umbral (if native to the Shadow Realm).<br><br>Cloak of Night. While in dim light or darkness, you have advantage on Dexterity (Stealth) checks and can take the Hide action as a bonus action.<br><br>Darkvision. You can see in dim light within 60 feet as though it were bright light and in darkness as if it were dim light. You can't discern color in darkness, only shades of gray."
Bree-Hobbit,TLotRR,183,Dexterity +2,Small,25 feet,"Ability Score Increase. Your Dexterity score increases by 2.<br><br>Adventuring Age. Between 25–60 years of age. Hobbits do not abandon their comfortable lives easily, but when they do they usually wait for their coming of age at 33. A particularly reckless fellow might feel the call to adventure when in their tweens, as Hobbits call their twenties.<br><br>Bree-Hobbit Curiosity. You have proficiency in the Insight skill.<br><br>Hobbit-Sense. You have advantage on all Intelligence, Wisdom, and Charisma saving throws against Shadow.<br><br>Pipe-Weed Lore. You have proficiency with pipes.<br><br>Unobtrusive. You can move through the space of any creature that is of a size larger than yours.<br><br>Languages. You speak, read and write Westron, preserving the use of a few words and names of your own forgotten tongue.<br><br>Standard of Living: Common. Hobbits live in peace, their land is well-tilled and their borders protected, but theirs is an isolated island in the middle of a desolate region, and trading is an uncommon occurrence. Starting Gear"
Bree-Hobbit (Fallohide),TLotRR,38,Dexterity +2; Charisma +1,Small,25 feet,"Ability Score Increase. Your Dexterity score increases by 2.<br><br>Adventuring Age. Between 25–60 years of age. Hobbits do not abandon their comfortable lives easily, but when they do they usually wait for their coming of age at 33. A particularly reckless fellow might feel the call to adventure when in their tweens, as Hobbits call their twenties.<br><br>Bree-Hobbit Curiosity. You have proficiency in the Insight skill.<br><br>Hobbit-Sense. You have advantage on all Intelligence, Wisdom, and Charisma saving throws against Shadow.<br><br>Pipe-Weed Lore. You have proficiency with pipes.<br><br>Unobtrusive. You can move through the space of any creature that is of a size larger than yours.<br><br>Languages. You speak, read and write Westron, preserving the use of a few words and names of your own forgotten tongue.<br><br>Standard of Living: Common. Hobbits live in peace, their land is well-tilled and their borders protected, but theirs is an isolated island in the middle of a desolate region, and trading is an uncommon occurrence. Starting Gear"
Bree-Hobbit (Harfoot),TLotRR,38,Dexterity +2; Wisdom +1,Small,25 feet,"Ability Score Increase. Your Dexterity score increases by 2.<br><br>Adventuring Age. Between 25–60 years of age. Hobbits do not abandon their comfortable lives easily, but when they do they usually wait for their coming of age at 33. A particularly reckless fellow might feel the call to adventure when in their tweens, as Hobbits call their twenties.<br><br>Bree-Hobbit Curiosity. You have proficiency in the Insight skill.<br><br>Hobbit-Sense. You have advantage on all Intelligence, Wisdom, and Charisma saving throws against Shadow.<br><br>Pipe-Weed Lore. You have proficiency with pipes.<br><br>Unobtrusive. You can move through the space of any creature that is of a size larger than yours.<br><br>Languages. You speak, read and write Westron, preserving the use of a few words and names of your own forgotten tongue.<br><br>Standard of Living: Common. Hobbits live in peace, their land is well-tilled and their borders protected, but theirs is an isolated island in the middle of a desolate region, and trading is an uncommon occurrence. Starting Gear"
Bree-Hobbit (Stoor),TLotRR,38,Dexterity +2; Constitution +1,Small,25 feet,"Ability Score Increase. Your Dexterity score increases by 2.<br><br>Adventuring Age. Between 25–60 years of age. Hobbits do not abandon their comfortable lives easily, but when they do they usually wait for their coming of age at 33. A particularly reckless fellow might feel the call to adventure when in their tweens, as Hobbits call their twenties.<br><br>Bree-Hobbit Curiosity. You have proficiency in the Insight skill.<br><br>Hobbit-Sense. You have advantage on all Intelligence, Wisdom, and Charisma saving throws against Shadow.<br><br>Pipe-Weed Lore. You have proficiency with pipes.<br><br>Unobtrusive. You can move through the space of any creature that is of a size larger than yours.<br><br>Languages. You speak, read and write Westron, preserving the use of a few words and names of your own forgotten tongue.<br><br>Standard of Living: Common. Hobbits live in peace, their land is well-tilled and their borders protected, but theirs is an isolated island in the middle of a desolate region, and trading is an uncommon occurrence. Starting Gear"
Bugbear,ERLW,25,Strength +2; Dexterity +1,Medium,30 feet,"<strong>Age</strong><br><br>Bugbears reach adulthood at age 16 and live up to 80 years.<br><br><strong>Alignment</strong><br><br>Bugbears live on the fringes of society even in Darguun, where they value self-sufficiency and violence. They are generally chaotic, organizing in loose tribes under charismatic and powerful leaders.<br><br><strong>Size</strong><br><br>Your size is Medium.<br><br><strong>Darkvision</strong><br><br>You can see in dim light within 60 feet of you as if it were bright light, and in darkness as if it were dim light. You can't discern color in darkness, only shades of gray.<br><br><strong>Long-Limbed</strong><br><br>When you make a melee attack on your turn, your reach for it is 5 feet greater than normal.<br><br><strong>Powerful Build</strong><br><br>You count as one size larger when determining your carrying capacity and the weight you can push, drag, or lift.<br><br><strong>Sneaky</strong><br><br>You are proficient in the Stealth skill.<br><br><strong>Surprise Attack</strong><br><br>If you surprise a creature and hit it with an attack on your first turn in combat, the attack deals an extra 2d6 damage to it. You can use this trait only once per combat.<br><br><strong>Languages</strong><br><br>You can speak, read, and write Common and Goblin."
Bugbear,MPMM,8,Choose one of: (a) Choose any +2; choose any other +1 (b) Choose three different +1,Medium,30 feet,"<strong>Creature Type</strong><br><br>You are a Humanoid. You are also considered a goblinoid for any prerequisite or effect that requires you to be a goblinoid.<br><br><strong>Darkvision</strong><br><br>You can see in dim light within 60 feet of you as if it were bright light and in darkness as if it were dim light. You discern colors in that darkness only as shades of gray.<br><br><strong>Fey Ancestry</strong><br><br>You have advantage on saving throws you make to avoid or end the charmed condition on yourself.<br><br><strong>Long-Limbed</strong><br><br>When you make a melee attack on your turn, your reach for it is 5 feet greater than normal.<br><br><strong>Powerful Build</strong><br><br>You count as one size larger when determining your carrying capacity and the weight you can push, drag, or lift.<br><br><strong>Sneaky</strong><br><br>You are proficient in the Stealth skill. In addition, without squeezing, you can move through and stop in a space large enough for a Small creature.<br><br><strong>Surprise Attack</strong><br><br>If you hit a creature with an attack roll, the creature takes an extra 2d6 damage if it hasn't taken a turn yet in the current combat."
Bugbear,VGM,119,Strength +2; Dexterity +1,Medium,30 feet,"<strong>Age</strong><br><br>Bugbears reach adulthood at age 16 and live up to 80 years.<br><br><strong>Size</strong><br><br>Bugbears are between 6 and 8 feet tall and weigh between 250 and 350 pounds. Your size is Medium.<br><br><strong>Darkvision</strong><br><br>You can see in dim light within 60 feet of you as if it were bright light, and in darkness as if it were dim light. You can't discern color in darkness, only shades of gray.<br><br><strong>Long-Limbed</strong><br><br>When you make a melee attack on your turn, your reach for it is 5 feet greater than normal.<br><br><strong>Powerful Build</strong><br><br>You count as one size larger when determining your carrying capacity and the weight you can push, drag, or lift.<br><br><strong>Sneaky</strong><br><br>You are proficient in the Stealth skill.<br><br><strong>Surprise Attack</strong><br><br>If you surprise a creature and hit it with an attack on your first turn in combat, the attack deals an extra 2d6 damage to it. You can use this trait only once per combat.<br><br><strong>Languages</strong><br><br>You can speak, read, and write Common and Goblin."
Centaur,GGR,15,Strength +2; Wisdom +1,Medium,40 feet,"<strong>Age</strong><br><br>Centaurs mature and age at about the same rate as humans.<br><br><strong>Alignment</strong><br><br>Centaurs are inclined toward neutrality. Those who join the Selesnya are more often neutral good, while those who join the Gruul are typically chaotic neutral.<br><br><strong>Size</strong><br><br>Centaurs stand between 6 and 7 feet tall, with their equine bodies reaching about 4 feet at the withers. Your size is Medium.<br><br><strong>Fey</strong><br><br>Your creature type is fey, rather than humanoid.<br><br><strong>Charge</strong><br><br>If you move at least 30 feet straight toward a target and then hit it with a melee weapon attack on the same turn, you can immediately follow that attack with a bonus action, making one attack against the target with your hooves.<br><br><strong>Hooves</strong><br><br>Your hooves are natural melee weapons, which you can use to make unarmed strikes. If you hit with them, you deal bludgeoning damage equal to 1d4 + your Strength modifier, instead of the bludgeoning damage normal for an unarmed strike.<br><br><strong>Equine Build</strong><br><br>You count as one size larger when determining your carrying capacity and the weight you can push or drag.<br><br>In addition, any climb that requires hands and feet is especially difficult for you because of your equine legs. When you make such a climb, each foot of movement costs you 4 extra feet, instead of the normal 1 extra foot.<br><br><strong>Survivor</strong><br><br>You have proficiency in one of the following skills of your choice: Animal Handling, Medicine, Nature, or Survival.<br><br><strong>Languages</strong><br><br>You can speak, read, and write Common and Sylvan. Sylvan is widely spoken in the Selesnya Conclave, for it is rich in vocabulary to describe natural phenomena and spiritual forces."
Centaur,MOT,18,Strength +2; Wisdom +1,Medium,40 feet,
Centaur,MPMM,9,Choose one of: (a) Choose any +2; choose any other +1 (b) Choose three different +1,Medium,40 feet,"<strong>Creature Type</strong><br><br>You are a Fey.<br><br><strong>Charge</strong><br><br>If you move at least 30 feet straight toward a target and then hit it with a melee weapon attack on the same turn, you can immediately follow that attack with a bonus action, making one attack against the target with your hooves.<br><br><strong>Equine Build</strong><br><br>You count as one size larger when determining your carrying capacity and the weight you can push or drag.<br><br>In addition, any climb that requires hands and feet is especially difficult for you because of your equine legs. When you make such a climb, each foot of movement costs you 4 extra feet instead of the normal 1 extra foot.<br><br><strong>Hooves</strong><br><br>You have hooves that you can use to make unarmed strikes. When you hit with them, the strike deals 1d6 + your Strength modifier bludgeoning damage, instead of the bludgeoning damage normal for an unarmed strike.<br><br><strong>Natural Affinity</strong><br><br>Your fey connection to nature gives you an intuitive connection to the natural world and the animals within it. You therefore have proficiency in one of the following skills of your choice: Animal Handling, Medicine, Nature, or Survival."
Cervan,HumblewoodCampaignSetting,22,Constitution +2,Medium,30 feet,"Age. Cervans reach maturity around 12 years. They live long lives compared to the rest of the Humblefolk, between 100 and 150 years, something they attribute as much to their way of life as the blessing of Cairith. Pronghorns generally live longer than grove cervans, which is considered a sign of Cairith's favor.<br><br>Alignment. Cervans are pragmatic in their thinking, and generally prefer to keep their philosophies flexible in order to prioritize what they believe is important for both themselves and their communities. They lean towards neutral alignments.<br><br>Size. Grove cervans stand between 5 and 6 feet tall, and have light builds, weighing between 130 and 180 pounds. Pronghorn cervans are taller and tend toward heavier, more muscular builds, standing around 7 feet tall, and sometimes weighing over 200 pounds. Your size is Medium.<br><br>Speed. Your base walking speed is 30 feet.<br><br>Practical. Cervans are eminently practical and like to spend their time learning useful skills for life in their woodland villages. You gain proficiency in one of the following skills: Athletics, Medicine, Nature, or Survival.<br><br>Surge of Vigor. All cervans possess a great tenacity and will to survive, which allows them to bounce back from even the most devastating blows. If an attack deals over half of your current remaining hit points in damage, (even if your hit points are reduced to 0 by the attack) you immediately regain hit points equal to 1d12 + your Constitution Modifier. You can't use this feature again until you have completed a long rest.<br><br>Languages. You can speak, read, and write Birdfolk, and speak Cervan (Cervan has no written component)."
Cervan (Grove),HumblewoodCampaignSetting,22,Constitution +2; Dexterity +1,Medium,35 feet,"Age. Cervans reach maturity around 12 years. They live long lives compared to the rest of the Humblefolk, between 100 and 150 years, something they attribute as much to their way of life as the blessing of Cairith. Pronghorns generally live longer than grove cervans, which is considered a sign of Cairith's favor.<br><br>Alignment. Cervans are pragmatic in their thinking, and generally prefer to keep their philosophies flexible in order to prioritize what they believe is important for both themselves and their communities. They lean towards neutral alignments.<br><br>Size. Grove cervans stand between 5 and 6 feet tall, and have light builds, weighing between 130 and 180 pounds. Pronghorn cervans are taller and tend toward heavier, more muscular builds, standing around 7 feet tall, and sometimes weighing over 200 pounds. Your size is Medium.<br><br>Speed. Your base walking speed is 30 feet.<br><br>Practical. Cervans are eminently practical and like to spend their time learning useful skills for life in their woodland villages. You gain proficiency in one of the following skills: Athletics, Medicine, Nature, or Survival.<br><br>Surge of Vigor. All cervans possess a great tenacity and will to survive, which allows them to bounce back from even the most devastating blows. If an attack deals over half of your current remaining hit points in damage, (even if your hit points are reduced to 0 by the attack) you immediately regain hit points equal to 1d12 + your Constitution Modifier. You can't use this feature again until you have completed a long rest.<br><br>Languages. You can speak, read, and write Birdfolk, and speak Cervan (Cervan has no written component).<br><br>Swift. Your base walking speed increases to 35 feet.<br><br>Standing Leap. Your base long jump is 30 feet, and your base high jump is 15 feet, with or without a running start.<br><br>Nimble Step. Opportunity attacks made against you are rolled with disadvantage."
Cervan (Pronghorn),HumblewoodCampaignSetting,22,Constitution +2; Strength +1,Medium,30 feet,"Age. Cervans reach maturity around 12 years. They live long lives compared to the rest of the Humblefolk, between 100 and 150 years, something they attribute as much to their way of life as the blessing of Cairith. Pronghorns generally live longer than grove cervans, which is considered a sign of Cairith's favor.<br><br>Alignment. Cervans are pragmatic in their thinking, and generally prefer to keep their philosophies flexible in order to prioritize what they believe is important for both themselves and their communities. They lean towards neutral alignments.<br><br>Size. Grove cervans stand between 5 and 6 feet tall, and have light builds, weighing between 130 and 180 pounds. Pronghorn cervans are taller and tend toward heavier, more muscular builds, standing around 7 feet tall, and sometimes weighing over 200 pounds. Your size is Medium.<br><br>Speed. Your base walking speed is 30 feet.<br><br>Practical. Cervans are eminently practical and like to spend their time learning useful skills for life in their woodland villages. You gain proficiency in one of the following skills: Athletics, Medicine, Nature, or Survival.<br><br>Surge of Vigor. All cervans possess a great tenacity and will to survive, which allows them to bounce back from even the most devastating blows. If an attack deals over half of your current remaining hit points in damage, (even if your hit points are reduced to 0 by the attack) you immediately regain hit points equal to 1d12 + your Constitution Modifier. You can't use this feature again until you have completed a long rest.<br><br>Languages. You can speak, read, and write Birdfolk, and speak Cervan (Cervan has no written component).<br><br>Robust Build. Your carrying capacity is doubled, as is the weight you can push, drag, or lift.<br><br>Antlers. You have a set of large, strong antlers that can be used to make devastating charge attacks. You can use your unarmed strike to gore opponents, dealing 1d6 + your Strength Modifier piercing damage on a hit.Additionally, if you move at least 20 feet in a straight line towards an opponent, you can spend a bonus action to charge them, dealing an extra 1d6 points of piercing damage. If the target of your charge is Large or smaller, they must make a Strength saving throw against a DC of your Proficiency Bonus + 8 + your Strength Modifier. On failure, the target is pushed 10 feet away from you into a space of your choice."
Changeling,ERLW,17,Charisma +2; Choose any other +1,Medium,30 feet,"<strong>Age</strong><br><br>Changelings mature slightly faster than humans but share a similar lifespan—typically a century or less. While a changeling can transform to conceal their age, the effects of aging affect them similarly to humans.<br><br><strong>Alignment</strong><br><br>Changelings tend toward pragmatic neutrality, and few changelings embrace evil.<br><br><strong>Size</strong><br><br>Your size is Medium.<br><br><strong>Shapechanger</strong><br><br>As an action, you can change your appearance and your voice. You determine the specifics of the changes, including your coloration, hair length, and sex. You can also adjust your height and weight, but not so much that your size changes. You can make yourself appear as a member of another race, though none of your game statistics change. You can't duplicate the appearance of a creature you've never seen, and you must adopt a form that has the same basic arrangement of limbs that you have. Your clothing and equipment aren't changed by this trait.<br><br>You stay in the new form until you use an action to revert to your true form or until you die.<br><br><strong>Changeling Instincts</strong><br><br>You gain proficiency with two of the following skills of your choice: Deception, Insight, Intimidation, and Persuasion.<br><br><strong>Languages</strong><br><br>You can speak, read, and write Common and two other languages of your choice."
Changeling,MPMM,10,Choose one of: (a) Choose any +2; choose any other +1 (b) Choose three different +1,Small or Medium,30 feet,"<strong>Creature Type</strong><br><br>You are a Fey.<br><br><strong>Size</strong><br><br>You are Medium or Small. You choose the size when you select this race.<br><br><strong>Changeling Instincts</strong><br><br>Thanks to your connection to the fey realm, you gain proficiency with two of the following skills of your choice: Deception, Insight, Intimidation, Performance, or Persuasion.<br><br><strong>Shapechanger</strong><br><br>As an action, you change your appearance and your voice. You determine the specifics of the changes, including your coloration, hair length, and sex. You can also adjust your height between Medium and Small. You can make yourself appear as a member of another race, though none of your game statistics change. You can't duplicate the appearance of an individual you've never seen, and you must adopt a form that has the same basic arrangement of limbs that you have. Your clothing and equipment aren't changed by this trait.<br><br>You stay in the new form until you use an action to revert to your true form or until you die."
Corvum,HumblewoodCampaignSetting,12,Intelligence +2,Medium,30 feet,"Age. Corvums reach adulthood at around 18 years. They live slightly shorter lives than other birdfolk, approximately 70 years.<br><br>Alignment. Shrewd and capable, corvums prefer moral flexibility and are more likely to be neutral than either good or evil. Nonetheless, corvums see the benefit of rules, even if many attempt to turn them to their own advantage. Because of this they favor lawful alignments.<br><br>Size. Corvums cut imposing figures, standing between 4 and a half and 5 and a half feet tall, encompassing a variety of different builds. They weigh around 100 pounds. Your size is Medium.<br><br>Speed. Your base walking speed is 30 feet.<br><br>Glide. Using your feathered arms, you can slow your fall, and glide short distances. When falling you can use your reaction to spread your arms, stiffen your wing feathers, and slow your descent. While doing so, you continue to fall gently at a speed of 60 feet per round, taking no fall damage when you land. If you would fall at least 10 feet in this way, you may fly up to your movement speed in one direction you choose, although you cannot choose to move upwards, landing in the space you finish your movement. You cannot glide while carrying heavy weapons or wielding a shield (though you may drop any held items as part of your reaction to spread your arms). You cannot glide while wearing heavy armor, or if you are encumbered.<br><br>Talons. Your sharp claws aid you in unarmed combat and while climbing. Your damage for an unarmed strike is 1d4 piercing damage. Additionally, you have advantage on Strength (Athletics) checks made to climb any surface your talons could reasonably grip.<br><br>Learned. You gain proficiency in one of the following skills: Arcana, History, Nature, or Religion.<br><br>Appraising Eye. You have an almost supernatural ability to appraise objects. By spending an action examining any object, you can determine any magical properties the item has, how they might be used or activated, as well as a fair estimation of market price. Using this skill strains the eyes, and you must complete a long or short rest before you can use it again.<br><br>Languages. You can speak, read, and write Birdfolk. You can also understand Auran, though you cannot speak it naturally."
Corvum (Dusk),HumblewoodCampaignSetting,12,Intelligence +2; Dexterity +1,Medium,30 feet,"Age. Corvums reach adulthood at around 18 years. They live slightly shorter lives than other birdfolk, approximately 70 years.<br><br>Alignment. Shrewd and capable, corvums prefer moral flexibility and are more likely to be neutral than either good or evil. Nonetheless, corvums see the benefit of rules, even if many attempt to turn them to their own advantage. Because of this they favor lawful alignments.<br><br>Size. Corvums cut imposing figures, standing between 4 and a half and 5 and a half feet tall, encompassing a variety of different builds. They weigh around 100 pounds. Your size is Medium.<br><br>Speed. Your base walking speed is 30 feet.<br><br>Glide. Using your feathered arms, you can slow your fall, and glide short distances. When falling you can use your reaction to spread your arms, stiffen your wing feathers, and slow your descent. While doing so, you continue to fall gently at a speed of 60 feet per round, taking no fall damage when you land. If you would fall at least 10 feet in this way, you may fly up to your movement speed in one direction you choose, although you cannot choose to move upwards, landing in the space you finish your movement. You cannot glide while carrying heavy weapons or wielding a shield (though you may drop any held items as part of your reaction to spread your arms). You cannot glide while wearing heavy armor, or if you are encumbered.<br><br>Talons. Your sharp claws aid you in unarmed combat and while climbing. Your damage for an unarmed strike is 1d4 piercing damage. Additionally, you have advantage on Strength (Athletics) checks made to climb any surface your talons could reasonably grip.<br><br>Learned. You gain proficiency in one of the following skills: Arcana, History, Nature, or Religion.<br><br>Appraising Eye. You have an almost supernatural ability to appraise objects. By spending an action examining any object, you can determine any magical properties the item has, how they might be used or activated, as well as a fair estimation of market price. Using this skill strains the eyes, and you must complete a long or short rest before you can use it again.<br><br>Languages. You can speak, read, and write Birdfolk. You can also understand Auran, though you cannot speak it naturally.<br><br>Skulker. You have advantage on Dexterity (Stealth) checks made in dim light or darkness.<br><br>Street Smarts. You gain proficiency in the Insight skill."
Corvum (Kindled),HumblewoodCampaignSetting,12,Intelligence +2; Charisma +1,Medium,30 feet,"Age. Corvums reach adulthood at around 18 years. They live slightly shorter lives than other birdfolk, approximately 70 years.<br><br>Alignment. Shrewd and capable, corvums prefer moral flexibility and are more likely to be neutral than either good or evil. Nonetheless, corvums see the benefit of rules, even if many attempt to turn them to their own advantage. Because of this they favor lawful alignments.<br><br>Size. Corvums cut imposing figures, standing between 4 and a half and 5 and a half feet tall, encompassing a variety of different builds. They weigh around 100 pounds. Your size is Medium.<br><br>Speed. Your base walking speed is 30 feet.<br><br>Glide. Using your feathered arms, you can slow your fall, and glide short distances. When falling you can use your reaction to spread your arms, stiffen your wing feathers, and slow your descent. While doing so, you continue to fall gently at a speed of 60 feet per round, taking no fall damage when you land. If you would fall at least 10 feet in this way, you may fly up to your movement speed in one direction you choose, although you cannot choose to move upwards, landing in the space you finish your movement. You cannot glide while carrying heavy weapons or wielding a shield (though you may drop any held items as part of your reaction to spread your arms). You cannot glide while wearing heavy armor, or if you are encumbered.<br><br>Talons. Your sharp claws aid you in unarmed combat and while climbing. Your damage for an unarmed strike is 1d4 piercing damage. Additionally, you have advantage on Strength (Athletics) checks made to climb any surface your talons could reasonably grip.<br><br>Learned. You gain proficiency in one of the following skills: Arcana, History, Nature, or Religion.<br><br>Appraising Eye. You have an almost supernatural ability to appraise objects. By spending an action examining any object, you can determine any magical properties the item has, how they might be used or activated, as well as a fair estimation of market price. Using this skill strains the eyes, and you must complete a long or short rest before you can use it again.<br><br>Languages. You can speak, read, and write Birdfolk. You can also understand Auran, though you cannot speak it naturally.<br><br>Convincing. Kindled corvums have a way with words, and are accomplished at saying what someone wants or needs to hear. You have proficiency in either the Deception or Persuasion skill. Additionally, you have advantage on all Charisma checks made to convince someone of your exceptional knowledge on any topic related to the skill you selected with your learned trait (Arcana, History, Nature, or Religion).<br><br>Sharp Mind. You learn one additional language of your choice, gain proficiency in a tool of your choice, and are able to accurately recall with perfect clarity anything you have seen or heard within the past month."
Custom Lineage,TCE,8,Choose any +2,Small or Medium,30 feet,"Instead of choosing one of the game's races for your character at 1st level, you can use the following traits to represent your character's lineage, giving you full control over how your character's origin shaped them:<br><br><strong>Creature Type</strong><br><br>You are a humanoid. You determine your appearance and whether you resemble any of your kin.<br><br><strong>Size</strong><br><br>You are Small or Medium (your choice).<br><br><strong>Feat</strong><br><br>You gain one feat|feats.html of your choice for which you qualify.<br><br><strong>Variable Trait</strong><br><br>You gain one of the following options of your choice: (a) darkvision with a range of 60 feet or (b) proficiency in one skill of your choice.<br><br><strong>Languages</strong><br><br>You can speak, read, and write Common and one other language that you and your DM agree is appropriate for your character.<br><br>Your race is considered to be a Custom Lineage for any game feature that requires a certain race, such as elf or dwarf."
Dara,ObojimaTallGrass,125,Choose any +2; choose any other +1,Small or Medium,,"Ability Score Increase. One ability score of your choice increases by 2, and another ability score of your choice increases by 1.<br><br>Age. From the moment dara pop into existence they have all basic motor functions mastered. By the time a month has passed they are a fully functioning member of society. It's unknown how long a dara can live for, but the average is roughly 100 years.<br><br>Alignment. Dara tend to lead slow-paced observant lives. Their natural curiosity and desire to learn often leads them down a life as passive bystanders. They're not easily swayed and tend to stay neutral both in conflict and life.<br><br>Size. Dara naturally come in a variety of sizes ranging anywhere from 2 to 7 feet tall, with a weight between 65 and 300lbs. Your size is either small or medium depending on which type of dara you are: Small (red) or Medium (blue)<br><br>Speed. Your base walking speed is based on your size: 25 feet if you're Small, or 30 feet if you're Medium.<br><br>Languages. You can speak, read, and write Common and one other language of your choice.<br><br>Awakened Skills. You gain proficiency in three skills of your choice.<br><br>Create Talisman. As an action, you can create a magical paper talisman, which can bestow unique abilities to any creature in possession of it. When you do so, choose one of the following forms for the talisman: Sun Talisman. A creature in possession of this talisman can use its bonus action to activate the talisman, granting it the benefit of the Disengage or Dash action (its choice).<br><br>Earth Talisman. When a creature in possession of this talisman is reduced to 0 hit points but not killed outright, the talisman activates, causing the creature to drop to 1 hit point instead.<br><br>Moon Talisman. This paper talisman can be placed on any weapon as an action. The next time this weapon successfully hits a target, the talisman activates, dealing extra radiant damage equal to your level.<br><br>Sacred Revelation. You possess an innate gift allowing you to perceive and absorb information from the peculiar glyphs strewn across the island. These glyphs take the form of intricate symbols resembling thumbprints and hold the potential to convey anything from simple messages, to complex skills to you. As an action you can touch and absorb any information stored inside one of these glyphs.<br><br>Impart Knowledge. In Dara culture, the individuals who go on to obtain wisdom truly worth sharing are blessed with a unique ability to impart glyphs before their death. This extraordinary skill is revered amongst the dara.<br><br>Languages. You can speak, read, and write Common and one other language that you and your DM agree is appropriate for your character."
Dara (Blue),ObojimaTallGrass,127,Choose any +2; choose any other +1,Medium,30 feet,"Ability Score Increase. One ability score of your choice increases by 2, and another ability score of your choice increases by 1.<br><br>Age. From the moment dara pop into existence they have all basic motor functions mastered. By the time a month has passed they are a fully functioning member of society. It's unknown how long a dara can live for, but the average is roughly 100 years.<br><br>Alignment. Dara tend to lead slow-paced observant lives. Their natural curiosity and desire to learn often leads them down a life as passive bystanders. They're not easily swayed and tend to stay neutral both in conflict and life.<br><br>Size. Dara naturally come in a variety of sizes ranging anywhere from 2 to 7 feet tall, with a weight between 65 and 300lbs. Your size is either small or medium depending on which type of dara you are: Small (red) or Medium (blue)<br><br>Speed. Your base walking speed is based on your size: 25 feet if you're Small, or 30 feet if you're Medium.<br><br>Languages. You can speak, read, and write Common and one other language of your choice.<br><br>Awakened Skills. You gain proficiency in three skills of your choice.<br><br>Create Talisman. As an action, you can create a magical paper talisman, which can bestow unique abilities to any creature in possession of it. When you do so, choose one of the following forms for the talisman: Sun Talisman. A creature in possession of this talisman can use its bonus action to activate the talisman, granting it the benefit of the Disengage or Dash action (its choice).<br><br>Earth Talisman. When a creature in possession of this talisman is reduced to 0 hit points but not killed outright, the talisman activates, causing the creature to drop to 1 hit point instead.<br><br>Moon Talisman. This paper talisman can be placed on any weapon as an action. The next time this weapon successfully hits a target, the talisman activates, dealing extra radiant damage equal to your level.<br><br>Sacred Revelation. You possess an innate gift allowing you to perceive and absorb information from the peculiar glyphs strewn across the island. These glyphs take the form of intricate symbols resembling thumbprints and hold the potential to convey anything from simple messages, to complex skills to you. As an action you can touch and absorb any information stored inside one of these glyphs.<br><br>Impart Knowledge. In Dara culture, the individuals who go on to obtain wisdom truly worth sharing are blessed with a unique ability to impart glyphs before their death. This extraordinary skill is revered amongst the dara.<br><br>Languages. You can speak, read, and write Common and one other language that you and your DM agree is appropriate for your character.<br><br>Knowledge Talisman. As a blue dara you gain the use of the knowledge talisman and are able to produce it once per day in addition to other talismans you know:As an action, you can create a knowledge talisman. When a creature in possession of this talisman makes an ability check, it can activate the talisman, rolling a d6 and adding the number rolled to the check; the creature can roll the die before or after making the ability check. The talisman lasts for 1 hour or until it is activated. Once you use this trait, you can't do so again until you finish a long rest."
Dara (Red),ObojimaTallGrass,127,Choose any +2; choose any other +1,Small,25 feet,"Ability Score Increase. One ability score of your choice increases by 2, and another ability score of your choice increases by 1.<br><br>Age. From the moment dara pop into existence they have all basic motor functions mastered. By the time a month has passed they are a fully functioning member of society. It's unknown how long a dara can live for, but the average is roughly 100 years.<br><br>Alignment. Dara tend to lead slow-paced observant lives. Their natural curiosity and desire to learn often leads them down a life as passive bystanders. They're not easily swayed and tend to stay neutral both in conflict and life.<br><br>Size. Dara naturally come in a variety of sizes ranging anywhere from 2 to 7 feet tall, with a weight between 65 and 300lbs. Your size is either small or medium depending on which type of dara you are: Small (red) or Medium (blue)<br><br>Speed. Your base walking speed is based on your size: 25 feet if you're Small, or 30 feet if you're Medium.<br><br>Languages. You can speak, read, and write Common and one other language of your choice.<br><br>Awakened Skills. You gain proficiency in three skills of your choice.<br><br>Create Talisman. As an action, you can create a magical paper talisman, which can bestow unique abilities to any creature in possession of it. When you do so, choose one of the following forms for the talisman: Sun Talisman. A creature in possession of this talisman can use its bonus action to activate the talisman, granting it the benefit of the Disengage or Dash action (its choice).<br><br>Earth Talisman. When a creature in possession of this talisman is reduced to 0 hit points but not killed outright, the talisman activates, causing the creature to drop to 1 hit point instead.<br><br>Moon Talisman. This paper talisman can be placed on any weapon as an action. The next time this weapon successfully hits a target, the talisman activates, dealing extra radiant damage equal to your level.<br><br>Sacred Revelation. You possess an innate gift allowing you to perceive and absorb information from the peculiar glyphs strewn across the island. These glyphs take the form of intricate symbols resembling thumbprints and hold the potential to convey anything from simple messages, to complex skills to you. As an action you can touch and absorb any information stored inside one of these glyphs.<br><br>Impart Knowledge. In Dara culture, the individuals who go on to obtain wisdom truly worth sharing are blessed with a unique ability to impart glyphs before their death. This extraordinary skill is revered amongst the dara.<br><br>Languages. You can speak, read, and write Common and one other language that you and your DM agree is appropriate for your character.<br><br>Might Talisman. As a red dara you gain the use of the might talisman and are able to produce it once per day in addition to other talismans you know:As an action, you can create a might talisman. When a creature in possession of this talisman makes a saving throw, it can activate the talisman, rolling a d6 and adding the number rolled to the save; the creature can roll the die before or after making the saving throw. The talisman lasts for 1 hour or until it is activated. Once you use this trait, you can't do so again until you finish a long rest."
Darakhul,BookOfEbonTides,25,Constitution +1,,,"Age. An upper limit of darakhul age has never been discovered; most darakhul die violently.<br><br>Alignment. Your alignment does not change when you become a darakhul, but most darakhul have a strong draw toward evil.<br><br>Darkvision. You can see in dim light within 60 feet as though it were bright light and in darkness as if it were dim light. You can't discern color in darkness, only shades of gray.<br><br>Hunger for Flesh. You must consume 1 pound of raw meat each day or suffer the effects of starvation. If you go 24 hours without such a meal, you gain one level of exhaustion. While you have any levels of exhaustion from this trait, you can't regain hit points or remove levels of exhaustion until you spend at least 1 hour consuming 10 pounds of raw meat.<br><br>Imperfect Undeath. You transitioned into undeath, but your transition was imperfect. Though you are a humanoid, you are susceptible to effects that target undead. You can regain hit points from spells like cure wounds, but you can also be affected by game effects that specifically target undead, such as a cleric's Turn Undead feature. Game effects that raise a creature from the dead work on you as normal, but they return you to life as a darakhul. A true resurrection or wish spell can restore you to life as a fully living member of your original race.<br><br>Powerful Jaw. Your heavy jaw is powerful enough to crush bones to powder. Your bite is a natural melee weapon, which you can use to make unarmed strikes. When you hit with it, your bite deals piercing damage equal to 1d4 + your Strength modifier, instead of the bludgeoning damage normal for an unarmed strike.<br><br>Sunlight Sensitivity. You have disadvantage on attack rolls and on Wisdom (Perception) checks that rely on sight when you, the target of your attack, or whatever you are trying to perceive is in direct sunlight.<br><br>Undead Resilience. You are infused with the dark energy of undeath, which frees you from some frailties that plague most creatures. You have resistance to necrotic damage and poison damage, you are immune to disease, and you have advantage on saving throws against being charmed or poisoned. When you finish a short rest, you can reduce your exhaustion level by 1, provided you have ingested at least 1 pound of raw meat in the last 24 hours (see Hunger for Flesh feature).<br><br>Undead Vitality. You don't need to breathe, and you don't sleep the way most creatures do. Instead, you enter a dormant state that resembles death, remaining semiconscious, for 6 hours a day. While dormant, you have disadvantage on Wisdom (Perception) checks. After resting in this way, you gain the same benefit that a human does from 8 hours of sleep."
Darakhul (Bearfolk Heritage),BookOfEbonTides,25,Strength +2; Constitution +1,Medium,30 feet,"Age. An upper limit of darakhul age has never been discovered; most darakhul die violently.<br><br>Alignment. Your alignment does not change when you become a darakhul, but most darakhul have a strong draw toward evil.<br><br>Darkvision. You can see in dim light within 60 feet as though it were bright light and in darkness as if it were dim light. You can't discern color in darkness, only shades of gray.<br><br>Hunger for Flesh. You must consume 1 pound of raw meat each day or suffer the effects of starvation. If you go 24 hours without such a meal, you gain one level of exhaustion. While you have any levels of exhaustion from this trait, you can't regain hit points or remove levels of exhaustion until you spend at least 1 hour consuming 10 pounds of raw meat.<br><br>Imperfect Undeath. You transitioned into undeath, but your transition was imperfect. Though you are a humanoid, you are susceptible to effects that target undead. You can regain hit points from spells like cure wounds, but you can also be affected by game effects that specifically target undead, such as a cleric's Turn Undead feature. Game effects that raise a creature from the dead work on you as normal, but they return you to life as a darakhul. A true resurrection or wish spell can restore you to life as a fully living member of your original race.<br><br>Powerful Jaw. Your heavy jaw is powerful enough to crush bones to powder. Your bite is a natural melee weapon, which you can use to make unarmed strikes. When you hit with it, your bite deals piercing damage equal to 1d4 + your Strength modifier, instead of the bludgeoning damage normal for an unarmed strike.<br><br>Sunlight Sensitivity. You have disadvantage on attack rolls and on Wisdom (Perception) checks that rely on sight when you, the target of your attack, or whatever you are trying to perceive is in direct sunlight.<br><br>Undead Resilience. You are infused with the dark energy of undeath, which frees you from some frailties that plague most creatures. You have resistance to necrotic damage and poison damage, you are immune to disease, and you have advantage on saving throws against being charmed or poisoned. When you finish a short rest, you can reduce your exhaustion level by 1, provided you have ingested at least 1 pound of raw meat in the last 24 hours (see Hunger for Flesh feature).<br><br>Undead Vitality. You don't need to breathe, and you don't sleep the way most creatures do. Instead, you enter a dormant state that resembles death, remaining semiconscious, for 6 hours a day. While dormant, you have disadvantage on Wisdom (Perception) checks. After resting in this way, you gain the same benefit that a human does from 8 hours of sleep.<br><br>Jaws of Death. Your powerful jaws serve you well as a darakhul. When you use your bite attack to make an unarmed strike, you deal piercing damage equal to 1d6 + your Strength modifier.<br><br>Undead Fortitude. Your tenacity in life has followed you into undeath. When you are reduced to 0 hit points but not killed outright, you can drop to 1 hit point instead. You can't use this feature again until you finish a long rest.<br><br>Language. You can speak, read, and write Common (if you hail from mortal lands) or Umbral (if native to the Shadow Realm)."
Darakhul (Shadow Goblin Heritage),BookOfEbonTides,25,Dexterity +2; Constitution +1,Small,30 feet,"Age. An upper limit of darakhul age has never been discovered; most darakhul die violently.<br><br>Alignment. Your alignment does not change when you become a darakhul, but most darakhul have a strong draw toward evil.<br><br>Darkvision. You can see in dim light within 60 feet as though it were bright light and in darkness as if it were dim light. You can't discern color in darkness, only shades of gray.<br><br>Hunger for Flesh. You must consume 1 pound of raw meat each day or suffer the effects of starvation. If you go 24 hours without such a meal, you gain one level of exhaustion. While you have any levels of exhaustion from this trait, you can't regain hit points or remove levels of exhaustion until you spend at least 1 hour consuming 10 pounds of raw meat.<br><br>Imperfect Undeath. You transitioned into undeath, but your transition was imperfect. Though you are a humanoid, you are susceptible to effects that target undead. You can regain hit points from spells like cure wounds, but you can also be affected by game effects that specifically target undead, such as a cleric's Turn Undead feature. Game effects that raise a creature from the dead work on you as normal, but they return you to life as a darakhul. A true resurrection or wish spell can restore you to life as a fully living member of your original race.<br><br>Powerful Jaw. Your heavy jaw is powerful enough to crush bones to powder. Your bite is a natural melee weapon, which you can use to make unarmed strikes. When you hit with it, your bite deals piercing damage equal to 1d4 + your Strength modifier, instead of the bludgeoning damage normal for an unarmed strike.<br><br>Sunlight Sensitivity. You have disadvantage on attack rolls and on Wisdom (Perception) checks that rely on sight when you, the target of your attack, or whatever you are trying to perceive is in direct sunlight.<br><br>Undead Resilience. You are infused with the dark energy of undeath, which frees you from some frailties that plague most creatures. You have resistance to necrotic damage and poison damage, you are immune to disease, and you have advantage on saving throws against being charmed or poisoned. When you finish a short rest, you can reduce your exhaustion level by 1, provided you have ingested at least 1 pound of raw meat in the last 24 hours (see Hunger for Flesh feature).<br><br>Undead Vitality. You don't need to breathe, and you don't sleep the way most creatures do. Instead, you enter a dormant state that resembles death, remaining semiconscious, for 6 hours a day. While dormant, you have disadvantage on Wisdom (Perception) checks. After resting in this way, you gain the same benefit that a human does from 8 hours of sleep.<br><br>Dark Deed. Your fascination with humor has not gone away, but you've had to adopt more macabre tactics. As an action, you can perform a combination of rude gestures and sounds to attempt to scare one creature you can see within 30 feet. If the target can see and hear you, it must succeed on a Wisdom saving throw or become frightened of you until the end of its turn. The DC for this saving throw is equal to 10 plus your Charisma modifier.<br><br>Language. You can speak, read, and write Goblin."
Deep Gnome,MPMM,11,Choose one of: (a) Choose any +2; choose any other +1 (b) Choose three different +1,Small,30 feet,"<strong>Creature Type</strong><br><br>You are a Humanoid. You are also considered a gnome for any prerequisite or effect that requires you to be a gnome.<br><br><strong>Darkvision</strong><br><br>You can see in dim light within 120 feet of you as if it were bright light and in darkness as if it were dim light. You discern colors in that darkness only as shades of gray.<br><br><strong>Gift of the Svirfneblin</strong><br><br>Starting at 3rd level, you can cast the disguise self spell with this trait. Starting at 5th level, you can also cast the nondetection spell with it, without requiring a material component. Once you cast either of these spells with this trait, you can't cast that spell with it again until you finish a long rest. You can also cast these using spell slots you have of the appropriate level.<br><br>Intelligence, Wisdom, or Charisma is your spellcasting ability for these spells when you cast them with this trait (choose when you select this race).<br><br><strong>Gnomish Magic Resistance</strong><br><br>You have advantage on Intelligence, Wisdom, and Charisma saving throws against spells.<br><br><strong>Svirfneblin Camouflage</strong><br><br>When you make a Dexterity (Stealth) check, you can make the check with advantage. You can use this trait a number of times equal to your proficiency bonus, and you regain all expended uses when you finish a long rest."
Dhampir,VRGR,16,Choose one of: (a) Choose any +2; choose any other +1 (b) Choose three different +1,Small or Medium,"35 feet, climb equal to your walking speed","<strong>Size</strong><br><br>You are Medium or Small. You choose the size when you gain this lineage.<br><br><strong>Ancestral Legacy</strong><br><br>If you replace a race with this lineage, you can keep the following elements of that race: any skill proficiencies you gained from it and any climbing, flying, or swimming speed you gained from it.<br><br>If you don't keep any of those elements or you choose this lineage at character creation, you gain proficiency in two skills of your choice.<br><br><strong>Darkvision</strong><br><br>You can see in dim light within 60 feet of you as if it were bright light and in darkness as if it were dim light. You discern colors in that darkness as shades of gray.<br><br><strong>Deathless Nature</strong><br><br>You don't need to breathe.<br><br><strong>Spider Climb</strong><br><br>You have a climbing speed equal to your walking speed. In addition, at 3rd level, you can move up, down, and across vertical surfaces and upside down along ceilings, while leaving your hands free.<br><br><strong>Vampiric Bite</strong><br><br>Your fanged bite is a natural weapon, which counts as a simple melee weapon with which you are proficient. You add your Constitution modifier, instead of your Strength modifier, to the attack and damage rolls when you attack with this bite. It deals 1d4 piercing damage on a hit. While you are missing half or more of your hit points, you have advantage on attack rolls you make with this bite.<br><br>When you attack with this bite and hit a creature that isn't a Construct or an Undead, you can empower yourself in one of the following ways of your choice:<br><br>• You regain hit points equal to the piercing damage dealt by the bite.<br><br>• You gain a bonus to the next ability check or attack roll you make; the bonus equals the piercing damage dealt by the bite<br><br>You can empower yourself with this bite a number of times equal to your proficiency bonus, and you regain all expended uses when you finish a long rest."
Dragonborn,PHB,32,Strength +2; Charisma +1,Medium,30 feet,"<strong>Age</strong><br><br>Young dragonborn grow quickly. They walk hours after hatching, attain the size and development of a 10-year-old human child by the age of 3, and reach adulthood by 15. They live to be around 80.<br><br><strong>Size</strong><br><br>Dragonborn are taller and heavier than humans, standing well over 6 feet tall and averaging almost 250 pounds. Your size is Medium.<br><br><strong>Draconic Ancestry</strong><br><br>You have draconic ancestry. Choose one type of dragon from the Draconic Ancestry table. Your breath weapon and damage resistance are determined by the dragon type, as shown in the table.<br><br><table border=""1"" cellpadding=""5"" cellspacing=""0""><caption>Draconic Ancestry</caption><tr><th>Dragon</th><th>Damage Type</th><th>Breath Weapon</th></tr><tr><td>Black</td><td>Acid</td><td>5 by 30 ft. line (Dex. save)</td></tr><tr><td>Blue</td><td>Lightning</td><td>5 by 30 ft. line (Dex. save)</td></tr><tr><td>Brass</td><td>Fire</td><td>5 by 30 ft. line (Dex. save)</td></tr><tr><td>Bronze</td><td>Lightning</td><td>5 by 30 ft. line (Dex. save)</td></tr><tr><td>Copper</td><td>Acid</td><td>5 by 30 ft. line (Dex. save)</td></tr><tr><td>Gold</td><td>Fire</td><td>15 ft. cone (Dex. save)</td></tr><tr><td>Green</td><td>Poison</td><td>15 ft. cone (Con. save)</td></tr><tr><td>Red</td><td>Fire</td><td>15 ft. cone (Dex. save)</td></tr><tr><td>Silver</td><td>Cold</td><td>15 ft. cone (Con. save)</td></tr><tr><td>White</td><td>Cold</td><td>15 ft. cone (Con. save)</td></tr></table><br><br><strong>Breath Weapon</strong><br><br>You can use your action to exhale destructive energy. Your draconic ancestry determines the size, shape, and damage type of the exhalation.<br><br>When you use your breath weapon, each creature in the area of the exhalation must make a saving throw, the type of which is determined by your draconic ancestry. The DC for this saving throw equals 8 + your Constitution modifier + your proficiency bonus. A creature takes 2d6 damage on a failed save, and half as much damage on a successful one. The damage increases to 3d6 at 6th level, 4d6 at 11th level, and 5d6 at 16th level.<br><br>After you use your breath weapon, you can't use it again until you complete a short or long rest.<br><br><strong>Damage Resistance</strong><br><br>You have resistance to the damage type associated with your draconic ancestry.<br><br><strong>Languages</strong><br><br>You can speak, read, and write Common and Draconic. Draconic is thought to be one of the oldest languages and is often used in the study of magic. The language sounds harsh to most other creatures and includes numerous hard consonants and sibilants."
Dragonborn (Base),PHB,32,Strength +2; Charisma +1,Medium,30 feet,"Age. Young dragonborn grow quickly. They walk hours after hatching, attain the size and development of a 10-year-old human child by the age of 3, and reach adulthood by 15. They live to be around 80.<br><br>Size. Dragonborn are taller and heavier than humans, standing well over 6 feet tall and averaging almost 250 pounds. Your size is Medium.<br><br>Draconic Ancestry. You have draconic ancestry. Choose one type of dragon from the Draconic Ancestry table. Your breath weapon and damage resistance are determined by the dragon type, as shown in the table.<br><br>Draconic Ancestry Table:<br>• Black - Acid - 5 by 30 ft. line (Dex. save)<br>• Blue - Lightning - 5 by 30 ft. line (Dex. save)<br>• Brass - Fire - 5 by 30 ft. line (Dex. save)<br>• Bronze - Lightning - 5 by 30 ft. line (Dex. save)<br>• Copper - Acid - 5 by 30 ft. line (Dex. save)<br>• Gold - Fire - 15 ft. cone (Dex. save)<br>• Green - Poison - 15 ft. cone (Con. save)<br>• Red - Fire - 15 ft. cone (Dex. save)<br>• Silver - Cold - 15 ft. cone (Con. save)<br>• White - Cold - 15 ft. cone (Con. save)<br><br>Breath Weapon. You can use your action to exhale destructive energy. Your draconic ancestry determines the size, shape, and damage type of the exhalation. When you use your breath weapon, each creature in the area of the exhalation must make a saving throw, the type of which is determined by your draconic ancestry. The DC for this saving throw equals 8 + your Constitution modifier + your proficiency bonus. A creature takes 2d6 damage on a failed save, and half as much damage on a successful one. The damage increases to 3d6 at 6th level, 4d6 at 11th level, and 5d6 at 16th level.<br><br>After you use your breath weapon, you can't use it again until you complete a short or long rest.<br><br>Damage Resistance. You have resistance to the damage type associated with your draconic ancestry.<br><br>Languages. You can speak, read, and write Common and Draconic. Draconic is thought to be one of the oldest languages and is often used in the study of magic. The language sounds harsh to most other creatures and includes numerous hard consonants and sibilants."
Dragonborn (Chromatic),FTD,10,Choose one of: (a) Choose any +2; choose any other +1 (b) Choose three different +1,Medium,30 feet,"<strong>Chromatic Ancestry</strong><br><br>You have a chromatic dragon ancestor, granting you a special magical affinity. Choose one kind of dragon from the Chromatic Ancestry table. This determines the damage type for your other traits, as shown in the table.<br><br><table border=""1"" cellpadding=""5"" cellspacing=""0""><caption>Chromatic Ancestry</caption><tr><th>Dragon</th><th>Damage Type</th></tr><tr><td>Black</td><td>Acid</td></tr><tr><td>Blue</td><td>Lightning</td></tr><tr><td>Green</td><td>Poison</td></tr><tr><td>Red</td><td>Fire</td></tr><tr><td>White</td><td>Cold</td></tr></table><br><br><strong>Breath Weapon</strong><br><br>When you take the Attack action on your turn, you can replace one of your attacks with an exhalation of magical energy in a 30-foot line that is 5 feet wide. Each creature in that area must make a Dexterity saving throw (DC = 8 + your Constitution modifier + your proficiency bonus). On a failed save, the creature takes 1d10 damage of the type associated with your Chromatic Ancestry. On a successful save, it takes half as much damage. This damage increases by 1d10 when you reach 5th level (2d10), 11th level (3d10), and 17th level (4d10).<br><br>You can use your Breath Weapon a number of times equal to your proficiency bonus, and you regain all expended uses when you finish a long rest.<br><br><strong>Draconic Resistance</strong><br><br>You have resistance to the damage type associated with your Chromatic Ancestry.<br><br><strong>Chromatic Warding</strong><br><br>Starting at 5th level, as an action, you can channel your draconic energy to protect yourself. For 1 minute, you become immune to the damage type associated with your Chromatic Ancestry. Once you use this trait, you can't do so again until you finish a long rest."
Dragonborn (Gem),FTD,11,Choose one of: (a) Choose any +2; choose any other +1 (b) Choose three different +1,Medium,30 feet,"<strong>Gem Ancestry</strong><br><br>You have a gem dragon ancestor, granting you a special magical affinity. Choose one kind of dragon from the Gem Ancestry table. This determines the damage type for your other traits, as shown in the table.<br><br><table border=""1"" cellpadding=""5"" cellspacing=""0""><caption>Gem Ancestry</caption><tr><th>Dragon</th><th>Damage Type</th></tr><tr><td>Amethyst</td><td>Force</td></tr><tr><td>Crystal</td><td>Radiant</td></tr><tr><td>Emerald</td><td>Psychic</td></tr><tr><td>Sapphire</td><td>Thunder</td></tr><tr><td>Topaz</td><td>Necrotic</td></tr></table><br><br><strong>Breath Weapon</strong><br><br>When you take the Attack action on your turn, you can replace one of your attacks with an exhalation of magical energy in a 15-foot cone. Each creature in that area must make a Dexterity saving throw (DC = 8 + your Constitution modifier + your proficiency bonus). On a failed save, the creature takes 1d10 damage of the type associated with your Gem Ancestry. On a successful save, it takes half as much damage. This damage increases by 1d10 when you reach 5th level (2d10), 11th level (3d10), and 17th level (4d10).<br><br>You can use your Breath Weapon a number of times equal to your proficiency bonus, and you regain all expended uses when you finish a long rest.<br><br><strong>Draconic Resistance</strong><br><br>You have resistance to the damage type associated with your Gem Ancestry.<br><br><strong>Psionic Mind</strong><br><br>You can send telepathic messages to any creature you can see within 30 feet of you. You don't need to share a language with the creature for it to understand these messages, but it must be able to understand at least one language to comprehend them.<br><br><strong>Gem Flight</strong><br><br>Starting at 5th level, you can use a bonus action to manifest spectral wings on your body. These wings last for 1 minute. For the duration, you gain a flying speed equal to your walking speed and can hover. Once you use this trait, you can't do so again until you finish a long rest."
Dragonborn (Metallic),FTD,12,Choose one of: (a) Choose any +2; choose any other +1 (b) Choose three different +1,Medium,30 feet,"<strong>Metallic Ancestry</strong><br><br>You have a metallic dragon ancestor, granting you a special magical affinity. Choose one kind of dragon from the Metallic Ancestry table. This determines the damage type for your other traits, as shown in the table.<br><br><table border=""1"" cellpadding=""5"" cellspacing=""0""><caption>Metallic Ancestry</caption><tr><th>Dragon</th><th>Damage Type</th></tr><tr><td>Brass</td><td>Fire</td></tr><tr><td>Bronze</td><td>Lightning</td></tr><tr><td>Copper</td><td>Acid</td></tr><tr><td>Gold</td><td>Fire</td></tr><tr><td>Silver</td><td>Cold</td></tr></table><br><br><strong>Breath Weapon</strong><br><br>When you take the Attack action on your turn, you can replace one of your attacks with an exhalation of magical energy in a 15-foot cone. Each creature in that area must make a Dexterity saving throw (DC = 8 + your Constitution modifier + your proficiency bonus). On a failed save, the creature takes 1d10 damage of the type associated with your Metallic Ancestry. On a successful save, it takes half as much damage. This damage increases by 1d10 when you reach 5th level (2d10), 11th level (3d10), and 17th level (4d10).<br><br>You can use your Breath Weapon a number of times equal to your proficiency bonus, and you regain all expended uses when you finish a long rest.<br><br><strong>Draconic Resistance</strong><br><br>You have resistance to the damage type associated with your Metallic Ancestry.<br><br><strong>Metallic Breath Weapon</strong><br><br>At 5th level, you gain a second breath weapon. When you take the Attack action on your turn, you can replace one of your attacks with an exhalation in a 15-foot cone. The save DC for this breath is 8 + your Constitution modifier + your proficiency bonus. Whenever you use this trait, choose one:<br><br>• <strong>Enervating Breath</strong><br><br>Each creature in the cone must succeed on a Constitution saving throw or become incapacitated until the start of your next turn.<br><br>• <strong>Repulsion Breath</strong><br><br>Each creature in the cone must succeed on a Strength saving throw or be pushed 20 feet away from you and be knocked prone.<br><br>Once you use your Metallic Breath Weapon, you can't do so again until you finish a long rest."
Duergar,MPMM,12,Choose one of: (a) Choose any +2; choose any other +1 (b) Choose three different +1,Medium,30 feet,"<strong>Creature Type</strong><br><br>You are a Humanoid. You are also considered a dwarf for any prerequisite or effect that requires you to be a dwarf.<br><br><strong>Darkvision</strong><br><br>You can see in dim light within 120 feet of you as if it were bright light and in darkness as if it were dim light. You discern colors in that darkness only as shades of gray.<br><br><strong>Duergar Magic</strong><br><br>Starting at 3rd level, you can cast the enlarge/reduce spell on yourself with this trait, without requiring a material component. Starting at 5th level, you can also cast the invisibility spell on yourself with this trait, without requiring a material component. Once you cast either of these spells with this trait, you can't cast that spell with it again until you finish a long rest. You can also cast these spells using spell slots you have of the appropriate level.<br><br>Intelligence, Wisdom, or Charisma is your spellcasting ability for these spells when you cast them with this trait (choose when you select this race).<br><br><strong>Dwarven Resilience</strong><br><br>You have advantage on saving throws you make to avoid or end the poisoned condition on yourself. You also have resistance to poison damage.<br><br><strong>Psionic Fortitude</strong><br><br>You have advantage on saving throws you make to avoid or end the charmed or stunned condition on yourself."
Dwarf,PHB,18,Constitution +2,Medium,25 feet,"<strong>Age</strong><br><br>Dwarves mature at the same rate as humans, but they're considered young until they reach the age of 50. On average, they live about 350 years.<br><br><strong>Size</strong><br><br>Dwarves stand between 4 and 5 feet tall and average about 150 pounds. Your size is Medium.<br><br><strong>Speed</strong><br><br>Your speed is not reduced by wearing heavy armor.<br><br><strong>Darkvision</strong><br><br>Accustomed to life underground, you have superior vision in dark and dim conditions. You can see in dim light within 60 feet of you as if it were bright light, and in darkness as if it were dim light. You can't discern color in darkness, only shades of gray.<br><br><strong>Dwarven Resilience</strong><br><br>You have advantage on saving throws against poison, and you have resistance against poison damage.<br><br><strong>Dwarven Combat Training</strong><br><br>You have proficiency with the battleaxe|phb, handaxe|phb, light hammer|phb, and warhammer|phb.<br><br><strong>Tool Proficiency</strong><br><br>You gain proficiency with the artisan's tools of your choice: Smith's tools|phb, brewer's supplies|phb, or mason's tools|phb.<br><br><strong>Stonecunning</strong><br><br>Whenever you make an Intelligence (History) check related to the origin of stonework, you are considered proficient in the History skill and add double your proficiency bonus to the check, instead of your normal proficiency bonus.<br><br><strong>Languages</strong><br><br>You can speak, read, and write Common and Dwarvish. Dwarvish is full of hard consonants and guttural sounds, and those characteristics spill over into whatever other language a dwarf might speak."
Dwarf,TLotRR,31,Constitution +2,Medium,25 feet,"Adventuring Age. Between 50–100 years of age. Dwarves generally start their life on the road in their fifties, and do not usually consider retiring before their nineties. Around that time, many among them choose to dedicate themselves solely to the perfection of their crafts.<br><br>Axes of the Dwarves. You have proficiency with the battle axe, great axe, and mattock.<br><br>Endurance of the Dwarves. Your hit point maximum increases by 1, and it increases by an additional 1 every time you gain a level.<br><br>Make Light of Burdens. Armour doesn't impose disadvantage on your fatigue saving throws, and your carrying capacity (including the weight you can carry before you are encumbered or heavily encumbered, and the weight you can push, drag or lift) is doubled.<br><br>Tool Proficiencies. You have proficiency with the artisan's tools of your choice: jeweler's tools, mason's tools, or smith's tools.<br><br>Languages. You can speak, read and write Westron and Khuzdul, the secret language of the Dwarves.<br><br>Standard of Living: Prosperous. With the fabulous Dragon-hoard of Erebor reclaimed and their kingdom restored, the Dwarves of Durin's Folk are the richest of the seven houses. Starting Gear"
Dwarf (Blue Mountain),TLotRR,32,Constitution +2; Intelligence +1,Medium,25 feet,"Adventuring Age. Between 50–100 years of age. Dwarves generally start their life on the road in their fifties, and do not usually consider retiring before their nineties. Around that time, many among them choose to dedicate themselves solely to the perfection of their crafts.<br><br>Axes of the Dwarves. You have proficiency with the battle axe, great axe, and mattock.<br><br>Endurance of the Dwarves. Your hit point maximum increases by 1, and it increases by an additional 1 every time you gain a level.<br><br>Make Light of Burdens. Armour doesn't impose disadvantage on your fatigue saving throws, and your carrying capacity (including the weight you can carry before you are encumbered or heavily encumbered, and the weight you can push, drag or lift) is doubled.<br><br>Tool Proficiencies. You have proficiency with the artisan's tools of your choice: jeweler's tools, mason's tools, or smith's tools.<br><br>Languages. You can speak, read and write Westron and Khuzdul, the secret language of the Dwarves.<br><br>Standard of Living: Prosperous. With the fabulous Dragon-hoard of Erebor reclaimed and their kingdom restored, the Dwarves of Durin's Folk are the richest of the seven houses. Starting Gear"
Dwarf (Duergar),MTF,81,Constitution +2; Strength +1,Medium,25 feet,"<strong>Age</strong><br><br>Dwarves mature at the same rate as humans, but they're considered young until they reach the age of 50. On average, they live about 350 years.<br><br><strong>Size</strong><br><br>Dwarves stand between 4 and 5 feet tall and average about 150 pounds. Your size is Medium.<br><br><strong>Speed</strong><br><br>Your speed is not reduced by wearing heavy armor.<br><br><strong>Darkvision</strong><br><br>Accustomed to life underground, you have superior vision in dark and dim conditions. You can see in dim light within 60 feet of you as if it were bright light, and in darkness as if it were dim light. You can't discern color in darkness, only shades of gray.<br><br><strong>Dwarven Resilience</strong><br><br>You have advantage on saving throws against poison, and you have resistance against poison damage.<br><br><strong>Dwarven Combat Training</strong><br><br>You have proficiency with the battleaxe|phb, handaxe|phb, light hammer|phb, and warhammer|phb.<br><br><strong>Tool Proficiency</strong><br><br>You gain proficiency with the artisan's tools of your choice: Smith's tools|phb, brewer's supplies|phb, or mason's tools|phb.<br><br><strong>Stonecunning</strong><br><br>Whenever you make an Intelligence (History) check related to the origin of stonework, you are considered proficient in the History skill and add double your proficiency bonus to the check, instead of your normal proficiency bonus.<br><br><strong>Languages</strong><br><br>You can speak, read, and write Common and Dwarvish. Dwarvish is full of hard consonants and guttural sounds, and those characteristics spill over into whatever other language a dwarf might speak.<br><br><strong>Superior Darkvision</strong><br><br>Accustomed to life underground, you have superior vision in dark and dim conditions. You can see in dim light within 120 feet of you as if it were bright light, and in darkness as if it were dim light. You can't discern color in darkness, only shades of gray.<br><br><strong>Duergar Resilience</strong><br><br>You have advantage on saving throws against poison, and you have resistance against poison damage. You also have advantage on saving throws against illusions and against being charmed or paralyzed.<br><br><strong>Languages</strong><br><br>You can speak, read, and write Common, Dwarvish, and Undercommon.<br><br><strong>Duergar Magic</strong><br><br>When you reach 3rd level, you can cast the Enlarge/Reduce spell on yourself once with this trait, using only the spell's enlarge option. When you reach 5th level, you can cast the Invisibility spell on yourself once with this trait. You don't need material components for either spell, and you can't cast them while you're in direct sunlight, although sunlight has no effect on them once cast. You regain the ability to cast these spells with this trait when you finish a long rest. Intelligence is your spellcasting ability for these spells.<br><br><strong>Sunlight Sensitivity</strong><br><br>You have disadvantage on attack rolls and Wisdom (Perception) checks that rely on sight when you, the target of your attack, or whatever you are trying to perceive is in direct sunlight."
Dwarf (Erebor),TLotRR,32,Constitution +2; Charisma +1,Medium,25 feet,"Adventuring Age. Between 50–100 years of age. Dwarves generally start their life on the road in their fifties, and do not usually consider retiring before their nineties. Around that time, many among them choose to dedicate themselves solely to the perfection of their crafts.<br><br>Axes of the Dwarves. You have proficiency with the battle axe, great axe, and mattock.<br><br>Endurance of the Dwarves. Your hit point maximum increases by 1, and it increases by an additional 1 every time you gain a level.<br><br>Make Light of Burdens. Armour doesn't impose disadvantage on your fatigue saving throws, and your carrying capacity (including the weight you can carry before you are encumbered or heavily encumbered, and the weight you can push, drag or lift) is doubled.<br><br>Tool Proficiencies. You have proficiency with the artisan's tools of your choice: jeweler's tools, mason's tools, or smith's tools.<br><br>Languages. You can speak, read and write Westron and Khuzdul, the secret language of the Dwarves.<br><br>Standard of Living: Prosperous. With the fabulous Dragon-hoard of Erebor reclaimed and their kingdom restored, the Dwarves of Durin's Folk are the richest of the seven houses. Starting Gear"
Dwarf (Hill),PHB,20,Constitution +2; Wisdom +1,Medium,25 feet,"<strong>Age</strong><br><br>Dwarves mature at the same rate as humans, but they're considered young until they reach the age of 50. On average, they live about 350 years.<br><br><strong>Size</strong><br><br>Dwarves stand between 4 and 5 feet tall and average about 150 pounds. Your size is Medium.<br><br><strong>Speed</strong><br><br>Your speed is not reduced by wearing heavy armor.<br><br><strong>Darkvision</strong><br><br>Accustomed to life underground, you have superior vision in dark and dim conditions. You can see in dim light within 60 feet of you as if it were bright light, and in darkness as if it were dim light. You can't discern color in darkness, only shades of gray.<br><br><strong>Dwarven Resilience</strong><br><br>You have advantage on saving throws against poison, and you have resistance against poison damage.<br><br><strong>Dwarven Combat Training</strong><br><br>You have proficiency with the battleaxe|phb, handaxe|phb, light hammer|phb, and warhammer|phb.<br><br><strong>Tool Proficiency</strong><br><br>You gain proficiency with the artisan's tools of your choice: Smith's tools|phb, brewer's supplies|phb, or mason's tools|phb.<br><br><strong>Stonecunning</strong><br><br>Whenever you make an Intelligence (History) check related to the origin of stonework, you are considered proficient in the History skill and add double your proficiency bonus to the check, instead of your normal proficiency bonus.<br><br><strong>Languages</strong><br><br>You can speak, read, and write Common and Dwarvish. Dwarvish is full of hard consonants and guttural sounds, and those characteristics spill over into whatever other language a dwarf might speak.<br><br><strong>Dwarven Toughness</strong><br><br>Your hit point maximum increases by 1, and it increases by 1 every time you gain a level."
Dwarf (Iron Hill),TLotRR,32,Constitution +2; Strength +1,Medium,25 feet,"Adventuring Age. Between 50–100 years of age. Dwarves generally start their life on the road in their fifties, and do not usually consider retiring before their nineties. Around that time, many among them choose to dedicate themselves solely to the perfection of their crafts.<br><br>Axes of the Dwarves. You have proficiency with the battle axe, great axe, and mattock.<br><br>Endurance of the Dwarves. Your hit point maximum increases by 1, and it increases by an additional 1 every time you gain a level.<br><br>Make Light of Burdens. Armour doesn't impose disadvantage on your fatigue saving throws, and your carrying capacity (including the weight you can carry before you are encumbered or heavily encumbered, and the weight you can push, drag or lift) is doubled.<br><br>Tool Proficiencies. You have proficiency with the artisan's tools of your choice: jeweler's tools, mason's tools, or smith's tools.<br><br>Languages. You can speak, read and write Westron and Khuzdul, the secret language of the Dwarves.<br><br>Standard of Living: Prosperous. With the fabulous Dragon-hoard of Erebor reclaimed and their kingdom restored, the Dwarves of Durin's Folk are the richest of the seven houses. Starting Gear"
Dwarf (Mark of Warding),ERLW,51,Constitution +2; Intelligence +1,Medium,25 feet,"<strong>Age</strong><br><br>Dwarves mature at the same rate as humans, but they're considered young until they reach the age of 50. On average, they live about 350 years.<br><br><strong>Size</strong><br><br>Dwarves stand between 4 and 5 feet tall and average about 150 pounds. Your size is Medium.<br><br><strong>Speed</strong><br><br>Your speed is not reduced by wearing heavy armor.<br><br><strong>Darkvision</strong><br><br>Accustomed to life underground, you have superior vision in dark and dim conditions. You can see in dim light within 60 feet of you as if it were bright light, and in darkness as if it were dim light. You can't discern color in darkness, only shades of gray.<br><br><strong>Dwarven Resilience</strong><br><br>You have advantage on saving throws against poison, and you have resistance against poison damage.<br><br><strong>Dwarven Combat Training</strong><br><br>You have proficiency with the battleaxe|phb, handaxe|phb, light hammer|phb, and warhammer|phb.<br><br><strong>Tool Proficiency</strong><br><br>You gain proficiency with the artisan's tools of your choice: Smith's tools|phb, brewer's supplies|phb, or mason's tools|phb.<br><br><strong>Stonecunning</strong><br><br>Whenever you make an Intelligence (History) check related to the origin of stonework, you are considered proficient in the History skill and add double your proficiency bonus to the check, instead of your normal proficiency bonus.<br><br><strong>Languages</strong><br><br>You can speak, read, and write Common and Dwarvish. Dwarvish is full of hard consonants and guttural sounds, and those characteristics spill over into whatever other language a dwarf might speak.<br><br><strong>Warder's Intuition</strong><br><br>When you make an Intelligence (Investigation) check or an ability check using thieves' tools|PHB, you can roll a d4 and add the number rolled to the ability check.<br><br><strong>Wards and Seals</strong><br><br>You can cast the alarm and mage armor spells with this trait. Starting at 3rd level, you can also cast the arcane lock spell with it. Once you cast any of these spells with this trait, you can't cast that spell with it again until you finish a long rest. Intelligence is your spellcasting ability for these spells, and you don't need material components for them when you cast them with this trait.<br><br><strong>Spells of the Mark</strong><br><br>If you have the Spellcasting or the Pact Magic class feature, the spells on the Mark of Warding Spells table are added to the spell list of your spellcasting class.<br><br><table border=""1"" cellpadding=""5"" cellspacing=""0""><caption>Mark of Warding Spells</caption><tr><th>Spell Level</th><th>Spells</th></tr><tr><td>1st</td><td>alarm, armor of Agathys</td></tr><tr><td>2nd</td><td>arcane lock, knock</td></tr><tr><td>3rd</td><td>glyph of warding, magic circle</td></tr><tr><td>4th</td><td>Leomund's secret chest, Mordenkainen's faithful hound</td></tr><tr><td>5th</td><td>antilife shell</td></tr></table>"
Dwarf (Mountain),PHB,20,Strength +2; Constitution +2,Medium,25 feet,"<strong>Age</strong><br><br>Dwarves mature at the same rate as humans, but they're considered young until they reach the age of 50. On average, they live about 350 years.<br><br><strong>Size</strong><br><br>Dwarves stand between 4 and 5 feet tall and average about 150 pounds. Your size is Medium.<br><br><strong>Speed</strong><br><br>Your speed is not reduced by wearing heavy armor.<br><br><strong>Darkvision</strong><br><br>Accustomed to life underground, you have superior vision in dark and dim conditions. You can see in dim light within 60 feet of you as if it were bright light, and in darkness as if it were dim light. You can't discern color in darkness, only shades of gray.<br><br><strong>Dwarven Resilience</strong><br><br>You have advantage on saving throws against poison, and you have resistance against poison damage.<br><br><strong>Dwarven Combat Training</strong><br><br>You have proficiency with the battleaxe|phb, handaxe|phb, light hammer|phb, and warhammer|phb.<br><br><strong>Tool Proficiency</strong><br><br>You gain proficiency with the artisan's tools of your choice: Smith's tools|phb, brewer's supplies|phb, or mason's tools|phb.<br><br><strong>Stonecunning</strong><br><br>Whenever you make an Intelligence (History) check related to the origin of stonework, you are considered proficient in the History skill and add double your proficiency bonus to the check, instead of your normal proficiency bonus.<br><br><strong>Languages</strong><br><br>You can speak, read, and write Common and Dwarvish. Dwarvish is full of hard consonants and guttural sounds, and those characteristics spill over into whatever other language a dwarf might speak.<br><br><strong>Dwarven Armor Training</strong><br><br>You have proficiency with light and medium armor."
Dwarf (Wandering),TLotRR,32,Constitution +2; Wisdom +1,Medium,25 feet,"Adventuring Age. Between 50–100 years of age. Dwarves generally start their life on the road in their fifties, and do not usually consider retiring before their nineties. Around that time, many among them choose to dedicate themselves solely to the perfection of their crafts.<br><br>Axes of the Dwarves. You have proficiency with the battle axe, great axe, and mattock.<br><br>Endurance of the Dwarves. Your hit point maximum increases by 1, and it increases by an additional 1 every time you gain a level.<br><br>Make Light of Burdens. Armour doesn't impose disadvantage on your fatigue saving throws, and your carrying capacity (including the weight you can carry before you are encumbered or heavily encumbered, and the weight you can push, drag or lift) is doubled.<br><br>Tool Proficiencies. You have proficiency with the artisan's tools of your choice: jeweler's tools, mason's tools, or smith's tools.<br><br>Languages. You can speak, read and write Westron and Khuzdul, the secret language of the Dwarves.<br><br>Standard of Living: Prosperous. With the fabulous Dragon-hoard of Erebor reclaimed and their kingdom restored, the Dwarves of Durin's Folk are the richest of the seven houses. Starting Gear"
Eladrin,MPMM,13,Choose one of: (a) Choose any +2; choose any other +1 (b) Choose three different +1,Medium,30 feet,"Choose your eladrin's season: autumn, winter, spring, or summer. When finishing a long rest, you can change your season. See the ""Info"" tab for more information.<br><br><strong>Creature Type</strong><br><br>You are a Humanoid. You are also considered an elf for any prerequisite or effect that requires you to be an elf.<br><br><strong>Darkvision</strong><br><br>You can see in dim light within 60 feet of you as if it were bright light and in darkness as if it were dim light. You discern colors in that darkness only as shades of gray.<br><br><strong>Fey Ancestry</strong><br><br>You have advantage on saving throws you make to avoid or end the charmed condition on yourself.<br><br><strong>Fey Step</strong><br><br>As a bonus action, you can magically teleport up to 30 feet to an unoccupied space you can see. You can use this trait a number of times equal to your proficiency bonus, and you regain all expended uses when you finish a long rest.<br><br>When you reach 3rd level, your Fey Step gain an additional effect based on your season; if the effect requires a saving throw, the DC equals 8 + your proficiency bonus + your Intelligence, Wisdom, or Charisma modifier (choose when you select this race):<br><br>• {'type': 'item', 'name': 'Autumn', 'entry': 'Immediately after you use your Fey Step, up to two creatures of your choice that you can see within 10 feet of you must succeed on a Wisdom saving throw or be charmed by you for 1 minute, or until you or your companions deal any damage to the creatures.'}<br><br>• {'type': 'item', 'name': 'Winter', 'entry': 'When you use your Fey Step, one creature of your choice that you can see within 5 feet of you before you teleport must succeed on a Wisdom saving throw or be frightened of you until the end of your next turn.'}<br><br>• {'type': 'item', 'name': 'Spring', 'entry': 'When you use your Fey Step, you can touch one willing creature within 5 feet of you. That creature then teleports instead of you, appearing in an unoccupied space of your choice that you can see within 30 feet of you.'}<br><br>• {'type': 'item', 'name': 'Summer', 'entry': 'Immediately after you use your Fey Step, each creature of your choice that you can see within 5 feet of you takes fire damage equal to your proficiency bonus.'}<br><br><strong>Keen Senses</strong><br><br>You have proficiency in the Perception skill.<br><br><strong>Trance</strong><br><br>You don't need to sleep, and magic can't put you to sleep. You can finish a long rest in 4 hours if you spend those hours in a trancelike meditation, during which you retain consciousness.<br><br>Whenever you finish this trance, you can change your season, and you can gain two proficiencies that you don't have, each one with a weapon or a tool of your choice selected from the Player's Handbook. You mystically acquire these proficiencies by drawing them from shared elven memory, and you retain them until you finish your next long rest."
Elf,PHB,21,Dexterity +2,Medium,30 feet,"<strong>Age</strong><br><br>Although elves reach physical maturity at about the same age as humans, the elven understanding of adulthood goes beyond physical growth to encompass worldly experience. An elf typically claims adulthood and an adult name around the age of 100 and can live to be 750 years old.<br><br><strong>Size</strong><br><br>Elves range from under 5 to over 6 feet tall and have slender builds. Your size is Medium.<br><br><strong>Darkvision</strong><br><br>Accustomed to twilit forests and the night sky, you have superior vision in dark and dim conditions. You can see in dim light within 60 feet of you as if it were bright light, and in darkness as if it were dim light. You can't discern color in darkness, only shades of gray.<br><br><strong>Keen Senses</strong><br><br>You have proficiency in the Perception skill.<br><br><strong>Fey Ancestry</strong><br><br>You have advantage on saving throws against being charmed, and magic can't put you to sleep.<br><br><strong>Trance</strong><br><br>Elves don't need to sleep. Instead, they meditate deeply, remaining semiconscious, for 4 hours a day. (The Common word for such meditation is ""trance."") While meditating, you can dream after a fashion; such dreams are actually mental exercises that have become reflexive through years of practice. After resting in this way, you gain the same benefit that a human does from 8 hours of sleep.<br><br>If you meditate during a long rest, you finish the rest after only 4 hours. You otherwise obey all the rules for a long rest; only the duration is changed.<br><br><strong>Languages</strong><br><br>You can speak, read, and write Common and Elvish. Elvish is fluid, with subtle intonations and intricate grammar. Elven literature is rich and varied, and their songs and poems are famous among other races. Many bards learn their language so they can add Elvish ballads to their repertoires."
Elf,ObojimaTallGrass,128,Choose any +2; choose any other +1,Medium,30 feet,"Ability Score Increase. One ability score of your choice increases by 2, and another ability score of your choice increases by 1.<br><br>Age. Elves reach adulthood in their late teens and live less than a century.<br><br>Size. Elves vary in height, which ranges from 5 feet to well over 6 feet tall. Regardless of your position in that range, your size is Medium.<br><br>Speed. Your base walking speed is 30 feet.<br><br>Languages. You can speak, read, and write Common.<br><br>Darkvision. Thanks to your supernatural gifts, you have superior vision in dark and dim conditions. You can see in dim light within 60 feet of you as if it were bright light, and in darkness as if it were dim light. You can't discern color in darkness, only shades of gray.<br><br>Ethereal Sight. Your ocular prowess doesn't stop at darkvision. Additionally, you can use an action to shift your sight into the ethereal, allowing you to see creatures on the Spirit Realm, which appear as glowing outlines of themselves. This effect lasts for 1 hour. You can use this trait a number of times equal to your proficiency bonus, and you regain all expended uses of it when you finish a long rest.<br><br>Languages. You can speak, read, and write Common and one other language that you and your DM agree is appropriate for your character."
Elf,TLotRR,34,Wisdom +2,Medium,30 feet,"Adventuring Age. Between 100–500 years of age. Elves may leave their homes at any time after they reach adulthood (at about a century of age). Adventurers older than 300 years are rare, as in time all Elves find the sea-longing that lies deep within their hearts to become irresistible.<br><br>Size. Elves have slender builds and are taller than most Men, standing well over 6 feet tall. Your size is Medium.<br><br>Elvish Dreams. Elves don't need to sleep. Instead, they meditate deeply, remaining semiconscious, for 4 hours a day. While meditating, you can dream after a fashion; such dreams are actually mental exercises that have become reflexive through years of practice. After resting in this way, you gain the same benefit as from 8 hours of sleep.<br><br>Elven-Skill. By virtue of their birthright, Elves are capable of reaching levels of finesse unattainable by mortals. If you are not miserable and make an ability check that lets you add your proficiency bonus, you can obtain a magical success. You can do so a number of times equal to your proficiency bonus, and you regain all expended uses when you finish a long rest.<br><br>Immortal Folk. You are immune to ageing and disease.<br><br>Keen Eyes of the Elves. You have proficiency in the Perception skill, and dim light doesn't impose disadvantage on your Wisdom (Perception) checks relying on sight.<br><br>Languages. You can speak, read, and write Westron and Sindarin, the Grey-elven tongue.<br><br>Backgrounds. Players choosing a background receive a brief personal history, two skill proficiencies, a tool proficiency and two distinctive features:The Call of the SeaMaker of ShipsA Merchant FamilySky-WatcherTower GuardVisitor to the Mountains"
Elf (Courage),ObojimaTallGrass,128,Choose any +2; choose any other +1,Medium,30 feet,"Ability Score Increase. One ability score of your choice increases by 2, and another ability score of your choice increases by 1.<br><br>Age. Elves reach adulthood in their late teens and live less than a century.<br><br>Size. Elves vary in height, which ranges from 5 feet to well over 6 feet tall. Regardless of your position in that range, your size is Medium.<br><br>Speed. Your base walking speed is 30 feet.<br><br>Languages. You can speak, read, and write Common.<br><br>Darkvision. Thanks to your supernatural gifts, you have superior vision in dark and dim conditions. You can see in dim light within 60 feet of you as if it were bright light, and in darkness as if it were dim light. You can't discern color in darkness, only shades of gray.<br><br>Ethereal Sight. Your ocular prowess doesn't stop at darkvision. Additionally, you can use an action to shift your sight into the ethereal, allowing you to see creatures on the Spirit Realm, which appear as glowing outlines of themselves. This effect lasts for 1 hour. You can use this trait a number of times equal to your proficiency bonus, and you regain all expended uses of it when you finish a long rest.<br><br>Languages. You can speak, read, and write Common and one other language that you and your DM agree is appropriate for your character.<br><br>Oaka Birthmark (Courage). You know the Resistance cantrip and can cast it without requiring material components. When you reach 3rd level, you can cast Heroism as a 2nd-level spell once with this trait, and you regain the ability to do so when you finish a long rest. Charisma is your spellcasting ability for these spells."
Elf (Drow),PHB,24,Dexterity +2; Charisma +1,Medium,30 feet,"<strong>Age</strong><br><br>Although elves reach physical maturity at about the same age as humans, the elven understanding of adulthood goes beyond physical growth to encompass worldly experience. An elf typically claims adulthood and an adult name around the age of 100 and can live to be 750 years old.<br><br><strong>Size</strong><br><br>Elves range from under 5 to over 6 feet tall and have slender builds. Your size is Medium.<br><br><strong>Darkvision</strong><br><br>Accustomed to twilit forests and the night sky, you have superior vision in dark and dim conditions. You can see in dim light within 60 feet of you as if it were bright light, and in darkness as if it were dim light. You can't discern color in darkness, only shades of gray.<br><br><strong>Keen Senses</strong><br><br>You have proficiency in the Perception skill.<br><br><strong>Fey Ancestry</strong><br><br>You have advantage on saving throws against being charmed, and magic can't put you to sleep.<br><br><strong>Trance</strong><br><br>Elves don't need to sleep. Instead, they meditate deeply, remaining semiconscious, for 4 hours a day. (The Common word for such meditation is ""trance."") While meditating, you can dream after a fashion; such dreams are actually mental exercises that have become reflexive through years of practice. After resting in this way, you gain the same benefit that a human does from 8 hours of sleep.<br><br>If you meditate during a long rest, you finish the rest after only 4 hours. You otherwise obey all the rules for a long rest; only the duration is changed.<br><br><strong>Languages</strong><br><br>You can speak, read, and write Common and Elvish. Elvish is fluid, with subtle intonations and intricate grammar. Elven literature is rich and varied, and their songs and poems are famous among other races. Many bards learn their language so they can add Elvish ballads to their repertoires.<br><br><strong>Superior Darkvision</strong><br><br>Accustomed to the depths of the Underdark, you have superior vision in dark and dim conditions. You can see in dim light within 120 feet of you as if it were bright light, and in darkness as if it were dim light. You can't discern color in darkness, only shades of gray.<br><br><strong>Sunlight Sensitivity</strong><br><br>You have disadvantage on attack rolls and on Wisdom (Perception) checks that rely on sight when you, the target of your attack, or whatever you are trying to perceive is in direct sunlight.<br><br><strong>Drow Magic</strong><br><br>You know the dancing lights cantrip. When you reach 3rd level, you can cast the faerie fire spell once with this trait; you regain the ability to cast it when you finish a long rest. When you reach 5th level, you can also cast the darkness spell once per day with this trait; you regain the ability to cast it when you finish a long rest. Charisma is your spellcasting ability for these spells.<br><br><strong>Drow Weapon Training</strong><br><br>You have proficiency with rapier|phb|rapiers, shortsword|phb|shortswords, and hand crossbow|phb|hand crossbows."
Elf (Eladrin),DMG,286,Dexterity +2; Intelligence +1,Medium,30 feet,"<strong>Age</strong><br><br>Although elves reach physical maturity at about the same age as humans, the elven understanding of adulthood goes beyond physical growth to encompass worldly experience. An elf typically claims adulthood and an adult name around the age of 100 and can live to be 750 years old.<br><br><strong>Size</strong><br><br>Elves range from under 5 to over 6 feet tall and have slender builds. Your size is Medium.<br><br><strong>Darkvision</strong><br><br>Accustomed to twilit forests and the night sky, you have superior vision in dark and dim conditions. You can see in dim light within 60 feet of you as if it were bright light, and in darkness as if it were dim light. You can't discern color in darkness, only shades of gray.<br><br><strong>Keen Senses</strong><br><br>You have proficiency in the Perception skill.<br><br><strong>Fey Ancestry</strong><br><br>You have advantage on saving throws against being charmed, and magic can't put you to sleep.<br><br><strong>Trance</strong><br><br>Elves don't need to sleep. Instead, they meditate deeply, remaining semiconscious, for 4 hours a day. (The Common word for such meditation is ""trance."") While meditating, you can dream after a fashion; such dreams are actually mental exercises that have become reflexive through years of practice. After resting in this way, you gain the same benefit that a human does from 8 hours of sleep.<br><br>If you meditate during a long rest, you finish the rest after only 4 hours. You otherwise obey all the rules for a long rest; only the duration is changed.<br><br><strong>Languages</strong><br><br>You can speak, read, and write Common and Elvish. Elvish is fluid, with subtle intonations and intricate grammar. Elven literature is rich and varied, and their songs and poems are famous among other races. Many bards learn their language so they can add Elvish ballads to their repertoires.<br><br><strong>Elf Weapon Training</strong><br><br>You have proficiency with the longsword|phb, shortsword|phb, shortbow|phb, and longbow|phb.<br><br><strong>Fey Step</strong><br><br>You can cast the misty step spell once using this trait. You regain the ability to do so when you finish a short or long rest."
Elf (Eladrin),MTF,61,Dexterity +2; Charisma +1,Medium,30 feet,"<strong>Age</strong><br><br>Although elves reach physical maturity at about the same age as humans, the elven understanding of adulthood goes beyond physical growth to encompass worldly experience. An elf typically claims adulthood and an adult name around the age of 100 and can live to be 750 years old.<br><br><strong>Size</strong><br><br>Elves range from under 5 to over 6 feet tall and have slender builds. Your size is Medium.<br><br><strong>Darkvision</strong><br><br>Accustomed to twilit forests and the night sky, you have superior vision in dark and dim conditions. You can see in dim light within 60 feet of you as if it were bright light, and in darkness as if it were dim light. You can't discern color in darkness, only shades of gray.<br><br><strong>Keen Senses</strong><br><br>You have proficiency in the Perception skill.<br><br><strong>Fey Ancestry</strong><br><br>You have advantage on saving throws against being charmed, and magic can't put you to sleep.<br><br><strong>Trance</strong><br><br>Elves don't need to sleep. Instead, they meditate deeply, remaining semiconscious, for 4 hours a day. (The Common word for such meditation is ""trance."") While meditating, you can dream after a fashion; such dreams are actually mental exercises that have become reflexive through years of practice. After resting in this way, you gain the same benefit that a human does from 8 hours of sleep.<br><br>If you meditate during a long rest, you finish the rest after only 4 hours. You otherwise obey all the rules for a long rest; only the duration is changed.<br><br><strong>Languages</strong><br><br>You can speak, read, and write Common and Elvish. Elvish is fluid, with subtle intonations and intricate grammar. Elven literature is rich and varied, and their songs and poems are famous among other races. Many bards learn their language so they can add Elvish ballads to their repertoires.<br><br>Choose your eladrin's season: autumn, winter, spring, or summer. When finishing a long rest, you can change your season. See the ""Info"" tab for more information.<br><br><strong>Fey Step</strong><br><br>As a bonus action, you can magically teleport up to 30 feet to an unoccupied space you can see. Once you use this trait, you can't do so again until you finish a short or long rest.<br><br>When you reach 3rd level, your Fey Step gains an additional effect based on your season; if the effect requires a saving throw, the DC equals 8 + your proficiency bonus + your Charisma modifier:<br><br>• {'type': 'item', 'name': 'Autumn', 'entry': 'Immediately after you use your Fey Step, up to two creatures of your choice that you can see within 10 feet of you must succeed on a Wisdom saving throw or be charmed by you for 1 minute, or until you or your companions deal any damage to it.'}<br><br>• {'type': 'item', 'name': 'Winter', 'entry': 'When you use your Fey Step, one creature of your choice that you can see within 5 feet of you before you teleport must succeed on a Wisdom saving throw or be frightened of you until the end of your next turn.'}<br><br>• {'type': 'item', 'name': 'Spring', 'entry': 'When you use your Fey Step, you can touch one willing creature within 5 feet of you. That creature then teleports instead of you, appearing in an unoccupied space of your choice that you can see within 30 feet of you.'}<br><br>• {'type': 'item', 'name': 'Summer', 'entry': 'Immediately after you use your Fey Step, each creature of your choice that you can see within 5 feet of you takes fire damage equal to your Charisma modifier (minimum of 1 damage).'}"
Elf (Fury),ObojimaTallGrass,128,Choose any +2; choose any other +1,Medium,30 feet,"Ability Score Increase. One ability score of your choice increases by 2, and another ability score of your choice increases by 1.<br><br>Age. Elves reach adulthood in their late teens and live less than a century.<br><br>Size. Elves vary in height, which ranges from 5 feet to well over 6 feet tall. Regardless of your position in that range, your size is Medium.<br><br>Speed. Your base walking speed is 30 feet.<br><br>Languages. You can speak, read, and write Common.<br><br>Darkvision. Thanks to your supernatural gifts, you have superior vision in dark and dim conditions. You can see in dim light within 60 feet of you as if it were bright light, and in darkness as if it were dim light. You can't discern color in darkness, only shades of gray.<br><br>Ethereal Sight. Your ocular prowess doesn't stop at darkvision. Additionally, you can use an action to shift your sight into the ethereal, allowing you to see creatures on the Spirit Realm, which appear as glowing outlines of themselves. This effect lasts for 1 hour. You can use this trait a number of times equal to your proficiency bonus, and you regain all expended uses of it when you finish a long rest.<br><br>Languages. You can speak, read, and write Common and one other language that you and your DM agree is appropriate for your character.<br><br>Oaka Birthmark (Fury). You know the Sacred Flame cantrip. When you reach 3rd level, you can cast Shatter once with this trait, requiring no material components, and you regain the ability to do so when you finish a long rest. Charisma is your spellcasting ability for these spells."
Elf (Harmony),ObojimaTallGrass,128,Choose any +2; choose any other +1,Medium,30 feet,"Ability Score Increase. One ability score of your choice increases by 2, and another ability score of your choice increases by 1.<br><br>Age. Elves reach adulthood in their late teens and live less than a century.<br><br>Size. Elves vary in height, which ranges from 5 feet to well over 6 feet tall. Regardless of your position in that range, your size is Medium.<br><br>Speed. Your base walking speed is 30 feet.<br><br>Languages. You can speak, read, and write Common.<br><br>Darkvision. Thanks to your supernatural gifts, you have superior vision in dark and dim conditions. You can see in dim light within 60 feet of you as if it were bright light, and in darkness as if it were dim light. You can't discern color in darkness, only shades of gray.<br><br>Ethereal Sight. Your ocular prowess doesn't stop at darkvision. Additionally, you can use an action to shift your sight into the ethereal, allowing you to see creatures on the Spirit Realm, which appear as glowing outlines of themselves. This effect lasts for 1 hour. You can use this trait a number of times equal to your proficiency bonus, and you regain all expended uses of it when you finish a long rest.<br><br>Languages. You can speak, read, and write Common and one other language that you and your DM agree is appropriate for your character.<br><br>Oaka Birthmark (Harmony). You know the Guidance cantrip. When you reach 3rd level, you can cast Calm Emotions once with this trait, and you regain the ability to do so when you finish a long rest. Charisma is your spellcasting ability for these spells."
Elf (High),PHB,23,Dexterity +2; Intelligence +1,Medium,30 feet,"<strong>Age</strong><br><br>Although elves reach physical maturity at about the same age as humans, the elven understanding of adulthood goes beyond physical growth to encompass worldly experience. An elf typically claims adulthood and an adult name around the age of 100 and can live to be 750 years old.<br><br><strong>Size</strong><br><br>Elves range from under 5 to over 6 feet tall and have slender builds. Your size is Medium.<br><br><strong>Darkvision</strong><br><br>Accustomed to twilit forests and the night sky, you have superior vision in dark and dim conditions. You can see in dim light within 60 feet of you as if it were bright light, and in darkness as if it were dim light. You can't discern color in darkness, only shades of gray.<br><br><strong>Keen Senses</strong><br><br>You have proficiency in the Perception skill.<br><br><strong>Fey Ancestry</strong><br><br>You have advantage on saving throws against being charmed, and magic can't put you to sleep.<br><br><strong>Trance</strong><br><br>Elves don't need to sleep. Instead, they meditate deeply, remaining semiconscious, for 4 hours a day. (The Common word for such meditation is ""trance."") While meditating, you can dream after a fashion; such dreams are actually mental exercises that have become reflexive through years of practice. After resting in this way, you gain the same benefit that a human does from 8 hours of sleep.<br><br>If you meditate during a long rest, you finish the rest after only 4 hours. You otherwise obey all the rules for a long rest; only the duration is changed.<br><br><strong>Languages</strong><br><br>You can speak, read, and write Common and Elvish. Elvish is fluid, with subtle intonations and intricate grammar. Elven literature is rich and varied, and their songs and poems are famous among other races. Many bards learn their language so they can add Elvish ballads to their repertoires.<br><br><strong>Elf Weapon Training</strong><br><br>You have proficiency with the longsword|phb, shortsword|phb, shortbow|phb, and longbow|phb.<br><br><strong>Cantrip</strong><br><br>You know one cantrip of your choice from the wizard spell list. Intelligence is your spellcasting ability for it.<br><br><strong>Extra Language</strong><br><br>You can speak, read, and write one extra language of your choosing."
Elf (Lindon),TLotRR,35,Wisdom +2; Dexterity +1; Intelligence +1,Medium,30 feet,"Adventuring Age. Between 100–500 years of age. Elves may leave their homes at any time after they reach adulthood (at about a century of age). Adventurers older than 300 years are rare, as in time all Elves find the sea-longing that lies deep within their hearts to become irresistible.<br><br>Size. Elves have slender builds and are taller than most Men, standing well over 6 feet tall. Your size is Medium.<br><br>Elvish Dreams. Elves don't need to sleep. Instead, they meditate deeply, remaining semiconscious, for 4 hours a day. While meditating, you can dream after a fashion; such dreams are actually mental exercises that have become reflexive through years of practice. After resting in this way, you gain the same benefit as from 8 hours of sleep.<br><br>Elven-Skill. By virtue of their birthright, Elves are capable of reaching levels of finesse unattainable by mortals. If you are not miserable and make an ability check that lets you add your proficiency bonus, you can obtain a magical success. You can do so a number of times equal to your proficiency bonus, and you regain all expended uses when you finish a long rest.<br><br>Immortal Folk. You are immune to ageing and disease.<br><br>Keen Eyes of the Elves. You have proficiency in the Perception skill, and dim light doesn't impose disadvantage on your Wisdom (Perception) checks relying on sight.<br><br>Languages. You can speak, read, and write Westron and Sindarin, the Grey-elven tongue.<br><br>Backgrounds. Players choosing a background receive a brief personal history, two skill proficiencies, a tool proficiency and two distinctive features:The Call of the SeaMaker of ShipsA Merchant FamilySky-WatcherTower GuardVisitor to the Mountains<br><br>Elven-Lore. You have proficiency in one of the following skills of your choice: Nature, Old Lore, or Performance.<br><br>Shipwrights and Singers. You have proficiency with the tools of your choice: carpenter's tools, water vehicles, or a musical instrument of your choice.<br><br>Standard of Living: Frugal. The Fair Folk of Eriador live in harmony with Middle-earth and have little or no use for those things that others consider precious. They lack nothing, and craft beautiful things using the richest materials, but they don't profit from their wealth the way other folks do. Starting Gear"
Elf (Lunar),BookOfEbonTides,21,Dexterity +2; Wisdom +1,Medium,30 feet,"Age. Although elves reach physical maturity at about the same age as humans, the elven understanding of adulthood goes beyond physical growth to encompass worldly experience. An elf typically claims adulthood and an adult name around the age of 100 and can live to be 750 years old.<br><br>Size. Elves range from under 5 to over 6 feet tall and have slender builds. Your size is Medium.<br><br>Darkvision. Accustomed to twilit forests and the night sky, you have superior vision in dark and dim conditions. You can see in dim light within 60 feet of you as if it were bright light, and in darkness as if it were dim light. You can't discern color in darkness, only shades of gray.<br><br>Keen Senses. You have proficiency in the Perception skill.<br><br>Fey Ancestry. You have advantage on saving throws against being charmed, and magic can't put you to sleep.<br><br>Trance. Elves don't need to sleep. Instead, they meditate deeply, remaining semiconscious, for 4 hours a day. (The Common word for such meditation is ""trance."") While meditating, you can dream after a fashion; such dreams are actually mental exercises that have become reflexive through years of practice. After resting in this way, you gain the same benefit that a human does from 8 hours of sleep.If you meditate during a long rest, you finish the rest after only 4 hours. You otherwise obey all the rules for a long rest; only the duration is changed.<br><br>Languages. You can speak, read, and write Common and Elvish. Elvish is fluid, with subtle intonations and intricate grammar. Elven literature is rich and varied, and their songs and poems are famous among other races. Many bards learn their language so they can add Elvish ballads to their repertoires.<br><br>Alignment. Although they have a malevolent reputation, the shadow fey are not inherently evil. They tend toward chaotic neutral, though every variation exists.<br><br>Luminous. You emit bright light in a 15-foot radius and dim light for an additional 15 feet. You can choose to suppress this effect to only dim light in a 15-foot radius, to suppress it completely, or to activate it at any time without expending an action. (This effect has a level equal to your proficiency bonus, and if any of its area overlaps with an area of darkness created by a spell of the same level or lower, the spell that created the darkness is dispelled.)<br><br>Moon Child. When in darkness, dim light, or a shadow large enough to cover your body, you can cast the moonbeam spell. You can use this ability a number of times per day equal to your Wisdom modifier (minimum 1), and you regain all expended uses when you finish a long rest. Wisdom is your spellcasting ability for this spell.<br><br>Shadow Fey Weapon Training. You have proficiency with the rapier, shortsword, shortbow, and longbow.<br><br>Sunlight Sensitivity. You have disadvantage on attack rolls and on Wisdom (Perception) checks that rely on sight when you, the target of your attack, or whatever you are trying to perceive is in sunlight.<br><br>Language. You can speak, read, and write Elvish and Umbral."
Elf (Mark of Shadow),ERLW,49,Dexterity +2; Charisma +1,Medium,30 feet,"<strong>Age</strong><br><br>Although elves reach physical maturity at about the same age as humans, the elven understanding of adulthood goes beyond physical growth to encompass worldly experience. An elf typically claims adulthood and an adult name around the age of 100 and can live to be 750 years old.<br><br><strong>Size</strong><br><br>Elves range from under 5 to over 6 feet tall and have slender builds. Your size is Medium.<br><br><strong>Darkvision</strong><br><br>Accustomed to twilit forests and the night sky, you have superior vision in dark and dim conditions. You can see in dim light within 60 feet of you as if it were bright light, and in darkness as if it were dim light. You can't discern color in darkness, only shades of gray.<br><br><strong>Keen Senses</strong><br><br>You have proficiency in the Perception skill.<br><br><strong>Fey Ancestry</strong><br><br>You have advantage on saving throws against being charmed, and magic can't put you to sleep.<br><br><strong>Trance</strong><br><br>Elves don't need to sleep. Instead, they meditate deeply, remaining semiconscious, for 4 hours a day. (The Common word for such meditation is ""trance."") While meditating, you can dream after a fashion; such dreams are actually mental exercises that have become reflexive through years of practice. After resting in this way, you gain the same benefit that a human does from 8 hours of sleep.<br><br>If you meditate during a long rest, you finish the rest after only 4 hours. You otherwise obey all the rules for a long rest; only the duration is changed.<br><br><strong>Languages</strong><br><br>You can speak, read, and write Common and Elvish. Elvish is fluid, with subtle intonations and intricate grammar. Elven literature is rich and varied, and their songs and poems are famous among other races. Many bards learn their language so they can add Elvish ballads to their repertoires.<br><br><strong>Cunning Intuition</strong><br><br>When you make a Charisma (Performance) or Dexterity (Stealth) check, you can roll a d4 and add the number rolled to the ability check.<br><br><strong>Shape Shadows</strong><br><br>You know the minor illusion cantrip. Starting at 3rd level, you can cast the invisibility spell once with this trait, and you regain the ability to cast it when you finish a long rest. Charisma is your spellcasting ability for these spells.<br><br><strong>Spells of the Mark</strong><br><br>If you have the Spellcasting or the Pact Magic class feature, the spells on the Mark of Shadow Spells table are added to the spell list of your spellcasting class.<br><br><table border=""1"" cellpadding=""5"" cellspacing=""0""><caption>Mark of Shadow Spells</caption><tr><th>Spell Level</th><th>Spells</th></tr><tr><td>1st</td><td>disguise self, silent image</td></tr><tr><td>2nd</td><td>darkness, pass without trace</td></tr><tr><td>3rd</td><td>clairvoyance, major image</td></tr><tr><td>4th</td><td>greater invisibility, hallucinatory terrain</td></tr><tr><td>5th</td><td>mislead</td></tr></table>"
Elf (Nature),ObojimaTallGrass,128,Choose any +2; choose any other +1,Medium,30 feet,"Ability Score Increase. One ability score of your choice increases by 2, and another ability score of your choice increases by 1.<br><br>Age. Elves reach adulthood in their late teens and live less than a century.<br><br>Size. Elves vary in height, which ranges from 5 feet to well over 6 feet tall. Regardless of your position in that range, your size is Medium.<br><br>Speed. Your base walking speed is 30 feet.<br><br>Languages. You can speak, read, and write Common.<br><br>Darkvision. Thanks to your supernatural gifts, you have superior vision in dark and dim conditions. You can see in dim light within 60 feet of you as if it were bright light, and in darkness as if it were dim light. You can't discern color in darkness, only shades of gray.<br><br>Ethereal Sight. Your ocular prowess doesn't stop at darkvision. Additionally, you can use an action to shift your sight into the ethereal, allowing you to see creatures on the Spirit Realm, which appear as glowing outlines of themselves. This effect lasts for 1 hour. You can use this trait a number of times equal to your proficiency bonus, and you regain all expended uses of it when you finish a long rest.<br><br>Languages. You can speak, read, and write Common and one other language that you and your DM agree is appropriate for your character.<br><br>Oaka Birthmark (Nature). You know the Dancing Lights cantrip and can cast it without requiring material components. When you reach 3rd level, you can cast Animal Messenger once with this trait, requiring no material components, and you regain the ability to do so when you finish a long rest. Charisma is your spellcasting ability for these spells."
Elf (Purity),ObojimaTallGrass,128,Choose any +2; choose any other +1,Medium,30 feet,"Ability Score Increase. One ability score of your choice increases by 2, and another ability score of your choice increases by 1.<br><br>Age. Elves reach adulthood in their late teens and live less than a century.<br><br>Size. Elves vary in height, which ranges from 5 feet to well over 6 feet tall. Regardless of your position in that range, your size is Medium.<br><br>Speed. Your base walking speed is 30 feet.<br><br>Languages. You can speak, read, and write Common.<br><br>Darkvision. Thanks to your supernatural gifts, you have superior vision in dark and dim conditions. You can see in dim light within 60 feet of you as if it were bright light, and in darkness as if it were dim light. You can't discern color in darkness, only shades of gray.<br><br>Ethereal Sight. Your ocular prowess doesn't stop at darkvision. Additionally, you can use an action to shift your sight into the ethereal, allowing you to see creatures on the Spirit Realm, which appear as glowing outlines of themselves. This effect lasts for 1 hour. You can use this trait a number of times equal to your proficiency bonus, and you regain all expended uses of it when you finish a long rest.<br><br>Languages. You can speak, read, and write Common and one other language that you and your DM agree is appropriate for your character.<br><br>Oaka Birthmark (Purity). You know the Spare the Dying cantrip. When you reach 3rd level, you can cast Lesser Restoration once with this trait, and you regain the ability to do so when you finish a long rest. Charisma is your spellcasting ability for these spells."
Elf (Sable),BookOfEbonTides,21,Intelligence +2; Dexterity −1,Medium,30 feet,"Age. Although elves reach physical maturity at about the same age as humans, the elven understanding of adulthood goes beyond physical growth to encompass worldly experience. An elf typically claims adulthood and an adult name around the age of 100 and can live to be 750 years old.<br><br>Size. Elves range from under 5 to over 6 feet tall and have slender builds. Your size is Medium.<br><br>Darkvision. Accustomed to twilit forests and the night sky, you have superior vision in dark and dim conditions. You can see in dim light within 60 feet of you as if it were bright light, and in darkness as if it were dim light. You can't discern color in darkness, only shades of gray.<br><br>Keen Senses. You have proficiency in the Perception skill.<br><br>Fey Ancestry. You have advantage on saving throws against being charmed, and magic can't put you to sleep.<br><br>Trance. Elves don't need to sleep. Instead, they meditate deeply, remaining semiconscious, for 4 hours a day. (The Common word for such meditation is ""trance."") While meditating, you can dream after a fashion; such dreams are actually mental exercises that have become reflexive through years of practice. After resting in this way, you gain the same benefit that a human does from 8 hours of sleep.If you meditate during a long rest, you finish the rest after only 4 hours. You otherwise obey all the rules for a long rest; only the duration is changed.<br><br>Languages. You can speak, read, and write Common and Elvish. Elvish is fluid, with subtle intonations and intricate grammar. Elven literature is rich and varied, and their songs and poems are famous among other races. Many bards learn their language so they can add Elvish ballads to their repertoires.<br><br>Alignment. Due to their exiled status, sable elves have lost attachment to many of the values traditionally held by elves. Centuries of solitude have pushed the remaining sable elves in different directions, and a variety of alignments are found within their ranks.<br><br>Blood Affinity. Choose a school of magic you have a natural affinity for. You learn a cantrip of your choice from that school. When you reach 3rd level, choose a 1st-level spell from the same school, and when you reach 5th level, choose a 3rd-level spell from the same school. You learn these spells and can cast them at their lowest level. Once you cast one of these spells, you must finish a long rest before you can cast the spell again using this feature. Your spellcasting ability for these spells is Intelligence.<br><br>Language. You can speak, read, and write Elvish and Umbral."
Elf (Sea),MTF,62,Dexterity +2; Constitution +1,Medium,"30 feet, swim 30 feet","<strong>Age</strong><br><br>Although elves reach physical maturity at about the same age as humans, the elven understanding of adulthood goes beyond physical growth to encompass worldly experience. An elf typically claims adulthood and an adult name around the age of 100 and can live to be 750 years old.<br><br><strong>Size</strong><br><br>Elves range from under 5 to over 6 feet tall and have slender builds. Your size is Medium.<br><br><strong>Darkvision</strong><br><br>Accustomed to twilit forests and the night sky, you have superior vision in dark and dim conditions. You can see in dim light within 60 feet of you as if it were bright light, and in darkness as if it were dim light. You can't discern color in darkness, only shades of gray.<br><br><strong>Keen Senses</strong><br><br>You have proficiency in the Perception skill.<br><br><strong>Fey Ancestry</strong><br><br>You have advantage on saving throws against being charmed, and magic can't put you to sleep.<br><br><strong>Trance</strong><br><br>Elves don't need to sleep. Instead, they meditate deeply, remaining semiconscious, for 4 hours a day. (The Common word for such meditation is ""trance."") While meditating, you can dream after a fashion; such dreams are actually mental exercises that have become reflexive through years of practice. After resting in this way, you gain the same benefit that a human does from 8 hours of sleep.<br><br>If you meditate during a long rest, you finish the rest after only 4 hours. You otherwise obey all the rules for a long rest; only the duration is changed.<br><br><strong>Languages</strong><br><br>You can speak, read, and write Common and Elvish. Elvish is fluid, with subtle intonations and intricate grammar. Elven literature is rich and varied, and their songs and poems are famous among other races. Many bards learn their language so they can add Elvish ballads to their repertoires.<br><br><strong>Sea Elf Training</strong><br><br>You have proficiency with the spear|phb, trident|phb, light crossbow|phb, and net|phb.<br><br><strong>Child of the Sea</strong><br><br>You have a swimming speed of 30 feet, and you can breathe air and water.<br><br><strong>Friend of the Sea</strong><br><br>Using gestures and sounds, you can communicate simple ideas with any beast that has an innate swimming speed.<br><br><strong>Extra Language</strong><br><br>You can speak, read, and write Aquan."
Elf (Selflessness),ObojimaTallGrass,128,Choose any +2; choose any other +1,Medium,30 feet,"Ability Score Increase. One ability score of your choice increases by 2, and another ability score of your choice increases by 1.<br><br>Age. Elves reach adulthood in their late teens and live less than a century.<br><br>Size. Elves vary in height, which ranges from 5 feet to well over 6 feet tall. Regardless of your position in that range, your size is Medium.<br><br>Speed. Your base walking speed is 30 feet.<br><br>Languages. You can speak, read, and write Common.<br><br>Darkvision. Thanks to your supernatural gifts, you have superior vision in dark and dim conditions. You can see in dim light within 60 feet of you as if it were bright light, and in darkness as if it were dim light. You can't discern color in darkness, only shades of gray.<br><br>Ethereal Sight. Your ocular prowess doesn't stop at darkvision. Additionally, you can use an action to shift your sight into the ethereal, allowing you to see creatures on the Spirit Realm, which appear as glowing outlines of themselves. This effect lasts for 1 hour. You can use this trait a number of times equal to your proficiency bonus, and you regain all expended uses of it when you finish a long rest.<br><br>Languages. You can speak, read, and write Common and one other language that you and your DM agree is appropriate for your character.<br><br>Oaka Birthmark (Selflessness). You know the Resilient Friendship cantrip. When you reach 3rd level, you can cast Gift once with this trait, and you regain the ability to do so when you finish a long rest. Charisma is your spellcasting ability for these spells."
Elf (Shadar-kai),MTF,62,Dexterity +2; Constitution +1,Medium,30 feet,"<strong>Age</strong><br><br>Although elves reach physical maturity at about the same age as humans, the elven understanding of adulthood goes beyond physical growth to encompass worldly experience. An elf typically claims adulthood and an adult name around the age of 100 and can live to be 750 years old.<br><br><strong>Size</strong><br><br>Elves range from under 5 to over 6 feet tall and have slender builds. Your size is Medium.<br><br><strong>Darkvision</strong><br><br>Accustomed to twilit forests and the night sky, you have superior vision in dark and dim conditions. You can see in dim light within 60 feet of you as if it were bright light, and in darkness as if it were dim light. You can't discern color in darkness, only shades of gray.<br><br><strong>Keen Senses</strong><br><br>You have proficiency in the Perception skill.<br><br><strong>Fey Ancestry</strong><br><br>You have advantage on saving throws against being charmed, and magic can't put you to sleep.<br><br><strong>Trance</strong><br><br>Elves don't need to sleep. Instead, they meditate deeply, remaining semiconscious, for 4 hours a day. (The Common word for such meditation is ""trance."") While meditating, you can dream after a fashion; such dreams are actually mental exercises that have become reflexive through years of practice. After resting in this way, you gain the same benefit that a human does from 8 hours of sleep.<br><br>If you meditate during a long rest, you finish the rest after only 4 hours. You otherwise obey all the rules for a long rest; only the duration is changed.<br><br><strong>Languages</strong><br><br>You can speak, read, and write Common and Elvish. Elvish is fluid, with subtle intonations and intricate grammar. Elven literature is rich and varied, and their songs and poems are famous among other races. Many bards learn their language so they can add Elvish ballads to their repertoires.<br><br><strong>Necrotic Resistance</strong><br><br>You have resistance to necrotic damage.<br><br><strong>Blessing of the Raven Queen</strong><br><br>As a bonus action, you can magically teleport up to 30 feet to an unoccupied space you can see. Once you use this trait, you can't do so again until you finish a long rest.<br><br>Starting at 3rd level, you also gain resistance to all damage when you teleport using this trait. The resistance lasts until the start of your next turn. During that time, you appear ghostly and translucent."
Elf (Shadow Fey),BookOfEbonTides,21,Dexterity +2; Charisma +1,Medium,30 feet,"Age. Although elves reach physical maturity at about the same age as humans, the elven understanding of adulthood goes beyond physical growth to encompass worldly experience. An elf typically claims adulthood and an adult name around the age of 100 and can live to be 750 years old.<br><br>Size. Elves range from under 5 to over 6 feet tall and have slender builds. Your size is Medium.<br><br>Darkvision. Accustomed to twilit forests and the night sky, you have superior vision in dark and dim conditions. You can see in dim light within 60 feet of you as if it were bright light, and in darkness as if it were dim light. You can't discern color in darkness, only shades of gray.<br><br>Keen Senses. You have proficiency in the Perception skill.<br><br>Fey Ancestry. You have advantage on saving throws against being charmed, and magic can't put you to sleep.<br><br>Trance. Elves don't need to sleep. Instead, they meditate deeply, remaining semiconscious, for 4 hours a day. (The Common word for such meditation is ""trance."") While meditating, you can dream after a fashion; such dreams are actually mental exercises that have become reflexive through years of practice. After resting in this way, you gain the same benefit that a human does from 8 hours of sleep.If you meditate during a long rest, you finish the rest after only 4 hours. You otherwise obey all the rules for a long rest; only the duration is changed.<br><br>Languages. You can speak, read, and write Common and Elvish. Elvish is fluid, with subtle intonations and intricate grammar. Elven literature is rich and varied, and their songs and poems are famous among other races. Many bards learn their language so they can add Elvish ballads to their repertoires.<br><br>Alignment. Although they have a malevolent reputation, the shadow fey are not inherently evil. They tend toward chaotic neutral, though every variation exists.<br><br>Shadow Fey Weapon Training. You have proficiency with the rapier, shortsword, shortbow, and longbow.<br><br>Path of Shadows. When in darkness, dim light, or a shadow large enough to cover your body, you can cast the misty step spell. You can use this ability a number of times per day equal to your Charisma modifier (minimum 1), and you regain all expended uses when you finish a long rest. Charisma is your spellcasting ability for this spell.<br><br>Sunlight Sensitivity. You have disadvantage on attack rolls and on Wisdom (Perception) checks that rely on sight when you, the target of your attack, or whatever you are trying to perceive is in bright sunlight.<br><br>Traveler in Darkness. You have advantage on any Intelligence (Arcana) check to learn about a particular shadow road and how it functions.<br><br>Language. You can speak, read, and write Elvish and Umbral."
Elf (Wood),PHB,24,Dexterity +2; Wisdom +1,Medium,35 feet,"<strong>Age</strong><br><br>Although elves reach physical maturity at about the same age as humans, the elven understanding of adulthood goes beyond physical growth to encompass worldly experience. An elf typically claims adulthood and an adult name around the age of 100 and can live to be 750 years old.<br><br><strong>Size</strong><br><br>Elves range from under 5 to over 6 feet tall and have slender builds. Your size is Medium.<br><br><strong>Darkvision</strong><br><br>Accustomed to twilit forests and the night sky, you have superior vision in dark and dim conditions. You can see in dim light within 60 feet of you as if it were bright light, and in darkness as if it were dim light. You can't discern color in darkness, only shades of gray.<br><br><strong>Keen Senses</strong><br><br>You have proficiency in the Perception skill.<br><br><strong>Fey Ancestry</strong><br><br>You have advantage on saving throws against being charmed, and magic can't put you to sleep.<br><br><strong>Trance</strong><br><br>Elves don't need to sleep. Instead, they meditate deeply, remaining semiconscious, for 4 hours a day. (The Common word for such meditation is ""trance."") While meditating, you can dream after a fashion; such dreams are actually mental exercises that have become reflexive through years of practice. After resting in this way, you gain the same benefit that a human does from 8 hours of sleep.<br><br>If you meditate during a long rest, you finish the rest after only 4 hours. You otherwise obey all the rules for a long rest; only the duration is changed.<br><br><strong>Languages</strong><br><br>You can speak, read, and write Common and Elvish. Elvish is fluid, with subtle intonations and intricate grammar. Elven literature is rich and varied, and their songs and poems are famous among other races. Many bards learn their language so they can add Elvish ballads to their repertoires.<br><br><strong>Elf Weapon Training</strong><br><br>You have proficiency with the longsword|phb, shortsword|phb, shortbow|phb, and longbow|phb.<br><br><strong>Fleet of Foot</strong><br><br>Your base walking speed increases to 35 feet.<br><br><strong>Mask of the Wild</strong><br><br>You can attempt to hide even when you are only lightly obscured by foliage, heavy rain, falling snow, mist, and other natural phenomena."
Erina,BookOfEbonTides,,Dexterity +2; Choose Wisdom or Charisma +1,Small,25 feet,"Age. Erina reach maturity around 15 years and can live up to 60 years, though some erina burrow elders have memories of events which suggest erina can live much longer.<br><br>Alignment. Erina are good-hearted and extremely social creatures who have a difficult time adapting to the laws of other species.<br><br>Darkvision. Accustomed to life in the dark burrows of your people, you have superior vision in dark and dim conditions. You can see in dim light within 60 feet of you as if it were bright light, and in darkness as if it were dim light. You can't discern color in darkness, only shades of gray.<br><br>Hardy. The erina diet of snakes and venomous insects has made them hardy. You have advantage on saving throws against poison, and you have resistance against poison damage.<br><br>Spines. Erina grow needle-sharp spines in small clusters atop their heads and along their backs. While you are grappling a creature or while a creature is grappling you, the creature takes 1d4 piercing damage at the start of your turn.<br><br>Keen Senses. You have proficiency in the Perception skill.<br><br>Digger. You have a burrowing speed of 20 feet, but you can use it to move through only earth and sand, not mud, ice, or rock.<br><br>Languages. You can speak Erina and either Common or Sylvan."
Erina (Spiritfarer),BookOfEbonTides,,Dexterity +2; Wisdom +2; Choose Dexterity or Charisma +1,Small,25 feet,"Age. Erina reach maturity around 15 years and can live up to 60 years, though some erina burrow elders have memories of events which suggest erina can live much longer.<br><br>Alignment. Erina are good-hearted and extremely social creatures who have a difficult time adapting to the laws of other species.<br><br>Darkvision. Accustomed to life in the dark burrows of your people, you have superior vision in dark and dim conditions. You can see in dim light within 60 feet of you as if it were bright light, and in darkness as if it were dim light. You can't discern color in darkness, only shades of gray.<br><br>Hardy. The erina diet of snakes and venomous insects has made them hardy. You have advantage on saving throws against poison, and you have resistance against poison damage.<br><br>Quills. Your spines are longer and more potent than other erinas. Whenever you make a successful melee attack against a target within 5 feet of you, that target takes an additional 3 (1d6) piercing damage.<br><br>Sharp Instincts. You can't be surprised, except when incapacitated by something other than nonmagical sleep<br><br>Digger. You have a burrowing speed of 20 feet, but you can use it to move through only earth and sand, not mud, ice, or rock.<br><br>Languages. You can speak Erina and Umbral and either Common, Elvish, or Sylvan.<br><br>Spirit Tongue. You have an innate knack for speaking to the spirit world. You know the message cantrip. When you reach 3rd level, you can cast the charm person spell with this trait (targeting only undead creatures), and starting at 5th level, you can cast the enthrall spell with it. Once you cast a non‑cantrip spell with this trait, you can't do so again until you finish a long rest. Wisdom is your spellcasting ability for these spells."
Etherean,GriffonsSaddlebag2,204,Charisma +2; Choose any other +1,Medium,30 feet,"Ability Score Increase. Your Charisma score increases by 2, and one other ability score of your choice increases by 1.<br><br>Age. Ethereans mature at the same rate as humans but live a few years longer.<br><br>Alignment. Because of the strict code of conduct that's necessary when living in etherean society, most ethereans are lawful out of a sense of honor or decency. However, many ethereans enjoy setting silly pranks, provided that they aren't mean-spirited, in order to fulfill some of their more chaotic leanings. They have no particular inclination toward evil or good, although many that survive in the more untamed corners of the Ethereal Plane will end up evil out of necessity.<br><br>Size. Ethereans are about the same size as humans and have willowy builds. Your size is Medium.<br><br>Speed. Your base walking speed is 30 feet. While on the Ethereal Plane, it increases to 35 feet.<br><br>Darkvision. Accustomed to the chaotic and often unavoidable lighting of the Border Ethereal, you have superior vision in dark and dim conditions. You can see in dim light within 60 feet of you as if it were bright light, and in darkness as if it were dim light. You can't discern color in darkness, only shades of gray.<br><br>Misty Sight. Your eyes are naturally attuned to the Border Ethereal, allowing you to always see out to your normal range while on the Ethereal Plane.You can also use a bonus action to focus on seeing the unseen. For 1 minute, or until your concentration ends (as if concentrating on a spell), you can see invisible creatures and objects as if they were visible, and you can see into the Ethereal Plane. Once you use this trait, you can't use it again until you finish a short or long rest.<br><br>Veil Shift. You can use an action while on the Material Plane to slip into the Ethereal Plane, and vice versa, until the start of your next turn. Any object you take while on this other plane of existence is left there when you return to your original one. While on the Ethereal Plane in this way, you can only affect and be affected by other creatures on that plane, and you still move as if you were on the Material Plane. Creatures that aren't on the Ethereal Plane can't perceive you or interact with you while you're there, unless a special ability or magic has given them the ability to do so, although you can still see and hear them. Once you use this trait, you can't use it again until you finish a long rest.<br><br>Languages. You can speak, read, and write Common and one other language of your choice. Ethereans tend to learn the languages of neighboring creatures from the Material Plane."
Fairy,MPMM,14,Choose one of: (a) Choose any +2; choose any other +1 (b) Choose three different +1,Small,"30 feet, fly equal to your walking speed","<strong>Creature Type</strong><br><br>You are a Fey.<br><br><strong>Fairy Magic</strong><br><br>You know the druidcraft cantrip. Starting at 3rd level, you can cast the faerie fire spell with this trait. Starting at 5th level, you can also cast the enlarge/reduce spell with this trait. Once you cast faerie fire or enlarge/reduce with this trait, you can't cast that spell with it again until you finish a long rest. You can also cast either of those spells using any spell slots you have of the appropriate level.<br><br>Intelligence, Wisdom, or Charisma is your spellcasting ability for these spells when you cast them with this trait (choose when you select this race).<br><br><strong>Flight</strong><br><br>Because of your wings, you have a flying speed equal to your walking speed. You can't use this flying speed if you're wearing medium or heavy armor."
Fairy,WBtW,12,Choose one of: (a) Choose any +2; choose any other +1 (b) Choose three different +1,Small,"30 feet, fly equal to your walking speed","<strong>Creature Type</strong><br><br>You are a Fey.<br><br><strong>Flight</strong><br><br>Because of your wings, you have a flying speed equal to your walking speed. You can't use this flying speed if you're wearing medium or heavy armor.<br><br><strong>Fairy Magic</strong><br><br>You know the druidcraft cantrip.<br><br>Starting at 3rd level, you can cast the faerie fire spell with this trait. Starting at 5th level, you can also cast the enlarge/reduce spell with this trait. Once you cast faerie fire or enlarge/reduce with this trait, you can't cast that spell with it again until you finish a long rest. You can also cast either of those spells using any spell slots you have of the appropriate level.<br><br>Intelligence, Wisdom, or Charisma is your spellcasting ability for these spells when you cast them with this trait (choose when you select this race)."
Firbolg,MPMM,15,Choose one of: (a) Choose any +2; choose any other +1 (b) Choose three different +1,Medium,30 feet,"<strong>Firbolg Magic</strong><br><br>You can cast detect magic and disguise self spells with this trait. When you use this version of disguise self, you can seem up to 3 feet shorter or taller. Once you cast either of these spells with this trait, you can't cast that spell with it again until you finish a long rest. You can also cast these spells using any spell slots you have.<br><br>Intelligence, Wisdom, or Charisma is your spellcasting ability for these spells when you cast them with this trait (choose when you select this race).<br><br><strong>Hidden Step</strong><br><br>As a bonus action, you can magically turn invisible until the start of your next turn or until you attack, make a damage roll, or force someone to make a saving throw. You can use this trait a number of times equal to your proficiency bonus, and you regain all expended uses when you finish a long rest.<br><br><strong>Powerful Build</strong><br><br>You count as one size larger when determining your carrying capacity and the weight you can push, drag, or lift.<br><br><strong>Speech of Beast and Leaf</strong><br><br>You have the ability to communicate in a limited manner with Beasts, Plants, and vegetation. They can understand the meaning of your words, though you have no special ability to understand them in return. You have advantage on all Charisma checks you make to influence them."
Firbolg,VGM,107,Wisdom +2; Strength +1,Medium,30 feet,"<strong>Age</strong><br><br>As humanoids related to the fey, firbolg have long lifespans. A firbolg reaches adulthood around 30, and the oldest of them can live for 500 years.<br><br><strong>Size</strong><br><br>Firbolg are between 7 and 8 feet tall and weigh between 240 and 300 pounds. Your size is Medium.<br><br><strong>Firbolg Magic</strong><br><br>You can cast detect magic and disguise self with this trait, using Wisdom as your spellcasting ability for them. Once you cast either spell, you can't cast it again with this trait until you finish a short or long rest. When you use this version of disguise self, you can seem up to 3 feet shorter than normal, allowing you to more easily blend in with humans and elves.<br><br><strong>Hidden Step</strong><br><br>As a bonus action, you can magically turn invisible until the start of your next turn or until you attack, make a damage roll, or force someone to make a saving throw. Once you use this trait, you can't use it again until you finish a short or long rest.<br><br><strong>Powerful Build</strong><br><br>You count as one size larger when determining your carrying capacity and the weight you can push, drag, or lift.<br><br><strong>Speech of Beast and Leaf</strong><br><br>You have the ability to communicate in a limited manner with beasts and plants. They can understand the meaning of your words, though you have no special ability to understand them in return. You have advantage on all Charisma checks you make to influence them.<br><br><strong>Languages</strong><br><br>You can speak, read, and write Common, Elvish, and Giant."
Gallus,HumblewoodCampaignSetting,14,Wisdom +2,Medium,30 feet,"Age. While ages fluctuate, gallus reach maturity around 18 and can live anywhere between 70 and 100 years.<br><br>Alignment. Most gallus are lawful good. They are a salt-of-the-earth sort of folk who believe in justice, the value of hard work, and the importance of respecting others.<br><br>Size. Gallus are the most varied of the birdfolk races, ranging from just under 4 feet to just over 5 feet tall, and showing many unique builds. The variety of shapes and sizes means they also encompass a variety of weights, but most average around 90 pounds. Your size is Medium.<br><br>Speed. Your base walking speed is 30 feet.<br><br>Glide. Using your feathered arms, you can slow your fall, and glide short distances. When falling you can use your reaction to spread your arms, stiffen your wing feathers, and slow your descent. While doing so, you continue to fall gently at a speed of 60 feet per round, taking no fall damage when you land. If you would fall at least 10 feet in this way, you may fly up to your movement speed in one direction you choose, although you cannot choose to move upwards, landing in the space you finish your movement. You cannot glide while carrying heavy weapons or wielding a shield (though you may drop any held items as part of your reaction to spread your arms). You cannot glide while wearing heavy armor, or if you are encumbered.<br><br>Wing Flap. As a bonus action, you can use your powerful feathered arms to propel yourself upward a distance equal to half your movement speed. You can use it in conjunction with a regular jump, but not while gliding.<br><br>Communal. Whenever you make an Intelligence (History) check related to the history of your race, culture, or community, you are considered proficient in the History skill and add double your proficiency bonus to the check, instead of your normal proficiency bonus.<br><br>Militia Training. You have proficiency in simple weapons.<br><br>Of the People. You gain proficiency with the artisan tools of your choice: brewer's supplies, carpenter's tools, or smith's tools.<br><br>Languages. You can speak, read, and write Birdfolk. You can also understand Auran, though you cannot speak it naturally."
Gallus (Bright),HumblewoodCampaignSetting,14,Wisdom +2; Charisma +1,Medium,30 feet,"Age. While ages fluctuate, gallus reach maturity around 18 and can live anywhere between 70 and 100 years.<br><br>Alignment. Most gallus are lawful good. They are a salt-of-the-earth sort of folk who believe in justice, the value of hard work, and the importance of respecting others.<br><br>Size. Gallus are the most varied of the birdfolk races, ranging from just under 4 feet to just over 5 feet tall, and showing many unique builds. The variety of shapes and sizes means they also encompass a variety of weights, but most average around 90 pounds. Your size is Medium.<br><br>Speed. Your base walking speed is 30 feet.<br><br>Glide. Using your feathered arms, you can slow your fall, and glide short distances. When falling you can use your reaction to spread your arms, stiffen your wing feathers, and slow your descent. While doing so, you continue to fall gently at a speed of 60 feet per round, taking no fall damage when you land. If you would fall at least 10 feet in this way, you may fly up to your movement speed in one direction you choose, although you cannot choose to move upwards, landing in the space you finish your movement. You cannot glide while carrying heavy weapons or wielding a shield (though you may drop any held items as part of your reaction to spread your arms). You cannot glide while wearing heavy armor, or if you are encumbered.<br><br>Wing Flap. As a bonus action, you can use your powerful feathered arms to propel yourself upward a distance equal to half your movement speed. You can use it in conjunction with a regular jump, but not while gliding.<br><br>Communal. Whenever you make an Intelligence (History) check related to the history of your race, culture, or community, you are considered proficient in the History skill and add double your proficiency bonus to the check, instead of your normal proficiency bonus.<br><br>Militia Training. You have proficiency in simple weapons.<br><br>Of the People. You gain proficiency with the artisan tools of your choice: brewer's supplies, carpenter's tools, or smith's tools.<br><br>Languages. You can speak, read, and write Birdfolk. You can also understand Auran, though you cannot speak it naturally.<br><br>Inspiring. By spending an action and giving words of advice or encouragement, you can inspire an ally who is able to see and hear you. The ally can roll a d4 and add the number rolled to their next ability check, attack roll, or saving throw.<br><br>Understanding. You gain proficiency in the Insight skill."
Gallus (Huden),HumblewoodCampaignSetting,14,Wisdom +2; Dexterity +1,Medium,30 feet,"Age. While ages fluctuate, gallus reach maturity around 18 and can live anywhere between 70 and 100 years.<br><br>Alignment. Most gallus are lawful good. They are a salt-of-the-earth sort of folk who believe in justice, the value of hard work, and the importance of respecting others.<br><br>Size. Gallus are the most varied of the birdfolk races, ranging from just under 4 feet to just over 5 feet tall, and showing many unique builds. The variety of shapes and sizes means they also encompass a variety of weights, but most average around 90 pounds. Your size is Medium.<br><br>Speed. Your base walking speed is 30 feet.<br><br>Glide. Using your feathered arms, you can slow your fall, and glide short distances. When falling you can use your reaction to spread your arms, stiffen your wing feathers, and slow your descent. While doing so, you continue to fall gently at a speed of 60 feet per round, taking no fall damage when you land. If you would fall at least 10 feet in this way, you may fly up to your movement speed in one direction you choose, although you cannot choose to move upwards, landing in the space you finish your movement. You cannot glide while carrying heavy weapons or wielding a shield (though you may drop any held items as part of your reaction to spread your arms). You cannot glide while wearing heavy armor, or if you are encumbered.<br><br>Wing Flap. As a bonus action, you can use your powerful feathered arms to propel yourself upward a distance equal to half your movement speed. You can use it in conjunction with a regular jump, but not while gliding.<br><br>Communal. Whenever you make an Intelligence (History) check related to the history of your race, culture, or community, you are considered proficient in the History skill and add double your proficiency bonus to the check, instead of your normal proficiency bonus.<br><br>Militia Training. You have proficiency in simple weapons.<br><br>Of the People. You gain proficiency with the artisan tools of your choice: brewer's supplies, carpenter's tools, or smith's tools.<br><br>Languages. You can speak, read, and write Birdfolk. You can also understand Auran, though you cannot speak it naturally.<br><br>One With the Wood. You have proficiency in the Nature skill.<br><br>Seedspeech. Your connection to the Great Rhythm is such that you can speak with the greenery of the forest itself. Through speech and touch you can communicate simple ideas to living plants. You are able to interpret their responses in simple language. Plants in the Wood do not experience the world in terms of sight, but most can feel differences in temperature, describe things that have touched them, as well as hear vibrations that happened around them (including speech)."
Geleton,GriffonsSaddlebag2,206,Constitution +2; Choose any other +1,Varies,30 feet,"Ability Score Increase. Your Constitution score increases by 2, and one other ability score of your choice increases by 1—potentially something indicative of your previous life's capabilities.<br><br>Age. Geletons come to life fully matured but may resemble a younger or older creature. Their full life span is unknown, but in general they live for about a century.<br><br>Alignment. Geletons are as likely to be good as they are to be evil. Their personality is molded by the company they keep and the environment around them, especially during the formative months following their Synthesis. Many geletons end up at least partly neutral.<br><br>Size. A geleton's size depends on the skeleton inside of it. You can choose to be either Medium or Small when you select this race.<br><br>Speed. Your base walking speed is 30 feet.<br><br>Darkvision. Your eyes were magically formed from ooze through the process of your creation, granting you a degree of vision in dark and dim conditions. You can see in dim light within 30 feet of you as if it were bright light, and in darkness as if it were dim light. You can't discern color in darkness, only shades of gray.<br><br>Limited Blindsight. You still retain a small portion of sightless awareness from your ooze heritage. You have blindsight out to a range of 5 feet.<br><br>Symbiotic Fortitude. You don't need to breathe. In addition, you have resistance to acid damage and are immune to disease.<br><br>Wakeful. Geletons only need to sleep for a short time each day. Even while sleeping, you remain aware of your immediate surroundings thanks to your limited blindsight. After sleeping for 4 hours, you gain the same benefit that a human does from 8 hours of sleep.<br><br>Languages. You can speak, read, and write Common and one extra language of your choice. This extra language may be one you remember from a previous life."
Genasi,EEPC,9,Constitution +2,Medium,30 feet,"<strong>Age</strong><br><br>Genasi mature at about the same rate as humans and reach adulthood in their late teens. They live somewhat longer than humans do, up to 120 years.<br><br><strong>Alignment</strong><br><br>Independent and self-reliant, genasi tend toward a neutral alignment.<br><br><strong>Size</strong><br><br>Genasi are as varied as their mortal parents but are generally built like humans, standing anywhere from 5 feet to over 6 feet tall. Your size is Medium.<br><br><strong>Languages</strong><br><br>You can speak, read, and write Common and Primordial. Primordial is a guttural language, filled with harsh syllables and hard consonants."
Genasi,MPMM,16,Choose one of: (a) Choose any +2; choose any other +1 (b) Choose three different +1,Small or Medium,30 feet,<strong>Size</strong><br><br>You are Medium or Small. You choose the size when you select this race.<br><br><strong>Darkvision</strong><br><br>You can see in dim light within 60 feet of you as if it were bright light and in darkness as if it were dim light. You discern colors in that darkness only as shades of gray.
Genasi (Air),EEPC,9,Constitution +2; Dexterity +1,Medium,30 feet,"<strong>Age</strong><br><br>Genasi mature at about the same rate as humans and reach adulthood in their late teens. They live somewhat longer than humans do, up to 120 years.<br><br><strong>Alignment</strong><br><br>Independent and self-reliant, genasi tend toward a neutral alignment.<br><br><strong>Size</strong><br><br>Genasi are as varied as their mortal parents but are generally built like humans, standing anywhere from 5 feet to over 6 feet tall. Your size is Medium.<br><br><strong>Languages</strong><br><br>You can speak, read, and write Common and Primordial. Primordial is a guttural language, filled with harsh syllables and hard consonants.<br><br><strong>Unending Breath</strong><br><br>You can hold your breath indefinitely while you're not incapacitated.<br><br><strong>Mingle with the Wind</strong><br><br>You can cast the levitate spell once with this trait, requiring no material components, and you regain the ability to cast it this way when you finish a long rest. Constitution is your spellcasting ability for this spell."
Genasi (Air),MPMM,16,Choose one of: (a) Choose any +2; choose any other +1 (b) Choose three different +1,Small or Medium,35 feet,"<strong>Size</strong><br><br>You are Medium or Small. You choose the size when you select this race.<br><br><strong>Darkvision</strong><br><br>You can see in dim light within 60 feet of you as if it were bright light and in darkness as if it were dim light. You discern colors in that darkness only as shades of gray.<br><br><strong>Unending Breath</strong><br><br>You can hold your breath indefinitely while you're not incapacitated.<br><br><strong>Lightning Resistance</strong><br><br>You have resistance to lightning damage.<br><br><strong>Mingle with the Wind</strong><br><br>You know the shocking grasp cantrip. Starting at 3rd level, you can cast the feather fall spell with this trait, without requiring a material component. Starting 5th level, you can also cast the levitate spell with this trait, without requiring a material component. Once you cast feather fall or levitate with this trait, you can't cast that spell with it again until you finish a long rest. You can also cast either of those spells using any spell slots you have of the appropriate level.<br><br>Intelligence, Wisdom, or Charisma is your spellcasting ability for these spells when you cast them with this trait (choose when you select this race)."
Genasi (Earth),EEPC,9,Constitution +2; Strength +1,Medium,30 feet,"<strong>Age</strong><br><br>Genasi mature at about the same rate as humans and reach adulthood in their late teens. They live somewhat longer than humans do, up to 120 years.<br><br><strong>Alignment</strong><br><br>Independent and self-reliant, genasi tend toward a neutral alignment.<br><br><strong>Size</strong><br><br>Genasi are as varied as their mortal parents but are generally built like humans, standing anywhere from 5 feet to over 6 feet tall. Your size is Medium.<br><br><strong>Languages</strong><br><br>You can speak, read, and write Common and Primordial. Primordial is a guttural language, filled with harsh syllables and hard consonants.<br><br><strong>Earth Walk</strong><br><br>You can move across difficult terrain||3 made of earth or stone without expending extra movement.<br><br><strong>Merge with Stone</strong><br><br>You can cast the pass without trace spell once with this trait, requiring no material components, and you regain the ability to cast it this way when you finish a long rest. Constitution is your spellcasting ability for this spell."
Genasi (Earth),MPMM,17,Choose one of: (a) Choose any +2; choose any other +1 (b) Choose three different +1,Small or Medium,30 feet,"<strong>Size</strong><br><br>You are Medium or Small. You choose the size when you select this race.<br><br><strong>Darkvision</strong><br><br>You can see in dim light within 60 feet of you as if it were bright light and in darkness as if it were dim light. You discern colors in that darkness only as shades of gray.<br><br><strong>Earth Walk</strong><br><br>You can move across difficult terrain||3 without expending extra movement if you are using your walking speed on the ground or a floor.<br><br><strong>Merge with Stone</strong><br><br>You know the blade ward cantrip. You can cast it as normal, and you can also cast it as a bonus action a number of times equal to your proficiency bonus, regaining all expended uses when you finish a long rest.<br><br>Starting at 5th level, you can cast the pass without trace spell with this trait, without requiring a material component. Once you cast that spell with this trait, you can't do so again until you finish a long rest. You can also cast it using any spell slots you have of 2nd level or higher.<br><br>Intelligence, Wisdom, or Charisma is your spellcasting ability for these spells when you cast them with this trait (choose when you select this race)."
Genasi (Fire),EEPC,9,Constitution +2; Intelligence +1,Medium,30 feet,"<strong>Age</strong><br><br>Genasi mature at about the same rate as humans and reach adulthood in their late teens. They live somewhat longer than humans do, up to 120 years.<br><br><strong>Alignment</strong><br><br>Independent and self-reliant, genasi tend toward a neutral alignment.<br><br><strong>Size</strong><br><br>Genasi are as varied as their mortal parents but are generally built like humans, standing anywhere from 5 feet to over 6 feet tall. Your size is Medium.<br><br><strong>Languages</strong><br><br>You can speak, read, and write Common and Primordial. Primordial is a guttural language, filled with harsh syllables and hard consonants.<br><br><strong>Darkvision</strong><br><br>You can see in dim light within 60 feet of you as if it were bright light, and in darkness as if it were dim light. Your ties to the Elemental Plane of Fire make your darkvision unusual: everything you see in darkness is in a shade of red.<br><br><strong>Fire Resistance</strong><br><br>You have resistance to fire damage.<br><br><strong>Reach to the Blaze</strong><br><br>You know the produce flame cantrip. Once you reach 3rd level, you can cast the burning hands spell once with this trait as a 1st-level spell, and you regain the ability to cast it this way when you finish a long rest. Constitution is your spellcasting ability for these spells."
Genasi (Fire),MPMM,17,Choose one of: (a) Choose any +2; choose any other +1 (b) Choose three different +1,Small or Medium,30 feet,"<strong>Size</strong><br><br>You are Medium or Small. You choose the size when you select this race.<br><br><strong>Darkvision</strong><br><br>You can see in dim light within 60 feet of you as if it were bright light and in darkness as if it were dim light. You discern colors in that darkness only as shades of gray.<br><br><strong>Fire Resistance</strong><br><br>You have resistance to fire damage.<br><br><strong>Reach to the Blaze</strong><br><br>You know the produce flame cantrip. Starting at 3rd level, you can cast the burning hands spell with this trait. Starting at 5th level, you can also cast the flame blade spell with this trait, without a material component. Once you cast burning hands or flame blade with this trait, you can't cast that spell with it again until you finish a long rest. You can also cast either of those spells using any spell slots you have of the appropriate level.<br><br>Intelligence, Wisdom, or Charisma is your spellcasting ability for these spells when you cast them with this trait (choose when you select this race)."
Genasi (Water),EEPC,10,Constitution +2; Wisdom +1,Medium,"30 feet, swim 30 feet","<strong>Age</strong><br><br>Genasi mature at about the same rate as humans and reach adulthood in their late teens. They live somewhat longer than humans do, up to 120 years.<br><br><strong>Alignment</strong><br><br>Independent and self-reliant, genasi tend toward a neutral alignment.<br><br><strong>Size</strong><br><br>Genasi are as varied as their mortal parents but are generally built like humans, standing anywhere from 5 feet to over 6 feet tall. Your size is Medium.<br><br><strong>Languages</strong><br><br>You can speak, read, and write Common and Primordial. Primordial is a guttural language, filled with harsh syllables and hard consonants.<br><br><strong>Acid Resistance</strong><br><br>You have resistance to acid damage.<br><br><strong>Amphibious</strong><br><br>You can breathe air and water.<br><br><strong>Swim</strong><br><br>You have a swimming speed of 30 feet.<br><br><strong>Call to the Wave</strong><br><br>You know the shape water|xge cantrip. When you reach 3rd level, you can cast the create or destroy water spell as a 2nd-level spell once with this trait, and you regain the ability to cast it this way when you finish a long rest. Constitution is your spellcasting ability for these spells."
Genasi (Water),MPMM,17,Choose one of: (a) Choose any +2; choose any other +1 (b) Choose three different +1,Small or Medium,"30 feet, swim equal to your walking speed","<strong>Size</strong><br><br>You are Medium or Small. You choose the size when you select this race.<br><br><strong>Darkvision</strong><br><br>You can see in dim light within 60 feet of you as if it were bright light and in darkness as if it were dim light. You discern colors in that darkness only as shades of gray.<br><br><strong>Speed</strong><br><br>Your walking speed is 30 feet, and you have a swimming speed equal to your walking speed.<br><br><strong>Acid Resistance</strong><br><br>You have resistance to acid damage.<br><br><strong>Amphibious</strong><br><br>You breathe air and water.<br><br><strong>Call to the Wave</strong><br><br>You know the acid splash cantrip. Starting at 3rd level, you can cast the create or destroy water spell with this trait. Starting at 5th level, you can also cast the water walk spell with this trait, without requiring a material component. Once you cast create or destroy water or water walk with this trait, you can't cast that spell with it again until you finish a long rest. You can also cast either of those spells using any spell slots you have of the appropriate level.<br><br>Intelligence, Wisdom, or Charisma is your spellcasting ability for these spells when you cast them with this trait (choose when you select this race)."
Giff,AAG,12,Choose one of: (a) Choose any +2; choose any other +1 (b) Choose three different +1,Medium,"30 feet, swim equal to your walking speed","<strong>Astral Spark</strong><br><br>Your psychic connection to the Astral Plane enables you to mystically access a spark of divine power, which you can channel through your weapons. When you hit a target with a simple or martial weapon, you can cause the target to take extra force damage equal to your proficiency bonus.<br><br>You can use this trait a number of times equal to your proficiency bonus, but you can use it no more than once per turn. You regain all expended uses when you finish a long rest.<br><br><strong>Firearms Mastery</strong><br><br>You have a mystical connection to firearms that traces back to the gods of the giff, who delighted in such weapons. You have proficiency with all firearms and ignore the loading property of any firearm. In addition, attacking at long range with a firearm doesn't impose disadvantage on your attack roll.<br><br><strong>Hippo Build</strong><br><br>You have advantage on Strength-based ability checks and Strength saving throws. In addition, you count as one size larger when determining your carrying capacity and the weight you can push, drag, or lift."
Gith,MTF,96,Intelligence +1,Medium,30 feet,"<strong>Age</strong><br><br>Gith reach adulthood in their late teens and live for about a century.<br><br><strong>Size</strong><br><br>Gith are taller and leaner than humans, with most a slender 6 feet in height.<br><br><strong>Languages</strong><br><br>You can speak, read, and write Common and Gith."
Gith (Githyanki),MTF,96,Strength +2; Intelligence +1,Medium,30 feet,"<strong>Age</strong><br><br>Gith reach adulthood in their late teens and live for about a century.<br><br><strong>Size</strong><br><br>Gith are taller and leaner than humans, with most a slender 6 feet in height.<br><br><strong>Languages</strong><br><br>You can speak, read, and write Common and Gith.<br><br><strong>Alignment</strong><br><br>Githyanki tend toward lawful evil. They are aggressive and arrogant, and they remain the faithful servants of their lich-queen, Vlaakith. Renegade githyanki tend toward chaos.<br><br><strong>Decadent Mastery</strong><br><br>You learn one language of your choice, and you are proficient with one skill or tool of your choice. In the timeless city of Tu'narath, githyanki have bountiful time to master odd bits of knowledge.<br><br><strong>Martial Prodigy</strong><br><br>You are proficient with light and medium armor and with shortsword|phb|shortswords, longsword|phb|longswords, and greatsword|phb|greatswords.<br><br><strong>Githyanki Psionics</strong><br><br>You know the mage hand cantrip, and the hand is invisible when you cast the cantrip with this trait.<br><br>When you reach 3rd level, you can cast jump once with this trait, and you regain the ability to do so when you finish a long rest. When you reach 5th level, you can cast the misty step spell once with this trait, and you regain the ability to do so when you finish a long rest.<br><br>Intelligence is your spellcasting ability for these spells. When you cast them with this trait, they don't require components."
Gith (Githzerai),MTF,96,Wisdom +2; Intelligence +1,Medium,30 feet,"<strong>Age</strong><br><br>Gith reach adulthood in their late teens and live for about a century.<br><br><strong>Size</strong><br><br>Gith are taller and leaner than humans, with most a slender 6 feet in height.<br><br><strong>Languages</strong><br><br>You can speak, read, and write Common and Gith.<br><br><strong>Alignment</strong><br><br>Githzerai tend toward lawful neutral. Their rigorous training in psychic abilities requires an implacable mental discipline.<br><br><strong>Mental Discipline</strong><br><br>You have advantage on saving throws against the charmed and frightened conditions. Under the tutelage of monastic masters, githzerai learn to govern their own minds.<br><br><strong>Githzerai Psionics</strong><br><br>You know the mage hand cantrip, and the hand is invisible when you cast the cantrip with this trait.<br><br>When you reach 3rd level, you can cast shield once with this trait, and you regain the ability to do so when you finish a long rest. When you reach 5th level, you can cast the detect thoughts spell once with this trait, and you regain the ability to do so when you finish a long rest.<br><br>Wisdom is your spellcasting ability for these spells. When you cast them with this trait, they don't require components."
Githyanki,MPMM,18,Choose one of: (a) Choose any +2; choose any other +1 (b) Choose three different +1,Medium,30 feet,"<strong>Astral Knowledge</strong><br><br>You can mystically access a reservoir of experiences of entities connected to the Astral Plane. Whenever you finish a long rest, you gain proficiency in one skill of your choice and with one weapon or tool of your choice, selected from the Player's Handbook, as you momentarily project your consciousness into the Astral Plane. These proficiencies last until the end of your next long rest.<br><br><strong>Githyanki Psionics</strong><br><br>You know the mage hand cantrip, and the hand is invisible when you cast the cantrip with this trait.<br><br>Starting at 3rd level, you can cast the jump spell with this trait. Starting at 5th level, you can also cast misty step with it. Once you cast jump or misty step with this trait, you can't cast that spell with it again until you finish a long rest. You can also cast either of those spells using any spell slots you have of the appropriate level.<br><br>Intelligence, Wisdom, or Charisma is your spellcasting ability for these spells when you cast them with this trait (choose when you select this race). None of these spells require spell components when you cast them with this trait.<br><br><strong>Psychic Resilience</strong><br><br>You have resistance to psychic damage."
Githzerai,MPMM,19,Choose one of: (a) Choose any +2; choose any other +1 (b) Choose three different +1,Medium,30 feet,"<strong>Githzerai Psionics</strong><br><br>You know the mage hand cantrip, and the hand is invisible when you cast the cantrip with this trait.<br><br>Starting at 3rd level, you can cast the shield spell with this trait. Starting at 5th level, you can also cast the detect thoughts spell with it. Once you cast shield or detect thoughts spell with this trait, you can't cast that spell with it again until you finish a long rest. You can also cast either of those spells using any spell slots you have of the appropriate level.<br><br>Intelligence, Wisdom, or Charisma is your spellcasting ability for these spells when you cast them with this trait (choose when you select this race). None of these spells require spell components when you cast them with this trait.<br><br><strong>Mental Discipline</strong><br><br>Your innate psychic defenses grant you advantage on saving throws you make to avoid or end the charmed and frightened conditions on yourself.<br><br><strong>Psychic Resilience</strong><br><br>You have resistance to psychic damage."
Gnome,PHB,35,Intelligence +2,Small,25 feet,"<strong>Age</strong><br><br>Gnomes mature at the same rate humans do, and most are expected to settle down into an adult life by around age 40. They can live 350 to almost 500 years.<br><br><strong>Size</strong><br><br>Gnomes are between 3 and 4 feet tall and average about 40 pounds. Your size is Small.<br><br><strong>Darkvision</strong><br><br>Accustomed to life underground, you have superior vision in dark and dim conditions. You can see in dim light within 60 feet of you as if it were bright light, and in darkness as if it were dim light. You can't discern color in darkness, only shades of gray.<br><br><strong>Gnome Cunning</strong><br><br>You have advantage on all Intelligence, Wisdom, and Charisma saving throws against magic.<br><br><strong>Languages</strong><br><br>You can speak, read, and write Common and Gnomish. The Gnomish language, which uses the Dwarvish script, is renowned for its technical treatises and its catalogs of knowledge about the natural world."
Gnome (Deep),MTF,113,Intelligence +2; Dexterity +1,Small,25 feet,"<strong>Age</strong><br><br>Gnomes mature at the same rate humans do, and most are expected to settle down into an adult life by around age 40. They can live 350 to almost 500 years.<br><br><strong>Size</strong><br><br>Gnomes are between 3 and 4 feet tall and average about 40 pounds. Your size is Small.<br><br><strong>Darkvision</strong><br><br>Accustomed to life underground, you have superior vision in dark and dim conditions. You can see in dim light within 60 feet of you as if it were bright light, and in darkness as if it were dim light. You can't discern color in darkness, only shades of gray.<br><br><strong>Gnome Cunning</strong><br><br>You have advantage on all Intelligence, Wisdom, and Charisma saving throws against magic.<br><br><strong>Languages</strong><br><br>You can speak, read, and write Common and Gnomish. The Gnomish language, which uses the Dwarvish script, is renowned for its technical treatises and its catalogs of knowledge about the natural world.<br><br><strong>Age</strong><br><br>Deep gnomes are short-lived for gnomes. They mature at the same rate humans do and are considered full-grown adults by 25. They live 200 to 250 years, although hard toil and the dangers of the Underdark often claim them before their time.<br><br><strong>Size</strong><br><br>Unlike other gnomes, svirfneblin tend to weigh 80 to 120 pounds. Your size is Small.<br><br><strong>Alignment</strong><br><br>Svirfneblin believe that survival depends on avoiding entanglements with other creatures and not making enemies, so they favor neutral alignments. They rarely wish others ill, and they are unlikely to take risks on behalf of others, except those dearest to them.<br><br><strong>Superior Darkvision</strong><br><br>Accustomed to life underground, you have superior vision in dark and dim conditions. You can see in dim light within 120 feet of you as if it were bright light, and in darkness as if it were dim light. You can't discern color in darkness, only shades of gray.<br><br><strong>Stone Camouflage</strong><br><br>You have advantage on Dexterity (Stealth) checks to hide in rocky terrain.<br><br><strong>Languages</strong><br><br>You can speak, read, and write Common, Gnomish, and Undercommon."
Gnome (Deep/Svirfneblin),SCAG,115,Intelligence +2; Dexterity +1,Small,25 feet,"<strong>Age</strong><br><br>Gnomes mature at the same rate humans do, and most are expected to settle down into an adult life by around age 40. They can live 350 to almost 500 years.<br><br><strong>Size</strong><br><br>Gnomes are between 3 and 4 feet tall and average about 40 pounds. Your size is Small.<br><br><strong>Darkvision</strong><br><br>Accustomed to life underground, you have superior vision in dark and dim conditions. You can see in dim light within 60 feet of you as if it were bright light, and in darkness as if it were dim light. You can't discern color in darkness, only shades of gray.<br><br><strong>Gnome Cunning</strong><br><br>You have advantage on all Intelligence, Wisdom, and Charisma saving throws against magic.<br><br><strong>Languages</strong><br><br>You can speak, read, and write Common and Gnomish. The Gnomish language, which uses the Dwarvish script, is renowned for its technical treatises and its catalogs of knowledge about the natural world.<br><br><strong>Age</strong><br><br>Deep gnomes are short-lived for gnomes. They mature at the same rate humans do and are considered full-grown adults by 25. They live 200 to 250 years, although hard toil and the dangers of the Underdark often claim them before their time.<br><br><strong>Alignment</strong><br><br>Svirfneblin believe that survival depends on avoiding entanglements with other creatures and not making enemies, so they favor neutral alignments. They rarely wish others ill, and they are unlikely to take risks on behalf of others.<br><br><strong>Size</strong><br><br>A typical svirfneblin stands about 3 to 3½ feet tall and weighs 80 to 120 pounds. Your size is Small.<br><br><strong>Superior Darkvision</strong><br><br>Accustomed to life underground, you have superior vision in dark and dim conditions. You can see in dim light within 120 feet of you as if it were bright light, and in darkness as if it were dim light. You can't discern color in darkness, only shades of gray.<br><br><strong>Stone Camouflage</strong><br><br>You have advantage on Dexterity (Stealth) checks to hide in rocky terrain.<br><br><strong>Languages</strong><br><br>You can speak, read, and write Common, Gnomish, and Undercommon. The svirfneblin dialect is more guttural than surface Gnomish, and most svirfneblin know only a little bit of Common, but those who deal with outsiders (and that includes you as an adventurer) pick up enough Common to get by in other lands."
Gnome (Forest),PHB,37,Intelligence +2; Dexterity +1,Small,25 feet,"<strong>Age</strong><br><br>Gnomes mature at the same rate humans do, and most are expected to settle down into an adult life by around age 40. They can live 350 to almost 500 years.<br><br><strong>Size</strong><br><br>Gnomes are between 3 and 4 feet tall and average about 40 pounds. Your size is Small.<br><br><strong>Darkvision</strong><br><br>Accustomed to life underground, you have superior vision in dark and dim conditions. You can see in dim light within 60 feet of you as if it were bright light, and in darkness as if it were dim light. You can't discern color in darkness, only shades of gray.<br><br><strong>Gnome Cunning</strong><br><br>You have advantage on all Intelligence, Wisdom, and Charisma saving throws against magic.<br><br><strong>Languages</strong><br><br>You can speak, read, and write Common and Gnomish. The Gnomish language, which uses the Dwarvish script, is renowned for its technical treatises and its catalogs of knowledge about the natural world.<br><br><strong>Natural Illusionist</strong><br><br>You know the minor illusion cantrip. Intelligence is your spellcasting ability for it.<br><br><strong>Speak with Small Beasts</strong><br><br>Through sounds and gestures, you can communicate simple ideas with Small or smaller beasts. Forest gnomes love animals and often keep squirrels, badgers, rabbits, moles, woodpeckers, and other creatures as beloved pets."
Gnome (Mark of Scribing),ERLW,47,Intelligence +2; Charisma +1,Small,25 feet,"<strong>Age</strong><br><br>Gnomes mature at the same rate humans do, and most are expected to settle down into an adult life by around age 40. They can live 350 to almost 500 years.<br><br><strong>Size</strong><br><br>Gnomes are between 3 and 4 feet tall and average about 40 pounds. Your size is Small.<br><br><strong>Darkvision</strong><br><br>Accustomed to life underground, you have superior vision in dark and dim conditions. You can see in dim light within 60 feet of you as if it were bright light, and in darkness as if it were dim light. You can't discern color in darkness, only shades of gray.<br><br><strong>Gnome Cunning</strong><br><br>You have advantage on all Intelligence, Wisdom, and Charisma saving throws against magic.<br><br><strong>Languages</strong><br><br>You can speak, read, and write Common and Gnomish. The Gnomish language, which uses the Dwarvish script, is renowned for its technical treatises and its catalogs of knowledge about the natural world.<br><br><strong>Gifted Scribe</strong><br><br>When you make an Intelligence (History) check or an ability check using calligrapher's supplies|PHB, you can roll a d4 and add the number rolled to the ability check.<br><br><strong>Scribe's Insight</strong><br><br>You know the message cantrip. You can also cast comprehend languages once with this trait, and you regain the ability to cast it when you finish a short or long rest. Starting at 3rd level, you can cast the magic mouth spell with this trait, and you regain the ability to cast it when you finish a long rest. Intelligence is your spellcasting ability for these spells.<br><br><strong>Spells of the Mark</strong><br><br>If you have the Spellcasting or the Pact Magic class feature, the spells on the Mark of Scribing Spells table are added to the spell list of your spellcasting class.<br><br><table border=""1"" cellpadding=""5"" cellspacing=""0""><caption>Mark of Scribing Spells</caption><tr><th>Spell Level</th><th>Spells</th></tr><tr><td>1st</td><td>comprehend languages, illusory script</td></tr><tr><td>2nd</td><td>animal messenger, silence</td></tr><tr><td>3rd</td><td>sending, tongues</td></tr><tr><td>4th</td><td>arcane eye, confusion</td></tr><tr><td>5th</td><td>dream</td></tr></table>"
Gnome (Rock),PHB,37,Intelligence +2; Constitution +1,Small,25 feet,"<strong>Age</strong><br><br>Gnomes mature at the same rate humans do, and most are expected to settle down into an adult life by around age 40. They can live 350 to almost 500 years.<br><br><strong>Size</strong><br><br>Gnomes are between 3 and 4 feet tall and average about 40 pounds. Your size is Small.<br><br><strong>Darkvision</strong><br><br>Accustomed to life underground, you have superior vision in dark and dim conditions. You can see in dim light within 60 feet of you as if it were bright light, and in darkness as if it were dim light. You can't discern color in darkness, only shades of gray.<br><br><strong>Gnome Cunning</strong><br><br>You have advantage on all Intelligence, Wisdom, and Charisma saving throws against magic.<br><br><strong>Languages</strong><br><br>You can speak, read, and write Common and Gnomish. The Gnomish language, which uses the Dwarvish script, is renowned for its technical treatises and its catalogs of knowledge about the natural world.<br><br><strong>Artificer's Lore</strong><br><br>Whenever you make an Intelligence (History) check related to magic items, alchemical objects, or technological devices, you can add twice your proficiency bonus, instead of any proficiency bonus you normally apply.<br><br><strong>Tinker</strong><br><br>You have proficiency with artisan's tools (tinker's tools|phb). Using those tools, you can spend 1 hour and 10 gp worth of materials to construct a Tiny clockwork device (AC 5, 1 hp). The device ceases to function after 24 hours (unless you spend 1 hour repairing it to keep the device functioning), or when you use your action to dismantle it; at that time, you can reclaim the materials used to create it. You can have up to three such devices active at a time.<br><br>When you create a device, choose one of the following options:<br><br><strong>Clockwork Toy</strong><br><br>This toy is a clockwork animal, monster, or person, such as a frog, mouse, bird, dragon, or soldier. When placed on the ground, the toy moves 5 feet across the ground on each of your turns in a random direction. It makes noises as appropriate to the creature it represents.<br><br><strong>Fire Starter</strong><br><br>The device produces a miniature flame, which you can use to light a candle, torch, or campfire. Using the device requires your action.<br><br><strong>Music Box</strong><br><br>When opened, this music box plays a single song at a moderate volume. The box stops playing when it reaches the song's end or when it is closed."
Gnome (Wyrd),BookOfEbonTides,35,Intelligence +2; Wisdom +1,Small,25 feet,"Age. Gnomes mature at the same rate humans do, and most are expected to settle down into an adult life by around age 40. They can live 350 to almost 500 years.<br><br>Size. Gnomes are between 3 and 4 feet tall and average about 40 pounds. Your size is Small.<br><br>Darkvision. Accustomed to life underground, you have superior vision in dark and dim conditions. You can see in dim light within 60 feet of you as if it were bright light, and in darkness as if it were dim light. You can't discern color in darkness, only shades of gray.<br><br>Gnome Cunning. You have advantage on all Intelligence, Wisdom, and Charisma saving throws against magic.<br><br>Languages. You can speak, read, and write Common and Gnomish. The Gnomish language, which uses the Dwarvish script, is renowned for its technical treatises and its catalogs of knowledge about the natural world.<br><br>Natural Diviner. You have an innate knack for understanding the world and can catch glimpses of the mysteries of the universe. You know the guidance cantrip. When you reach 3rd level, you can cast the identify spell with this trait, requiring no material components, and starting at 5th level, you can cast the augury spell with it. Once you cast a non-cantrip spell with this trait, you can't do so again until you finish a long rest. Wisdom is your spellcasting ability for these spells.<br><br>Prescience. When you finish a long rest, roll a d20 and record the number rolled. Before your next long rest, you can replace one attack roll, saving throw, or ability check made by you or a creature that you can see with this prescience roll. You must choose to do so before the roll.If 20 wyrd gnomes are present within a half mile of you when you make the prescience roll, you can add 1 to the result. Every time the number of nearby wyrd gnomes is doubled, you gain an additional bonus of 1 to the roll (+2 for 40 gnomes, +3 for 80, and so on) to a maximum bonus of +5."
Goblin,ERLW,26,Dexterity +2; Constitution +1,Small,30 feet,
Goblin,GGR,16,Dexterity +2; Constitution +1,Small,30 feet,
Goblin,MPMM,20,Choose one of: (a) Choose any +2; choose any other +1 (b) Choose three different +1,Small,30 feet,"<strong>Creature Type</strong><br><br>You are a Humanoid. You are also considered a goblinoid for any prerequisite or effect that requires you to be a goblinoid.<br><br><strong>Darkvision</strong><br><br>You can see in dim light within 60 feet of you as if it were bright light and in darkness as if it were in dim light. You discern colors in that darkness only as shades of gray.<br><br><strong>Fey Ancestry</strong><br><br>You have advantage on saving throws you make to avoid or end the charmed condition on yourself.<br><br><strong>Fury of the Small</strong><br><br>When you damage a creature with an attack or a spell and the creature's size is larger than yours, you can cause the attack or spell to deal extra damage to the creature. The extra damage equals your proficiency bonus.<br><br>You can use this trait a number of times equal to your proficiency bonus, regaining all expended uses when you finish a long rest, and you can use it no more than once per turn.<br><br><strong>Nimble Escape</strong><br><br>You can take the Disengage or Hide action as a bonus action on each of your turns."
Goblin,VGM,119,Dexterity +2; Constitution +1,Small,30 feet,"<strong>Age</strong><br><br>Goblins reach adulthood at age 8 and live up to 60 years.<br><br><strong>Size</strong><br><br>Goblins are between 3 and 4 feet tall and weigh between 40 and 80 pounds. Your size is Small.<br><br><strong>Darkvision</strong><br><br>You can see in dim light within 60 feet of you as if it were bright light, and in darkness as if it were dim light. You can't discern color in darkness, only shades of gray.<br><br><strong>Fury of the Small</strong><br><br>When you damage a creature with an attack or a spell and the creature's size is larger than yours, you can cause the attack or spell to deal extra damage to the creature. The extra damage equals your level. Once you use this trait, you can't use it again until you finish a short or long rest.<br><br><strong>Nimble Escape</strong><br><br>You can take the Disengage or Hide action as a bonus action on each of your turns.<br><br><strong>Languages</strong><br><br>You can speak, read, and write Common and Goblin."
Goliath,MPMM,21,Choose one of: (a) Choose any +2; choose any other +1 (b) Choose three different +1,Medium,30 feet,"<strong>Little Giant</strong><br><br>You have proficiency in the Athletics skill, and you count as one size larger when determining your carrying weight and the weight you can push, drag, or lift.<br><br><strong>Mountain Born</strong><br><br>You have resistance to cold damage. You also naturally acclimate to high altitudes, even if you've never been to one. This includes elevations above 20,000 feet.<br><br><strong>Stone's Endurance</strong><br><br>You can supernaturally draw on unyielding stone to shrug off harm. When you take damage, you can use your reaction to roll a d12. Add your Constitution modifier to the number rolled and reduce the damage by that total.<br><br>You can use this trait a number of times equal to your proficiency bonus, and you regain all expended uses when you finish a long rest."
Goliath,VGM,108,Strength +2; Constitution +1,Medium,30 feet,"<strong>Age</strong><br><br>Goliaths have lifespans comparable to humans. They enter adulthood in their late teens and usually live less than a century.<br><br><strong>Size</strong><br><br>Goliaths are between 7 and 8 feet tall and weigh between 280 and 340 pounds. Your size is Medium.<br><br><strong>Natural Athlete</strong><br><br>You have proficiency in the Athletics skill.<br><br><strong>Stone's Endurance</strong><br><br>You can focus yourself to occasionally shrug off injury. When you take damage, you can use your reaction to roll a d12. Add your Constitution modifier to the number rolled, and reduce the damage by that total. After you use this trait, you can't use it again until you finish a short or long rest.<br><br><strong>Powerful Build</strong><br><br>You count as one size larger when determining your carrying capacity and the weight you can push, drag, or lift.<br><br><strong>Mountain Born</strong><br><br>You have resistance to cold damage. You're also acclimated to high altitude, including elevations above 20,000 feet.<br><br><strong>Languages</strong><br><br>You can speak, read, and write Common and Giant."
Hadozee,AAG,13,Choose one of: (a) Choose any +2; choose any other +1 (b) Choose three different +1,Small or Medium,"30 feet, climb equal to your walking speed","<strong>Size</strong><br><br>You are Medium or Small. You choose the size when you select this race.<br><br><strong>Dexterous Feet</strong><br><br>As a bonus action, you can use your feet to manipulate an object, open or close a door or container, or pick up or set down a Tiny object.<br><br><strong>Glide</strong><br><br>When you fall at least 10 feet above the ground, you can use your reaction to extend your skin membranes to glide horizontally a number of feet equal to your walking speed, and you take 0 damage from the fall. You determine the direction of the glide.<br><br><strong>Hadozee Dodge</strong><br><br>The magic that runs in your veins heightens your natural defenses. When you take damage, you can use your reaction to roll a d6. Add your proficiency bonus to the number rolled, and reduce the damage you take by an amount equal to that total (minimum of 0 damage).<br><br>You can use this trait a number of times equal to your proficiency bonus. You regain all expended uses when you finish a long rest."
Half-Elf,PHB,38,Charisma +2; Choose any other two unique +1,Medium,30 feet,"<strong>Age</strong><br><br>Half-elves mature at the same rate humans do and reach adulthood around the age of 20. They live much longer than humans, however, often exceeding 180 years.<br><br><strong>Size</strong><br><br>Half-elves are about the same size as humans, ranging from 5 to 6 feet tall. Your size is Medium.<br><br><strong>Darkvision</strong><br><br>Thanks to your elf blood, you have superior vision in dark and dim conditions. You can see in dim light within 60 feet of you as if it were bright light, and in darkness as if it were dim light. You can't discern color in darkness, only shades of gray.<br><br><strong>Fey Ancestry</strong><br><br>You have advantage on saving throws against being charmed, and magic can't put you to sleep.<br><br><strong>Skill Versatility</strong><br><br>You gain proficiency in two skills of your choice.<br><br><strong>Languages</strong><br><br>You can speak, read, and write Common, Elvish, and one extra language of your choice."
Half-Elf (Base),PHB,38,Charisma +2; Choose any other two unique +1,Medium,30 feet,"Age. Half-elves mature at the same rate humans do and reach adulthood around the age of 20. They live much longer than humans, however, often exceeding 180 years.<br><br>Size. Half-elves are about the same size as humans, ranging from 5 to 6 feet tall. Your size is Medium.<br><br>Darkvision. Thanks to your elf blood, you have superior vision in dark and dim conditions. You can see in dim light within 60 feet of you as if it were bright light, and in darkness as if it were dim light. You can't discern color in darkness, only shades of gray.<br><br>Fey Ancestry. You have advantage on saving throws against being charmed, and magic can't put you to sleep.<br><br>Skill Versatility. You gain proficiency in two skills of your choice.<br><br>Languages. You can speak, read, and write Common, Elvish, and one extra language of your choice."
Half-Elf (Variant; Aquatic Elf Descent),SCAG,116,Charisma +2; Choose any other two unique +1,Medium,30 feet,"<strong>Age</strong><br><br>Half-elves mature at the same rate humans do and reach adulthood around the age of 20. They live much longer than humans, however, often exceeding 180 years.<br><br><strong>Size</strong><br><br>Half-elves are about the same size as humans, ranging from 5 to 6 feet tall. Your size is Medium.<br><br><strong>Darkvision</strong><br><br>Thanks to your elf blood, you have superior vision in dark and dim conditions. You can see in dim light within 60 feet of you as if it were bright light, and in darkness as if it were dim light. You can't discern color in darkness, only shades of gray.<br><br><strong>Fey Ancestry</strong><br><br>You have advantage on saving throws against being charmed, and magic can't put you to sleep.<br><br><strong>Skill Versatility</strong><br><br>You gain proficiency in two skills of your choice.<br><br><strong>Languages</strong><br><br>You can speak, read, and write Common, Elvish, and one extra language of your choice.<br><br><em>Variant Feature (Choose 1)</em><br><br><strong>Skill Versatility</strong><br><br>You gain proficiency in two skills of your choice.<br><br><strong>Swim</strong><br><br>You gain a swimming speed of 30 ft."
Half-Elf (Variant; Drow Descent),SCAG,116,Charisma +2; Choose any other two unique +1,Medium,30 feet,"<strong>Age</strong><br><br>Half-elves mature at the same rate humans do and reach adulthood around the age of 20. They live much longer than humans, however, often exceeding 180 years.<br><br><strong>Size</strong><br><br>Half-elves are about the same size as humans, ranging from 5 to 6 feet tall. Your size is Medium.<br><br><strong>Darkvision</strong><br><br>Thanks to your elf blood, you have superior vision in dark and dim conditions. You can see in dim light within 60 feet of you as if it were bright light, and in darkness as if it were dim light. You can't discern color in darkness, only shades of gray.<br><br><strong>Fey Ancestry</strong><br><br>You have advantage on saving throws against being charmed, and magic can't put you to sleep.<br><br><strong>Skill Versatility</strong><br><br>You gain proficiency in two skills of your choice.<br><br><strong>Languages</strong><br><br>You can speak, read, and write Common, Elvish, and one extra language of your choice.<br><br><em>Variant Feature (Choose 1)</em><br><br><strong>Skill Versatility</strong><br><br>You gain proficiency in two skills of your choice.<br><br><strong>Drow Magic</strong><br><br>You know the dancing lights cantrip. When you reach 3rd level, you can cast the faerie fire spell once per day; you must finish a long rest in order to cast the spell again using this trait. When you reach 5th level, you can also cast the darkness spell once per day; you must finish a long rest in order to cast the spell again using this trait. Charisma is your spellcasting ability for these spells."
Half-Elf (Variant; Mark of Detection),ERLW,40,Wisdom +2; Choose any other +1,Medium,30 feet,"<strong>Age</strong><br><br>Half-elves mature at the same rate humans do and reach adulthood around the age of 20. They live much longer than humans, however, often exceeding 180 years.<br><br><strong>Size</strong><br><br>Half-elves are about the same size as humans, ranging from 5 to 6 feet tall. Your size is Medium.<br><br><strong>Darkvision</strong><br><br>Thanks to your elf blood, you have superior vision in dark and dim conditions. You can see in dim light within 60 feet of you as if it were bright light, and in darkness as if it were dim light. You can't discern color in darkness, only shades of gray.<br><br><strong>Fey Ancestry</strong><br><br>You have advantage on saving throws against being charmed, and magic can't put you to sleep.<br><br><strong>Skill Versatility</strong><br><br>You gain proficiency in two skills of your choice.<br><br><strong>Languages</strong><br><br>You can speak, read, and write Common, Elvish, and one extra language of your choice.<br><br><strong>Deductive Intuition</strong><br><br>When you make an Intelligence (Investigation) or a Wisdom (Insight) check, you can roll a d4 and add the number rolled to the ability check.<br><br><strong>Magical Detection</strong><br><br>You can cast the detect magic and detect poison and disease spells with this trait. Starting at 3rd level, you can also cast the see invisibility spell with it. Once you cast any of these spells with this trait, you can't cast that spell with it again until you finish a long rest. Wisdom is your spellcasting ability for these spells, and you don't require material components for them.<br><br><strong>Spells of the Mark</strong><br><br>If you have the Spellcasting or the Pact Magic class feature, the spells on the Mark of Detection Spells table are added to the spell list of your spellcasting class.<br><br><table border=""1"" cellpadding=""5"" cellspacing=""0""><caption>Mark of Detection Spells</caption><tr><th>Spell Level</th><th>Spells</th></tr><tr><td>1st</td><td>detect evil and good, detect poison and disease</td></tr><tr><td>2nd</td><td>detect thoughts, find traps</td></tr><tr><td>3rd</td><td>clairvoyance, nondetection</td></tr><tr><td>4th</td><td>arcane eye, divination</td></tr><tr><td>5th</td><td>legend lore</td></tr></table>"
Half-Elf (Variant; Mark of Storm),ERLW,50,Charisma +2; Dexterity +1,Medium,30 feet,"<strong>Age</strong><br><br>Half-elves mature at the same rate humans do and reach adulthood around the age of 20. They live much longer than humans, however, often exceeding 180 years.<br><br><strong>Size</strong><br><br>Half-elves are about the same size as humans, ranging from 5 to 6 feet tall. Your size is Medium.<br><br><strong>Darkvision</strong><br><br>Thanks to your elf blood, you have superior vision in dark and dim conditions. You can see in dim light within 60 feet of you as if it were bright light, and in darkness as if it were dim light. You can't discern color in darkness, only shades of gray.<br><br><strong>Fey Ancestry</strong><br><br>You have advantage on saving throws against being charmed, and magic can't put you to sleep.<br><br><strong>Skill Versatility</strong><br><br>You gain proficiency in two skills of your choice.<br><br><strong>Languages</strong><br><br>You can speak, read, and write Common, Elvish, and one extra language of your choice.<br><br><strong>Windwright's Intuition</strong><br><br>When you make a Dexterity (Acrobatics) check or any ability check involving navigator's tools|PHB, you can roll a d4 and add the number rolled to the ability check.<br><br><strong>Storm's Boon</strong><br><br>You have resistance to lightning damage.<br><br><strong>Headwinds</strong><br><br>You know the gust|XGE cantrip. Starting at 3rd level, you can cast the gust of wind spell once with this trait, and you regain the ability to cast it when you finish a long rest. Charisma is your spellcasting ability for these spells.<br><br><strong>Spells of the Mark</strong><br><br>If you have the Spellcasting or the Pact Magic class feature, the spells on the Mark of Storm Spells table are added to the spell list of your spellcasting class.<br><br><table border=""1"" cellpadding=""5"" cellspacing=""0""><caption>Mark of Storm Spells</caption><tr><th>Spell Level</th><th>Spells</th></tr><tr><td>1st</td><td>feather fall, fog cloud</td></tr><tr><td>2nd</td><td>gust of wind, levitate</td></tr><tr><td>3rd</td><td>sleet storm, wind wall</td></tr><tr><td>4th</td><td>conjure minor elementals, control water</td></tr><tr><td>5th</td><td>conjure elemental</td></tr></table>"
Half-Elf (Variant; Moon Elf or Sun Elf Descent),SCAG,116,Charisma +2; Choose any other two unique +1,Medium,30 feet,"<strong>Age</strong><br><br>Half-elves mature at the same rate humans do and reach adulthood around the age of 20. They live much longer than humans, however, often exceeding 180 years.<br><br><strong>Size</strong><br><br>Half-elves are about the same size as humans, ranging from 5 to 6 feet tall. Your size is Medium.<br><br><strong>Darkvision</strong><br><br>Thanks to your elf blood, you have superior vision in dark and dim conditions. You can see in dim light within 60 feet of you as if it were bright light, and in darkness as if it were dim light. You can't discern color in darkness, only shades of gray.<br><br><strong>Fey Ancestry</strong><br><br>You have advantage on saving throws against being charmed, and magic can't put you to sleep.<br><br><strong>Skill Versatility</strong><br><br>You gain proficiency in two skills of your choice.<br><br><strong>Languages</strong><br><br>You can speak, read, and write Common, Elvish, and one extra language of your choice.<br><br><em>Variant Feature (Choose 1)</em><br><br><strong>Skill Versatility</strong><br><br>You gain proficiency in two skills of your choice.<br><br><strong>Elf Weapon Training</strong><br><br>You have proficiency with the longsword|phb, shortsword|phb, shortbow|phb, and longbow|phb.<br><br><strong>Cantrip</strong><br><br>You know one cantrip of your choice from the wizard spell list. Intelligence is your spellcasting ability for it."
Half-Elf (Variant; Wood Elf Descent),SCAG,116,Charisma +2; Choose any other two unique +1,Medium,30 feet,"<strong>Age</strong><br><br>Half-elves mature at the same rate humans do and reach adulthood around the age of 20. They live much longer than humans, however, often exceeding 180 years.<br><br><strong>Size</strong><br><br>Half-elves are about the same size as humans, ranging from 5 to 6 feet tall. Your size is Medium.<br><br><strong>Darkvision</strong><br><br>Thanks to your elf blood, you have superior vision in dark and dim conditions. You can see in dim light within 60 feet of you as if it were bright light, and in darkness as if it were dim light. You can't discern color in darkness, only shades of gray.<br><br><strong>Fey Ancestry</strong><br><br>You have advantage on saving throws against being charmed, and magic can't put you to sleep.<br><br><strong>Skill Versatility</strong><br><br>You gain proficiency in two skills of your choice.<br><br><strong>Languages</strong><br><br>You can speak, read, and write Common, Elvish, and one extra language of your choice.<br><br><em>Variant Feature (Choose 1)</em><br><br><strong>Skill Versatility</strong><br><br>You gain proficiency in two skills of your choice.<br><br><strong>Elf Weapon Training</strong><br><br>You have proficiency with the longsword|phb, shortsword|phb, shortbow|phb, and longbow|phb.<br><br><strong>Fleet of Foot</strong><br><br>Your base walking speed increases to 35 feet.<br><br><strong>Mask of the Wild</strong><br><br>You can attempt to hide even when you are only lightly obscured by foliage, heavy rain, falling snow, mist, and other natural phenomena."
Half-Orc,PHB,40,Strength +2; Constitution +1,Medium,30 feet,"<strong>Age</strong><br><br>Half-orcs mature a little faster than humans, reaching adulthood around age 14. They age noticeably faster and rarely live longer than 75 years.<br><br><strong>Size</strong><br><br>Half-orcs are somewhat larger and bulkier than humans, and they range from 5 to well over 6 feet tall. Your size is Medium.<br><br><strong>Darkvision</strong><br><br>Thanks to your orc blood, you have superior vision in dark and dim conditions. You can see in dim light within 60 feet of you as if it were bright light, and in darkness as if it were dim light. You can't discern color in darkness, only shades of gray.<br><br><strong>Menacing</strong><br><br>You gain proficiency in the Intimidation skill.<br><br><strong>Relentless Endurance</strong><br><br>When you are reduced to 0 hit points but not killed outright, you can drop to 1 hit point instead. You can't use this feature again until you finish a long rest.<br><br><strong>Savage Attacks</strong><br><br>When you score a critical hit with a melee weapon attack, you can roll one of the weapon's damage dice one additional time and add it to the extra damage of the critical hit.<br><br><strong>Languages</strong><br><br>You can speak, read, and write Common and Orc. Orc is a harsh, grating language with hard consonants. It has no script of its own but is written in the Dwarvish script."
Half-Orc (Base),PHB,40,Strength +2; Constitution +1,Medium,30 feet,"Age. Half-orcs mature a little faster than humans, reaching adulthood around age 14. They age noticeably faster and rarely live longer than 75 years.<br><br>Size. Half-orcs are somewhat larger and bulkier than humans, and they range from 5 to well over 6 feet tall. Your size is Medium.<br><br>Darkvision. Thanks to your orc blood, you have superior vision in dark and dim conditions. You can see in dim light within 60 feet of you as if it were bright light, and in darkness as if it were dim light. You can't discern color in darkness, only shades of gray.<br><br>Menacing. You gain proficiency in the Intimidation skill.<br><br>Relentless Endurance. When you are reduced to 0 hit points but not killed outright, you can drop to 1 hit point instead. You can't use this feature again until you finish a long rest.<br><br>Savage Attacks. When you score a critical hit with a melee weapon attack, you can roll one of the weapon's damage dice one additional time and add it to the extra damage of the critical hit.<br><br>Languages. You can speak, read, and write Common and Orc. Orc is a harsh, grating language with hard consonants. It has no script of its own but is written in the Dwarvish script."
Half-Orc (Variant; Mark of Finding),ERLW,41,Strength +2; Constitution +1,Medium,30 feet,"<strong>Age</strong><br><br>Half-orcs mature a little faster than humans, reaching adulthood around age 14. They age noticeably faster and rarely live longer than 75 years.<br><br><strong>Size</strong><br><br>Half-orcs are somewhat larger and bulkier than humans, and they range from 5 to well over 6 feet tall. Your size is Medium.<br><br><strong>Darkvision</strong><br><br>Thanks to your orc blood, you have superior vision in dark and dim conditions. You can see in dim light within 60 feet of you as if it were bright light, and in darkness as if it were dim light. You can't discern color in darkness, only shades of gray.<br><br><strong>Menacing</strong><br><br>You gain proficiency in the Intimidation skill.<br><br><strong>Relentless Endurance</strong><br><br>When you are reduced to 0 hit points but not killed outright, you can drop to 1 hit point instead. You can't use this feature again until you finish a long rest.<br><br><strong>Savage Attacks</strong><br><br>When you score a critical hit with a melee weapon attack, you can roll one of the weapon's damage dice one additional time and add it to the extra damage of the critical hit.<br><br><strong>Languages</strong><br><br>You can speak, read, and write Common and Orc. Orc is a harsh, grating language with hard consonants. It has no script of its own but is written in the Dwarvish script.<br><br><strong>Darkvision</strong><br><br>You can see in dim light within 60 feet of you as if it were bright light, and in darkness as if it were dim light. You can't discern color in darkness, only shades of gray.<br><br><strong>Hunter's Intuition</strong><br><br>When you make a Wisdom (Perception) or Wisdom (Survival) check, you can roll a d4 and add the number rolled to the ability check.<br><br><strong>Finder's Magic</strong><br><br>You can cast the hunter's mark spell with this trait. Starting at 3rd level, you can also cast the locate object spell with it. Once you cast either spell with this trait, you can't cast that spell with it again until you finish a long rest. Wisdom is your spellcasting ability for these spells.<br><br><strong>Languages</strong><br><br>You can speak, read, and write Common and Goblin.<br><br><strong>Spells of the Mark</strong><br><br>If you have the Spellcasting or the Pact Magic class feature, the spells on the Mark of Finding Spells table are added to the spell list of your spellcasting class.<br><br><table border=""1"" cellpadding=""5"" cellspacing=""0""><caption>Mark of Finding Spells</caption><tr><th>Spell Level</th><th>Spells</th></tr><tr><td>1st</td><td>faerie fire, longstrider</td></tr><tr><td>2nd</td><td>locate animals or plants, locate object</td></tr><tr><td>3rd</td><td>clairvoyance, speak with plants</td></tr><tr><td>4th</td><td>divination, locate creature</td></tr><tr><td>5th</td><td>commune with nature</td></tr></table>"
Halfling,PHB,26,Dexterity +2,Small,25 feet,"<strong>Age</strong><br><br>A halfling reaches adulthood at the age of 20 and generally lives into the middle of his or her second century.<br><br><strong>Size</strong><br><br>Halflings average about 3 feet tall and weigh about 40 pounds. Your size is Small.<br><br><strong>Lucky</strong><br><br>When you roll a 1 on an attack roll, ability check, or saving throw, you can reroll the die and must use the new roll.<br><br><strong>Brave</strong><br><br>You have advantage on saving throws against being frightened.<br><br><strong>Halfling Nimbleness</strong><br><br>You can move through the space of any creature that is of a size larger than yours.<br><br><strong>Languages</strong><br><br>You can speak, read, and write Common and Halfling. The Halfling language isn't secret, but halflings are loath to share it with others. They write very little, so they don't have a rich body of literature. Their oral tradition, however, is very strong. Almost all halflings speak Common to converse with the people in whose lands they dwell or through which they are traveling."
Halfling (Ghostwise),SCAG,110,Dexterity +2; Wisdom +1,Small,25 feet,"<strong>Age</strong><br><br>A halfling reaches adulthood at the age of 20 and generally lives into the middle of his or her second century.<br><br><strong>Size</strong><br><br>Halflings average about 3 feet tall and weigh about 40 pounds. Your size is Small.<br><br><strong>Lucky</strong><br><br>When you roll a 1 on an attack roll, ability check, or saving throw, you can reroll the die and must use the new roll.<br><br><strong>Brave</strong><br><br>You have advantage on saving throws against being frightened.<br><br><strong>Halfling Nimbleness</strong><br><br>You can move through the space of any creature that is of a size larger than yours.<br><br><strong>Languages</strong><br><br>You can speak, read, and write Common and Halfling. The Halfling language isn't secret, but halflings are loath to share it with others. They write very little, so they don't have a rich body of literature. Their oral tradition, however, is very strong. Almost all halflings speak Common to converse with the people in whose lands they dwell or through which they are traveling.<br><br><strong>Silent Speech</strong><br><br>You can speak telepathically to any creature within 30 feet of you. The creature understands you only if the two of you share a language. You can speak telepathically in this way to one creature at a time."
Halfling (Lightfoot),PHB,28,Dexterity +2; Charisma +1,Small,25 feet,"<strong>Age</strong><br><br>A halfling reaches adulthood at the age of 20 and generally lives into the middle of his or her second century.<br><br><strong>Size</strong><br><br>Halflings average about 3 feet tall and weigh about 40 pounds. Your size is Small.<br><br><strong>Lucky</strong><br><br>When you roll a 1 on an attack roll, ability check, or saving throw, you can reroll the die and must use the new roll.<br><br><strong>Brave</strong><br><br>You have advantage on saving throws against being frightened.<br><br><strong>Halfling Nimbleness</strong><br><br>You can move through the space of any creature that is of a size larger than yours.<br><br><strong>Languages</strong><br><br>You can speak, read, and write Common and Halfling. The Halfling language isn't secret, but halflings are loath to share it with others. They write very little, so they don't have a rich body of literature. Their oral tradition, however, is very strong. Almost all halflings speak Common to converse with the people in whose lands they dwell or through which they are traveling.<br><br><strong>Naturally Stealthy</strong><br><br>You can attempt to hide even when you are obscured only by a creature that is at least one size larger than you."
Halfling (Mark of Healing),ERLW,43,Dexterity +2; Wisdom +1,Small,25 feet,"<strong>Age</strong><br><br>A halfling reaches adulthood at the age of 20 and generally lives into the middle of his or her second century.<br><br><strong>Size</strong><br><br>Halflings average about 3 feet tall and weigh about 40 pounds. Your size is Small.<br><br><strong>Lucky</strong><br><br>When you roll a 1 on an attack roll, ability check, or saving throw, you can reroll the die and must use the new roll.<br><br><strong>Brave</strong><br><br>You have advantage on saving throws against being frightened.<br><br><strong>Halfling Nimbleness</strong><br><br>You can move through the space of any creature that is of a size larger than yours.<br><br><strong>Languages</strong><br><br>You can speak, read, and write Common and Halfling. The Halfling language isn't secret, but halflings are loath to share it with others. They write very little, so they don't have a rich body of literature. Their oral tradition, however, is very strong. Almost all halflings speak Common to converse with the people in whose lands they dwell or through which they are traveling.<br><br><strong>Medical Intuition</strong><br><br>When you make a Wisdom (Medicine) check or an ability check using an herbalism kit|phb, you can roll a d4 and add the number rolled to the ability check.<br><br><strong>Healing Touch</strong><br><br>You can cast the cure wounds spell with this trait. Starting at 3rd level, you can also cast lesser restoration with it. Once you cast either spell with this trait, you can't cast that spell with it again until you finish a long rest. Wisdom is your spellcasting ability for these spells.<br><br><strong>Spells of the Mark</strong><br><br>If you have the Spellcasting or the Pact Magic class feature, the spells on the Mark of Healing Spells table are added to the spell list of your spellcasting class.<br><br><table border=""1"" cellpadding=""5"" cellspacing=""0""><caption>Mark of Healing Spells</caption><tr><th>Spell Level</th><th>Spells</th></tr><tr><td>1st</td><td>cure wounds, healing word</td></tr><tr><td>2nd</td><td>lesser restoration, prayer of healing</td></tr><tr><td>3rd</td><td>aura of vitality, mass healing word</td></tr><tr><td>4th</td><td>aura of purity, aura of life</td></tr><tr><td>5th</td><td>greater restoration</td></tr></table>"
Halfling (Mark of Hospitality),ERLW,44,Dexterity +2; Charisma +1,Small,25 feet,"<strong>Age</strong><br><br>A halfling reaches adulthood at the age of 20 and generally lives into the middle of his or her second century.<br><br><strong>Size</strong><br><br>Halflings average about 3 feet tall and weigh about 40 pounds. Your size is Small.<br><br><strong>Lucky</strong><br><br>When you roll a 1 on an attack roll, ability check, or saving throw, you can reroll the die and must use the new roll.<br><br><strong>Brave</strong><br><br>You have advantage on saving throws against being frightened.<br><br><strong>Halfling Nimbleness</strong><br><br>You can move through the space of any creature that is of a size larger than yours.<br><br><strong>Languages</strong><br><br>You can speak, read, and write Common and Halfling. The Halfling language isn't secret, but halflings are loath to share it with others. They write very little, so they don't have a rich body of literature. Their oral tradition, however, is very strong. Almost all halflings speak Common to converse with the people in whose lands they dwell or through which they are traveling.<br><br><strong>Ever Hospitable</strong><br><br>When you make a Charisma (Persuasion) check or an ability check involving brewer's supplies|PHB or cook's utensils|PHB, you can roll a d4 and add the number rolled to the ability check.<br><br><strong>Innkeeper's Magic</strong><br><br>You know the prestidigitation cantrip. You can also cast the purify food and drink and unseen servant spells with this trait. Once you cast either spell with this trait, you can't cast that spell with it again until you finish long rest. Charisma is your spellcasting ability for these spells.<br><br><strong>Spells of the Mark</strong><br><br>If you have the Spellcasting or the Pact Magic class feature, the spells on the Mark of Hospitality Spells table are added to the spell list of your spellcasting class.<br><br><table border=""1"" cellpadding=""5"" cellspacing=""0""><caption>Mark of Hospitality Spells</caption><tr><th>Spell Level</th><th>Spells</th></tr><tr><td>1st</td><td>goodberry, sleep</td></tr><tr><td>2nd</td><td>aid, calm emotions</td></tr><tr><td>3rd</td><td>create food and water, Leomund's tiny hut</td></tr><tr><td>4th</td><td>aura of purity, Mordenkainen's private sanctum</td></tr><tr><td>5th</td><td>hallow</td></tr></table>"
Halfling (Stout),PHB,28,Dexterity +2; Constitution +1,Small,25 feet,"<strong>Age</strong><br><br>A halfling reaches adulthood at the age of 20 and generally lives into the middle of his or her second century.<br><br><strong>Size</strong><br><br>Halflings average about 3 feet tall and weigh about 40 pounds. Your size is Small.<br><br><strong>Lucky</strong><br><br>When you roll a 1 on an attack roll, ability check, or saving throw, you can reroll the die and must use the new roll.<br><br><strong>Brave</strong><br><br>You have advantage on saving throws against being frightened.<br><br><strong>Halfling Nimbleness</strong><br><br>You can move through the space of any creature that is of a size larger than yours.<br><br><strong>Languages</strong><br><br>You can speak, read, and write Common and Halfling. The Halfling language isn't secret, but halflings are loath to share it with others. They write very little, so they don't have a rich body of literature. Their oral tradition, however, is very strong. Almost all halflings speak Common to converse with the people in whose lands they dwell or through which they are traveling.<br><br><strong>Stout Resilience</strong><br><br>You have advantage on saving throws against poison, and you have resistance against poison damage."
Harengon,MPMM,22,Choose one of: (a) Choose any +2; choose any other +1 (b) Choose three different +1,Small or Medium,30 feet,"<strong>Size</strong><br><br>You are Medium or Small. You choose the size when you select this race.<br><br><strong>Hare-Trigger</strong><br><br>You can add your proficiency bonus to your initiative rolls.<br><br><strong>Leporine Senses</strong><br><br>You have proficiency in the Perception skill.<br><br><strong>Lucky Footwork</strong><br><br>When you fail a Dexterity saving throw, you can use your reaction to roll a d4 and add it to the save, potentially turning the failure into a success. You can't use this reaction if you're prone or your speed is 0.<br><br><strong>Rabbit Hop</strong><br><br>As a bonus action, you can jump a number of feet equal to five times your proficiency bonus, without provoking opportunity attacks. You can use this trait only if your speed is greater than 0. You can use it a number of times equal to your proficiency bonus, and you regain all expended uses when you finish a long rest."
Harengon,WBtW,13,Choose one of: (a) Choose any +2; choose any other +1 (b) Choose three different +1,Small or Medium,30 feet,"<strong>Size</strong><br><br>You are Medium or Small. You choose the size when you select this race.<br><br><strong>Hare-Trigger</strong><br><br>You can add your proficiency bonus to your initiative rolls.<br><br><strong>Leporine Senses</strong><br><br>You have proficiency in the Perception skill.<br><br><strong>Lucky Footwork</strong><br><br>When you fail a Dexterity saving throw, you can use your reaction to roll a d4 and add it to the save, potentially turning the failure into a success. You can't use this reaction if you're prone or your speed is 0.<br><br><strong>Rabbit Hop</strong><br><br>As a bonus action, you can jump a number of feet equal to five times your proficiency bonus, without provoking opportunity attacks. You can use this trait only if your speed is greater than 0. You can use it a number of times equal to your proficiency bonus, and you regain all expended uses when you finish a long rest."
Hedge,HumblewoodCampaignSetting,24,Charisma +2; Wisdom +1,Small,"25 feet, burrow 15 feet","Age. Hedges take longer to mature than most other races, reaching adulthood around 20 years. They also live for a long time, with many reaching 120 years or more.<br><br>Alignment. Hedges are compassionate, empathetic, and diplomatic, tending towards good alignments. They also favor neutral alignments, as hedges have a great respect for the balance of nature.<br><br>Size. Hedges have short, rounded body shapes, standing between 3 and 4 feet in height, and weighing between 40 and 70 pounds. Your size is Small.<br><br>Speed. Your base walking speed is 25 feet.<br><br>Natural Burrowers. You have a burrowing speed of 15 feet. You are capable of burrowing through soil, but are unable to dig through anything more substantial with just your clawed hands.<br><br>Spiny Quills. The backs of hedges are covered with spiny quills, which makes it impossible for hedges to wear armor. These quills provide exceptional protection, therefore you have a base armor class of 14 + your Dexterity modifier. Even though you can't wear armor, you can still benefit from the armor class bonus provided by shields so long as you are proficient with them.<br><br>Curl Up. You can use your action to curl up, exposing attackers to a wall of your toughened quills. While curled up you cannot move, attack, or cast spells with somatic components, and your base armor class becomes 19. You cannot benefit from any Dexterity bonus to armor class while curled up, but you can still use shields.Any creature that misses you with a melee attack while you are curled up takes 2d4 points of piercing damage from your sharp quills. If a creature hits you while you are curled up, you are knocked prone in your space at the end of the turn. You may uncurl yourself at any point during your turn.<br><br>Forest Magic. You have a deep connection to the magic of the Wood. You know the druidcraft cantrip. Additionally, you can cast animal messenger as a 2nd level spell once with this trait, and regain the ability to do so after a short or long rest. Charisma is your spellcasting ability for these spells.<br><br>Speak With Bugs. Through sounds and gestures, you can communicate simple ideas with creatures of the beast subtype that represent insects, spiders, worms, and other creepy crawlies, regardless of their size.<br><br>Languages. You can speak, read, and write Birdfolk and Hedge."
Hexblood,VRGR,18,Choose one of: (a) Choose any +2; choose any other +1 (b) Choose three different +1,Small or Medium,30 feet,"<strong>Creature Type</strong><br><br>You are a Fey.<br><br><strong>Size</strong><br><br>You are Medium or Small. You choose the size when you gain this lineage.<br><br><strong>Ancestral Legacy</strong><br><br>If you replace a race with this lineage, you can keep the following elements of that race: any skill proficiencies you gained from it and any climbing, flying, or swimming speed you gained from it.<br><br>If you don't keep any of those elements or you choose this lineage at character creation, you gain proficiency in two skills of your choice.<br><br><strong>Darkvision</strong><br><br>You can see in dim light within 60 feet of you as if it were bright light and in darkness as if it were dim light. You discern colors in that darkness as shades of gray.<br><br><strong>Eerie Token</strong><br><br>As a bonus action, you can harmlessly remove a lock of your hair, one of your nails, or one of your teeth. This token is imbued with magic until you finish a long rest. While the token is imbued in this way, you can take these actions:<br><br>• {'type': 'item', 'name': 'Telepathic Message', 'entry': 'As an action, you can send a telepathic message to the creature holding or carrying the token, as long as you are within 10 miles of it. The message can contain up to twenty-five words.'}<br><br>• {'type': 'item', 'name': 'Remote Viewing', 'entry': ""If you are within 10 miles of the token, you can enter a trance as an action. The trance lasts for 1 minute, but it ends early if you dismiss it (no action required) or are incapacitated. During this trance, you can see and hear from the token as if you were located where it is. While you are using your senses at the token's location, you are blinded and deafened in regard to your own surroundings. When the trance ends, the token is harmlessly destroyed.""}<br><br>Once you create a token using this feature, you can't do so again until you finish a long rest, at which point your missing part regrows.<br><br><strong>Hex Magic</strong><br><br>You can cast the disguise self and hex spells with this trait. Once you cast either of these spells with this trait, you can't cast that spell with it again until you finish a long rest. You can also cast these spells using any spell slots you have.<br><br>Intelligence, Wisdom, or Charisma is your spellcasting ability for these spells (choose the ability when you gain this lineage).<br><br><em>Becoming a Hag</em><br><br>Hags can undertake a ritual to irreversibly transform a hexblood they created into a new hag, either one of their own kind or that embodies the hexblood's nature. This requires that both the hag and hexblood be in the same place and consent to the lengthy ritual—circumstances most hexbloods shun but might come to accept over the course of centuries. Once a hexblood undergoes this irreversible ritual, they emerge as a hag NPC no longer under the control of the hexblood's player, unless the DM rules otherwise."
Hobbit,TLotRR,37,Dexterity +2,Small,25 feet,"Ability Score Increase. Your Dexterity score increases by 2.<br><br>Adventuring Age. Between 25–60 years of age. Hobbits do not abandon their comfortable lives easily, but when they do they usually wait for their coming of age at 33. A particularly reckless fellow might feel the call to adventure when in their tweens, as Hobbits call their twenties.<br><br>Hobbit Elusiveness. You have proficiency in the Stealth skill.<br><br>Hobbit-Sense. You have advantage on all Intelligence, Wisdom, and Charisma saving throws against Shadow.<br><br>Pipe-Weed Lore. You have proficiency with pipes.<br><br>Unobtrusive. You can move through the space of any creature that is of a size larger than yours.<br><br>Languages. You speak, read and write Westron, preserving the use of a few words and names of your own forgotten tongue.<br><br>Standard of Living: Common. Hobbits live in peace, their land is well-tilled and their borders protected, but theirs is an isolated island in the middle of a desolate region, and trading is an uncommon occurrence. Starting Gear"
Hobbit (Fallohide),TLotRR,38,Dexterity +2; Charisma +1,Small,25 feet,"Ability Score Increase. Your Dexterity score increases by 2.<br><br>Adventuring Age. Between 25–60 years of age. Hobbits do not abandon their comfortable lives easily, but when they do they usually wait for their coming of age at 33. A particularly reckless fellow might feel the call to adventure when in their tweens, as Hobbits call their twenties.<br><br>Hobbit Elusiveness. You have proficiency in the Stealth skill.<br><br>Hobbit-Sense. You have advantage on all Intelligence, Wisdom, and Charisma saving throws against Shadow.<br><br>Pipe-Weed Lore. You have proficiency with pipes.<br><br>Unobtrusive. You can move through the space of any creature that is of a size larger than yours.<br><br>Languages. You speak, read and write Westron, preserving the use of a few words and names of your own forgotten tongue.<br><br>Standard of Living: Common. Hobbits live in peace, their land is well-tilled and their borders protected, but theirs is an isolated island in the middle of a desolate region, and trading is an uncommon occurrence. Starting Gear"
Hobbit (Harfoot),TLotRR,38,Dexterity +2; Wisdom +1,Small,25 feet,"Ability Score Increase. Your Dexterity score increases by 2.<br><br>Adventuring Age. Between 25–60 years of age. Hobbits do not abandon their comfortable lives easily, but when they do they usually wait for their coming of age at 33. A particularly reckless fellow might feel the call to adventure when in their tweens, as Hobbits call their twenties.<br><br>Hobbit Elusiveness. You have proficiency in the Stealth skill.<br><br>Hobbit-Sense. You have advantage on all Intelligence, Wisdom, and Charisma saving throws against Shadow.<br><br>Pipe-Weed Lore. You have proficiency with pipes.<br><br>Unobtrusive. You can move through the space of any creature that is of a size larger than yours.<br><br>Languages. You speak, read and write Westron, preserving the use of a few words and names of your own forgotten tongue.<br><br>Standard of Living: Common. Hobbits live in peace, their land is well-tilled and their borders protected, but theirs is an isolated island in the middle of a desolate region, and trading is an uncommon occurrence. Starting Gear"
Hobbit (Stoor),TLotRR,38,Dexterity +2; Constitution +1,Small,25 feet,"Ability Score Increase. Your Dexterity score increases by 2.<br><br>Adventuring Age. Between 25–60 years of age. Hobbits do not abandon their comfortable lives easily, but when they do they usually wait for their coming of age at 33. A particularly reckless fellow might feel the call to adventure when in their tweens, as Hobbits call their twenties.<br><br>Hobbit Elusiveness. You have proficiency in the Stealth skill.<br><br>Hobbit-Sense. You have advantage on all Intelligence, Wisdom, and Charisma saving throws against Shadow.<br><br>Pipe-Weed Lore. You have proficiency with pipes.<br><br>Unobtrusive. You can move through the space of any creature that is of a size larger than yours.<br><br>Languages. You speak, read and write Westron, preserving the use of a few words and names of your own forgotten tongue.<br><br>Standard of Living: Common. Hobbits live in peace, their land is well-tilled and their borders protected, but theirs is an isolated island in the middle of a desolate region, and trading is an uncommon occurrence. Starting Gear"
Hobgoblin,ERLW,26,Constitution +2; Intelligence +1,Medium,30 feet,
Hobgoblin,MPMM,23,Choose one of: (a) Choose any +2; choose any other +1 (b) Choose three different +1,Medium,30 feet,"<strong>Creature Type</strong><br><br>You are a Humanoid. You are also considered a goblinoid for any prerequisite or effect that requires you to be a goblinoid.<br><br><strong>Darkvision</strong><br><br>You can see in dim light within 60 feet of you as if it were bright light and in darkness as if it were dim light. You discern colors in that darkness only as shades of gray.<br><br><strong>Fey Ancestry</strong><br><br>You have advantage on saving throws you make to avoid or end the charmed condition on yourself.<br><br><strong>Fey Gift</strong><br><br>You can use this trait to take the Help action as a bonus action, and you can do so a number of times equal to your proficiency bonus. You regain all expended uses when you finish a long rest.<br><br>Starting at 3rd level, choose one of the options below each time you take the Help action with this trait:<br><br>• {'type': 'item', 'name': 'Hospitality', 'entry': 'You and the creature you help each gain a number of temporary hit points equal to 1d6 plus your proficiency bonus.'}<br><br>• {'type': 'item', 'name': 'Passage', 'entry': 'You and the creature you help each increase your walking speeds by 10 feet until the start of your next turn.'}<br><br>• {'type': 'item', 'name': 'Spite', 'entry': 'Until the start of your next turn, the first time the creature you help hits a target with an attack roll, that target has disadvantage on the next attack roll it makes within the next minute.'}<br><br><strong>Fortune from the Many</strong><br><br>If you miss with an attack roll or fail an ability check or a saving throw, you can draw on your bonds of reciprocity to gain a bonus to the roll equal to the number of allies you can see within 30 feet of you (maximum bonus of +3). You can use this trait a number of times equal to your proficiency bonus, and you regain all expended uses when you finish a long rest."
Hobgoblin,VGM,119,Constitution +2; Intelligence +1,Medium,30 feet,"<strong>Age</strong><br><br>Hobgoblins mature at the same rate as humans and have lifespans similar in length to theirs.<br><br><strong>Size</strong><br><br>Hobgoblins are between 5 and 6 feet tall and weigh between 150 and 200 pounds. Your size is Medium.<br><br><strong>Darkvision</strong><br><br>You can see in dim light within 60 feet of you as if it were bright light, and in darkness as if it were dim light. You can't discern color in darkness, only shades of gray.<br><br><strong>Martial Training</strong><br><br>You are proficient with two martial weapons of your choice and with light armor.<br><br><strong>Saving Face</strong><br><br>Hobgoblins are careful not to show weakness in front of their allies, for fear of losing status. If you miss with an attack roll or fail an ability check or a saving throw, you can gain a bonus to the roll equal to the number of allies you can see within 30 feet of you (maximum bonus of +5). Once you use this trait, you can't use it again until you finish a short or long rest.<br><br><strong>Languages</strong><br><br>You can speak, read, and write Common and Goblin."
Human,PHB,29,Strength +1; Dexterity +1; Constitution +1; Intelligence +1; Wisdom +1; Charisma +1,Medium,30 feet,"<strong>Age</strong><br><br>Humans reach adulthood in their late teens and live less than a century.<br><br><strong>Size</strong><br><br>Humans vary widely in height and build, from barely 5 feet to well over 6 feet tall. Regardless of your position in that range, your size is Medium.<br><br><strong>Languages</strong><br><br>You can speak, read, and write Common and one extra language of your choice. Humans typically learn the languages of other peoples they deal with, including obscure dialects. They are fond of sprinkling their speech with words borrowed from other tongues: Orc curses, Elvish musical expressions, Dwarvish military phrases, and so on."
Human (Base),PHB,29,,Medium,30 feet,"Age. Humans reach adulthood in their late teens and live less than a century.<br><br>Size. Humans vary widely in height and build, from barely 5 feet to well over 6 feet tall. Regardless of your position in that range, your size is Medium.<br><br>Languages. You can speak, read, and write Common and one extra language of your choice. Humans typically learn the languages of other peoples they deal with, including obscure dialects. They are fond of sprinkling their speech with words borrowed from other tongues: Orc curses, Elvish musical expressions, Dwarvish military phrases, and so on."
Human (Mark of Handling),ERLW,42,Wisdom +2; Choose any other +1,Medium,30 feet,"<strong>Age</strong><br><br>Humans reach adulthood in their late teens and live less than a century.<br><br><strong>Size</strong><br><br>Humans vary widely in height and build, from barely 5 feet to well over 6 feet tall. Regardless of your position in that range, your size is Medium.<br><br><strong>Languages</strong><br><br>You can speak, read, and write Common and one extra language of your choice. Humans typically learn the languages of other peoples they deal with, including obscure dialects. They are fond of sprinkling their speech with words borrowed from other tongues: Orc curses, Elvish musical expressions, Dwarvish military phrases, and so on.<br><br><strong>Wild Intuition</strong><br><br>When you make a Wisdom (Animal Handling) or Intelligence (Nature) check, you can roll a d4 and add the number rolled to the ability check.<br><br><strong>Primal Connection</strong><br><br>You can cast the animal friendship and speak with animals spells with this trait, requiring no material component. Once you cast either spell with this trait, you can't cast that spell with it again until you finish a short or long rest. Wisdom is your spellcasting ability for these spells.<br><br><strong>The Bigger They Are</strong><br><br>Starting at 3rd level, you can target a beast or monstrosity when you cast animal friendship or speak with animals, provided the creature's Intelligence score is 3 or lower.<br><br><strong>Spells of the Mark</strong><br><br>If you have the Spellcasting or the Pact Magic class feature, the spells on the Mark of Handling Spells table are added to the spell list of your spellcasting class.<br><br><table border=""1"" cellpadding=""5"" cellspacing=""0""><caption>Mark of Handling Spells</caption><tr><th>Spell Level</th><th>Spells</th></tr><tr><td>1st</td><td>animal friendship, speak with animals</td></tr><tr><td>2nd</td><td>beast sense, calm emotions</td></tr><tr><td>3rd</td><td>beacon of hope, conjure animals</td></tr><tr><td>4th</td><td>aura of life, dominate beast</td></tr><tr><td>5th</td><td>awaken</td></tr></table>"
Human (Mark of Making),ERLW,45,Intelligence +2; Choose any other +1,Medium,30 feet,"<strong>Age</strong><br><br>Humans reach adulthood in their late teens and live less than a century.<br><br><strong>Size</strong><br><br>Humans vary widely in height and build, from barely 5 feet to well over 6 feet tall. Regardless of your position in that range, your size is Medium.<br><br><strong>Languages</strong><br><br>You can speak, read, and write Common and one extra language of your choice. Humans typically learn the languages of other peoples they deal with, including obscure dialects. They are fond of sprinkling their speech with words borrowed from other tongues: Orc curses, Elvish musical expressions, Dwarvish military phrases, and so on.<br><br><strong>Artisan's Intuition</strong><br><br>When you make an Arcana check or an ability check involving artisan's tools, you can roll a d4 and add the number rolled to the ability check.<br><br><strong>Maker's Gift</strong><br><br>You gain proficiency with one type of artisan's tools of your choice.<br><br><strong>Spellsmith</strong><br><br>You know the mending cantrip. You can also cast the magic weapon spell with this trait. When you do so, the spell lasts for 1 hour and doesn't require concentration. Once you cast the spell with this trait, you can't do so again until you finish a long rest. Intelligence is your spellcasting ability for these spells.<br><br><strong>Spells of the Mark</strong><br><br>If you have the Spellcasting or the Pact Magic class feature, the spells on the Mark of Making Spells table are added to the spell list of your spellcasting class.<br><br><table border=""1"" cellpadding=""5"" cellspacing=""0""><caption>Mark of Making Spells</caption><tr><th>Spell Level</th><th>Spells</th></tr><tr><td>1st</td><td>identify, Tenser's floating disk</td></tr><tr><td>2nd</td><td>continual flame, magic weapon</td></tr><tr><td>3rd</td><td>conjure barrage, elemental weapon</td></tr><tr><td>4th</td><td>fabricate, stone shape</td></tr><tr><td>5th</td><td>creation</td></tr></table>"
Human (Mark of Passage),ERLW,46,Dexterity +2; Choose any other +1,Medium,35 feet,"<strong>Age</strong><br><br>Humans reach adulthood in their late teens and live less than a century.<br><br><strong>Size</strong><br><br>Humans vary widely in height and build, from barely 5 feet to well over 6 feet tall. Regardless of your position in that range, your size is Medium.<br><br><strong>Languages</strong><br><br>You can speak, read, and write Common and one extra language of your choice. Humans typically learn the languages of other peoples they deal with, including obscure dialects. They are fond of sprinkling their speech with words borrowed from other tongues: Orc curses, Elvish musical expressions, Dwarvish military phrases, and so on.<br><br><strong>Courier's Speed</strong><br><br>Your base walking speed increases to 35 feet.<br><br><strong>Intuitive Motion</strong><br><br>When you make a Dexterity (Acrobatics) check or any ability check to operate or maintain a land vehicle, you can roll a d4 and add the number rolled to the ability check.<br><br><strong>Magical Passage</strong><br><br>You can cast the misty step spell once with this trait, and you regain the ability to cast it when you finish a long rest. Dexterity is your spellcasting ability for this spell.<br><br><strong>Spells of the Mark</strong><br><br>If you have the Spellcasting or the Pact Magic class feature, the spells on the Mark of Passage Spells table are added to the spell list of your spellcasting class.<br><br><table border=""1"" cellpadding=""5"" cellspacing=""0""><caption>Mark of Passage Spells</caption><tr><th>Spell Level</th><th>Spells</th></tr><tr><td>1st</td><td>expeditious retreat, jump</td></tr><tr><td>2nd</td><td>misty step, pass without trace</td></tr><tr><td>3rd</td><td>blink, phantom steed</td></tr><tr><td>4th</td><td>dimension door, freedom of movement</td></tr><tr><td>5th</td><td>teleportation circle</td></tr></table>"
Human (Mark of Sentinel),ERLW,48,Constitution +2; Wisdom +1,Medium,30 feet,"<strong>Age</strong><br><br>Humans reach adulthood in their late teens and live less than a century.<br><br><strong>Size</strong><br><br>Humans vary widely in height and build, from barely 5 feet to well over 6 feet tall. Regardless of your position in that range, your size is Medium.<br><br><strong>Languages</strong><br><br>You can speak, read, and write Common and one extra language of your choice. Humans typically learn the languages of other peoples they deal with, including obscure dialects. They are fond of sprinkling their speech with words borrowed from other tongues: Orc curses, Elvish musical expressions, Dwarvish military phrases, and so on.<br><br><strong>Sentinel's Intuition</strong><br><br>When you make a Wisdom (Insight) or Wisdom (Perception) check, you can roll a d4 and add the number rolled to the ability check.<br><br><strong>Guardian's Shield</strong><br><br>You can cast the shield spell once with this trait, and you regain the ability to cast it after you finish a long rest. Wisdom is your spellcasting ability for this spell.<br><br><strong>Vigilant Guardian</strong><br><br>When a creature you can see within 5 feet of you is hit by an attack roll, you can use your reaction to swap places with that creature, and you are hit by the attack instead. Once you use this trait, you can't do so again until you finish a long rest.<br><br><strong>Spells of the Mark</strong><br><br>If you have the Spellcasting or the Pact Magic class feature, the spells on the Mark of Sentinel Spells table are added to the spell list of your spellcasting class.<br><br><table border=""1"" cellpadding=""5"" cellspacing=""0""><caption>Mark of Sentinel Spells</caption><tr><th>Spell Level</th><th>Spells</th></tr><tr><td>1st</td><td>compelled duel, shield of faith</td></tr><tr><td>2nd</td><td>warding bond, zone of truth</td></tr><tr><td>3rd</td><td>counterspell, protection from energy</td></tr><tr><td>4th</td><td>death ward, guardian of faith</td></tr><tr><td>5th</td><td>Bigby's hand</td></tr></table>"
Human (Variant; Mark of Finding),ERLW,41,Wisdom +2; Constitution +1,Medium,30 feet,"<strong>Age</strong><br><br>Humans reach adulthood in their late teens and live less than a century.<br><br><strong>Size</strong><br><br>Humans vary widely in height and build, from barely 5 feet to well over 6 feet tall. Regardless of your position in that range, your size is Medium.<br><br><strong>Languages</strong><br><br>You can speak, read, and write Common and one extra language of your choice. Humans typically learn the languages of other peoples they deal with, including obscure dialects. They are fond of sprinkling their speech with words borrowed from other tongues: Orc curses, Elvish musical expressions, Dwarvish military phrases, and so on.<br><br><strong>Darkvision</strong><br><br>You can see in dim light within 60 feet of you as if it were bright light, and in darkness as if it were dim light. You can't discern color in darkness, only shades of gray.<br><br><strong>Hunter's Intuition</strong><br><br>When you make a Wisdom (Perception) or Wisdom (Survival) check, you can roll a d4 and add the number rolled to the ability check.<br><br><strong>Finder's Magic</strong><br><br>You can cast the hunter's mark spell with this trait. Starting at 3rd level, you can also cast the locate object spell with it. Once you cast either spell with this trait, you can't cast that spell with it again until you finish a long rest. Wisdom is your spellcasting ability for these spells.<br><br><strong>Languages</strong><br><br>You can speak, read, and write Common and Goblin.<br><br><strong>Spells of the Mark</strong><br><br>If you have the Spellcasting or the Pact Magic class feature, the spells on the Mark of Finding Spells table are added to the spell list of your spellcasting class.<br><br><table border=""1"" cellpadding=""5"" cellspacing=""0""><caption>Mark of Finding Spells</caption><tr><th>Spell Level</th><th>Spells</th></tr><tr><td>1st</td><td>faerie fire, longstrider</td></tr><tr><td>2nd</td><td>locate animals or plants, locate object</td></tr><tr><td>3rd</td><td>clairvoyance, speak with plants</td></tr><tr><td>4th</td><td>divination, locate creature</td></tr><tr><td>5th</td><td>commune with nature</td></tr></table>"
Human (Variant),PHB,31,Choose any two unique +1,Medium,30 feet,"<strong>Age</strong><br><br>Humans reach adulthood in their late teens and live less than a century.<br><br><strong>Size</strong><br><br>Humans vary widely in height and build, from barely 5 feet to well over 6 feet tall. Regardless of your position in that range, your size is Medium.<br><br><strong>Languages</strong><br><br>You can speak, read, and write Common and one extra language of your choice. Humans typically learn the languages of other peoples they deal with, including obscure dialects. They are fond of sprinkling their speech with words borrowed from other tongues: Orc curses, Elvish musical expressions, Dwarvish military phrases, and so on.<br><br><strong>Skills</strong><br><br>You gain proficiency in one skill of your choice.<br><br><strong>Feat</strong><br><br>You gain one feat|feats.html of your choice."
Jerbeen,HumblewoodCampaignSetting,27,Dexterity +2; Charisma +1,Small,30 feet,"Age. Jerbeens grow quickly, reaching maturity around 5 years. They are the shortest lived of all the humblefolk races, living just about 40 years.<br><br>Alignment. Being small and facing many threats in the world, jerbeens are sensitive to the feelings of others, and tend towards good alignments. They also lean more towards lawful alignments due to their co-operative nature.<br><br>Size. Jerbeens have incredibly small and light bodies, standing between 2 and 3 feet tall, and weighing between 20 and 40 pounds. Your size is Small.<br><br>Speed. Your base walking speed is 30 feet.<br><br>Standing Leap. Your base long jump is 30 feet, and your base high jump is 15 feet, with or without a running start.<br><br>Nimbleness. You can move through the space of any creature that is of a size larger than yours.<br><br>Take Heart. You have advantage on Strength saving throws and saving throws against being frightened as long as you are within 5 feet of an ally who isn't frightened or incapacitated that you can both see and hear.<br><br>Team Tactics. You can use the Help action as a bonus action.<br><br>Languages. You can speak, read, and write Birdfolk and Jerbeen."
Kalashtar,ERLW,29,Wisdom +2; Charisma +1,Medium,30 feet,"<strong>Age</strong><br><br>Kalashtar mature and age at the same rate as humans.<br><br><strong>Alignment</strong><br><br>The noble spirit tied to a kalashtar drives it toward lawful and good behavior. Most kalashtar combine strong self-discipline with compassion for all beings, but some kalashtar resist the virtuous influence of their spirit.<br><br><strong>Size</strong><br><br>Your size is Medium.<br><br><strong>Dual Mind</strong><br><br>You have advantage on all Wisdom saving throws.<br><br><strong>Mental Discipline</strong><br><br>You have resistance to psychic damage.<br><br><strong>Mind Link</strong><br><br>You can speak telepathically to any creature you can see, provided the creature is within a number of feet of you equal to 10 times your level. You don't need to share a language with the creature for it to understand your telepathic utterances, but the creature must be able to understand at least one language.<br><br>When you're using this trait to speak telepathically to a creature, you can use your action to give that creature the ability to speak telepathically with you for 1 hour or until you end this effect as an action. To use this ability, the creature must be able to see you and must be within this trait's range. You can give this ability to only one creature at a time; giving it to a creature takes it away from another creature who has it.<br><br><strong>Severed from Dreams</strong><br><br>Kalashtar sleep, but they don't connect to the plane of dreams as other creatures do. Instead, their minds draw from the memories of their otherworldly spirit while they sleep. As such, you are immune to spells and other magical effects that require you to dream, like dream, but not to spells and other magical effects that put you to sleep, like sleep.<br><br><strong>Languages</strong><br><br>You can speak, read, and write Common, Quori, and one other language of your choice."
Kender,DSotDQ,27,Choose one of: (a) Choose any +2; choose any other +1 (b) Choose three different +1,Small,30 feet,"<strong>Fearless</strong><br><br>You have advantage on saving throws you make to avoid or end the frightened condition on yourself. When you fail a saving throw to avoid or end the frightened condition on yourself, you can choose to succeed instead. Once you succeed on a saving throw in this way, you can't do so again until you finish a long rest.<br><br><strong>Kender Curiosity</strong><br><br>Thanks to the mystical origin of your people, you gain proficiency with one of the following skills of your choice: Insight, Investigation, Sleight of Hand, Stealth, or Survival.<br><br><strong>Taunt</strong><br><br>You have an extraordinary ability to fluster creatures. As a bonus action, you can unleash a string of provoking words at a creature within 60 feet of yourself that can hear and understand you. The target must succeed on a Wisdom saving throw, or it has disadvantage on attack rolls against targets other than you until the start of your next turn. The DC equals 8 + your proficiency bonus + your Intelligence, Wisdom, or Charisma modifier (choose when you select this race).<br><br>You can use this bonus action a number of times equal to your proficiency bonus, and you regain all expended uses when you finish a long rest."
Kenku,MPMM,24,Choose one of: (a) Choose any +2; choose any other +1 (b) Choose three different +1,Small or Medium,30 feet,"<strong>Size</strong><br><br>Your size is Medium or Small. You choose the size when you select this race.<br><br><strong>Expert Duplication</strong><br><br>When you copy writing or craftwork produced by yourself or someone else, you have advantage on any ability checks you make to produce an exact duplicate.<br><br><strong>Kenku Recall</strong><br><br>Thanks to your supernaturally good memory, you have proficiency in two skills of your choice.<br><br>Moreover, when you make an ability check using any skill in which you have proficiency, you can give yourself advantage on the check before rolling the d20. You can give yourself advantage in this way a number of times equal to your proficiency bonus, and you regain all expended uses when you finish a long rest.<br><br><strong>Mimicry</strong><br><br>You can accurately mimic sounds you have heard, including voices. A creature that hears the sounds you make can tell they are imitations only with a successful Wisdom (Insight) check against a DC of 8 + your proficiency bonus + your Charisma modifier."
Kenku,VGM,109,Dexterity +2; Wisdom +1,Medium,30 feet,"<strong>Age</strong><br><br>Kenku have shorter lifespans than humans. They reach maturity at about 12 years old and can live to 60.<br><br><strong>Size</strong><br><br>Kenku are around 5 feet tall and weigh between 90 and 120 pounds. Your size is Medium.<br><br><strong>Expert Forgery</strong><br><br>You can duplicate other creatures' handwriting and craftwork. You have advantage on all checks made to produce forgeries or duplicates of existing objects.<br><br><strong>Kenku Training</strong><br><br>You are proficient in your choice of two of the following skills: Acrobatics, Deception, Stealth, and Sleight of Hand.<br><br><strong>Mimicry</strong><br><br>You can mimic sounds you have heard, including voices. A creature that hears the sounds can tell they are imitations with a successful Wisdom (Insight) check opposed by your Charisma (Deception) check.<br><br><strong>Languages</strong><br><br>You can read and write Common and Auran, but you can only speak using your Mimicry trait."
Kobold,MPMM,25,Choose one of: (a) Choose any +2; choose any other +1 (b) Choose three different +1,Small,30 feet,"<strong>Darkvision</strong><br><br>You can see in dim light within 60 feet of you as if it were bright light, and in darkness as if it were in dim light. You discern colors in that darkness only as shades of gray.<br><br><strong>Draconic Cry</strong><br><br>As a bonus action, you let out a cry at your enemies within 10 feet of you. Until the start of your next turn, you and your allies have advantage on attack rolls against any of those enemies who could hear you. You can use this trait a number of times equal to your proficiency bonus, and you regain all expended uses when you finish a long rest.<br><br><strong>Kobold Legacy</strong><br><br>Kobold's connections to dragons can manifest in unpredictable ways in an individual kobold. Choose one of the following legacy options for your kobold.<br><br>• {'type': 'item', 'name': 'Craftiness', 'entry': 'You have proficiency in one of the following skills of your choice: Arcana, Investigation, Medicine, Sleight of Hand, or Survival.'}<br><br>• {'type': 'item', 'name': 'Defiance', 'entry': 'You have advantage on saving throws to avoid or end the frightened condition on yourself.'}<br><br>• {'type': 'item', 'name': 'Draconic Sorcery', 'entry': 'You know one cantrip of your choice from the sorcerer spell list. Intelligence, Wisdom, or Charisma is your spellcasting ability for that cantrip (choose when you select this race).'}"
Kobold,VGM,119,Dexterity +2,Small,30 feet,"<strong>Age</strong><br><br>Kobolds reach adulthood at age 6 and can live up to 120 years but rarely do so.<br><br><strong>Size</strong><br><br>Kobolds are between 2 and 3 feet tall and weigh between 25 and 35 pounds. Your size is Small.<br><br><strong>Darkvision</strong><br><br>You can see in dim light within 60 feet of you as if it were bright light, and in darkness as if it were dim light. You can't discern color in darkness, only shades of gray.<br><br><strong>Grovel, Cower, and Beg</strong><br><br>As an action on your turn, you can cower pathetically to distract nearby foes. Until the end of your next turn, your allies gain advantage on attack rolls against enemies within 10 feet of you that you can see. Once you use this trait, you can't use it again until you finish a short or long rest.<br><br><strong>Pack Tactics</strong><br><br>You have advantage on an attack roll against a creature if at least one of your allies is within 5 feet of the creature and the ally isn't incapacitated.<br><br><strong>Sunlight Sensitivity</strong><br><br>You have disadvantage on attack rolls and on Wisdom (Perception) checks that rely on sight when you, the target of your attack, or whatever you are trying to perceive is in direct sunlight.<br><br><strong>Languages</strong><br><br>You can speak, read, and write Common and Draconic."
Leonin,MOT,20,Constitution +2; Strength +1,Medium,35 feet,"<strong>Age</strong><br><br>Leonin mature and age at about the same rate as humans.<br><br><strong>Alignment</strong><br><br>Leonin tend toward good alignments. Leonin who are focused on the pride lean toward lawful good.<br><br><strong>Size</strong><br><br>Leonin are typically over 6 feet tall, with some standing over 7 feet. Your size is Medium.<br><br><strong>Darkvision</strong><br><br>You can see in dim light within 60 feet of you as if it were bright light and in darkness as if it were dim light. You can't discern color in darkness, only shades of gray.<br><br><strong>Claws</strong><br><br>Your claws are natural weapons, which you can use to make unarmed strikes. If you hit with them, you can deal slashing damage equal to 1d4 + your Strength modifier, instead of the bludgeoning damage normal for an unarmed strike.<br><br><strong>Hunter's Instincts</strong><br><br>You have proficiency in one of the following skills of your choice: Athletics, Intimidation, Perception, or Survival.<br><br><strong>Daunting Roar</strong><br><br>As a bonus action, you can let out an especially menacing roar. Creatures of your choice within 10 feet of you that can hear you must succeed on a Wisdom saving throw or become frightened of you until the end of your next turn. The DC of the save equals 8 + your proficiency bonus + your Constitution modifier. Once you use this trait, you can't use it again until you finish a short or long rest.<br><br><strong>Languages</strong><br><br>You can speak, read, and write Common and Leonin."
Lizardfolk,MPMM,26,Choose one of: (a) Choose any +2; choose any other +1 (b) Choose three different +1,Medium,"30 feet, swim equal to your walking speed","<strong>Speed</strong><br><br>Your walking speed is 30 feet, and you have a swimming speed equal to your walking speed.<br><br><strong>Bite</strong><br><br>You have a fanged maw that you can use to make unarmed strikes. When you hit with it, the strike deals 1d6 + your Strength modifier slashing damage, instead of the bludgeoning damage normal for an unarmed strike.<br><br><strong>Hold Breath</strong><br><br>You can hold your breath for up to 15 minutes at a time.<br><br><strong>Hungry Jaws</strong><br><br>You can throw yourself into a feeding frenzy. As a bonus action, you can make a special attack with your Bite. If the attack hits, it deals its normal damage, and you gain temporary hit points equal to your proficiency bonus. You can use this trait a number of times equal to your proficiency bonus, and you regain all expended uses when you finish a long rest.<br><br><strong>Natural Armor</strong><br><br>You have tough, scaly skin. When you aren't wearing armor, your base AC is 13 + Dexterity modifier. You can use your natural armor to determine your AC if the armor you wear would leave you with a lower AC. A shield's benefits apply as normal while you use your natural armor.<br><br><strong>Nature's Intuition</strong><br><br>Thanks to your mystical connection to nature, you gain proficiency with two of the following skills of your choice: Animal Handling, Medicine, Nature, Perception, Stealth, or Survival."
Lizardfolk,VGM,111,Constitution +2; Wisdom +1,Medium,"30 feet, swim 30 feet","<strong>Age</strong><br><br>Lizardfolk reach maturity around age 14 and rarely live longer than 60 years.<br><br><strong>Size</strong><br><br>Lizardfolk are a little bulkier and taller than humans, and their colorful frills make them appear even larger. Your size is Medium.<br><br><strong>Swim Speed</strong><br><br>You have a swimming speed of 30 feet.<br><br><strong>Bite</strong><br><br>Your fanged maw is a natural weapon, which you can use to make unarmed strikes. If you hit with it, you deal piercing damage equal to 1d6 + your Strength modifier, instead of the bludgeoning damage normal for an unarmed strike.<br><br><strong>Cunning Artisan</strong><br><br>As part of a short rest, you can harvest bone and hide from a slain beast, construct, dragon, monstrosity, or plant creature of size small or larger to create one of the following items: a shield|phb, a club|phb, a javelin|phb, or 1d4 dart|phb|darts or blowgun needle|phb|blowgun needles. To use this trait, you need a blade, such as a dagger|phb, or appropriate artisan's tools, such as leatherworker's tools|phb.<br><br><strong>Hold Breath</strong><br><br>You can hold your breath for up to 15 minutes at a time.<br><br><strong>Hunter's Lore</strong><br><br>You gain proficiency with two of the following skills of your choice: Animal Handling, Nature, Perception, Stealth, and Survival.<br><br><strong>Natural Armor</strong><br><br>You have tough, scaly skin. When you aren't wearing armor, your AC is 13 + your Dexterity modifier. You can use your natural armor to determine your AC if the armor you wear would leave you with a lower AC. A shield's benefits apply as normal while you use your natural armor.<br><br><strong>Hungry Jaws</strong><br><br>In battle, you can throw yourself into a vicious feeding frenzy. As a bonus action, you can make a special attack with your bite. If the attack hits, it deals its normal damage, and you gain temporary hit points equal to your Constitution modifier (minimum of 1), and you can't use this trait again until you finish a short or long rest.<br><br><strong>Languages</strong><br><br>You can speak, read, and write Common and Draconic."
Loxodon,GGR,17,Constitution +2; Wisdom +1,Medium,30 feet,"<strong>Age</strong><br><br>Loxodons physically mature at the same rate as humans, but they live about 450 years. They highly value the weight of wisdom and experience and are considered young until they reach the age of 60.<br><br><strong>Alignment</strong><br><br>Most loxodons are lawful, believing in the value of a peaceful, ordered life. They also tend toward good.<br><br><strong>Size</strong><br><br>Loxodons stand between 7 and 8 feet tall. Their massive bodies weigh between 300 and 400 pounds. Your size is Medium.<br><br><strong>Powerful Build</strong><br><br>You count as one size larger when determining your carrying capacity and the weight you can push, drag, or lift.<br><br><strong>Loxodon Serenity</strong><br><br>You have advantage on saving throws against being charmed or frightened.<br><br><strong>Natural Armor</strong><br><br>You have thick, leathery skin. When you aren't wearing armor, your AC is 12 + your Constitution modifier. You can use your natural armor to determine your AC if the armor you wear would leave you with a lower AC. A shield's benefits apply as normal while you use your natural armor.<br><br><em>Tip: AC Calculations Don't Stack</em><br><br>When the game gives you more than one way to calculate your Armor Class, you can use only one of them. You choose the one to use. For example, if you have the loxodon's Natural Armor trait and the monk's Unarmored Defense feature, you don't mix them together. Instead, you choose which one determines your AC.<br><br><strong>Trunk</strong><br><br>You can grasp things with your trunk, and you can use it as a snorkel. It has a reach of 5 feet, and it can lift a number of pounds equal to five times your Strength score. You can use it to do the following simple tasks: lift, drop, hold, push, or pull an object or a creature; open or close a door or a container; grapple someone; or make an unarmed strike. Your DM might allow other simple tasks to be added to that list of options.<br><br>Your trunk can't wield weapons or shields or do anything that requires manual precision, such as using tools or magic items or performing the somatic components of a spell.<br><br><strong>Keen Smell</strong><br><br>Thanks to your sensitive trunk, you have advantage on Wisdom (Perception), Wisdom (Survival), and Intelligence (Investigation) checks that involve smell.<br><br><strong>Languages</strong><br><br>You can speak, read, and write Common and Loxodon."
Luma,HumblewoodCampaignSetting,16,Charisma +2,Small,25 feet,"Age. Lumas are short-lived reaching adulthood around 20 years. Few lumas live beyond 70 years.<br><br>Alignment. Spurred by personal interests and flights of fancy, lumas lean towards chaotic alignments. While generally good natured, those that have been spurned by society find it hard to see the benefits of altruism, but even under such circumstances lumas are rarely evil.<br><br>Size. Lumas are the shortest and lightest of the birdfolk, standing roughly 3 feet tall and weighing only around 30 pounds. Your size is Small.<br><br>Speed. Your base walking speed is 25 feet.<br><br>Glide. Using your feathered arms, you can slow your fall, and glide short distances. When falling you can use your reaction to spread your arms, stiffen your wing feathers, and slow your descent. While doing so, you continue to fall gently at a speed of 60 feet per round, taking no fall damage when you land. If you would fall at least 10 feet in this way, you may fly up to your movement speed in one direction you choose, although you cannot choose to move upwards, landing in the space you finish your movement. You cannot glide while carrying heavy weapons or wielding a shield (though you may drop any held items as part of your reaction to spread your arms). You cannot glide while wearing heavy armor, or if you are encumbered.<br><br>Wing Flap. As a bonus action, you can use your powerful feathered arms to propel yourself upward a distance equal to half your movement speed. You can use it in conjunction with a regular jump, but not while gliding.<br><br>Touched. You know one cantrip from the sorcerer spell list. Charisma is your spellcasting ability for this cantrip.<br><br>Fated. Whether by luck or a guiding presence, you always seem to find your way. You can choose to reroll any attack, skill check, or saving throw. You can decide to do this after your roll, but only before the outcome of the roll has been determined. You can't use this feature again until you have completed a long rest.<br><br>Languages. You can speak, read, and write Birdfolk. You can also understand Auran, though you cannot speak it naturally."
Luma (Sable),HumblewoodCampaignSetting,16,Charisma +2; Constitution +1,Small,25 feet,"Age. Lumas are short-lived reaching adulthood around 20 years. Few lumas live beyond 70 years.<br><br>Alignment. Spurred by personal interests and flights of fancy, lumas lean towards chaotic alignments. While generally good natured, those that have been spurned by society find it hard to see the benefits of altruism, but even under such circumstances lumas are rarely evil.<br><br>Size. Lumas are the shortest and lightest of the birdfolk, standing roughly 3 feet tall and weighing only around 30 pounds. Your size is Small.<br><br>Speed. Your base walking speed is 25 feet.<br><br>Glide. Using your feathered arms, you can slow your fall, and glide short distances. When falling you can use your reaction to spread your arms, stiffen your wing feathers, and slow your descent. While doing so, you continue to fall gently at a speed of 60 feet per round, taking no fall damage when you land. If you would fall at least 10 feet in this way, you may fly up to your movement speed in one direction you choose, although you cannot choose to move upwards, landing in the space you finish your movement. You cannot glide while carrying heavy weapons or wielding a shield (though you may drop any held items as part of your reaction to spread your arms). You cannot glide while wearing heavy armor, or if you are encumbered.<br><br>Wing Flap. As a bonus action, you can use your powerful feathered arms to propel yourself upward a distance equal to half your movement speed. You can use it in conjunction with a regular jump, but not while gliding.<br><br>Touched. You know one cantrip from the sorcerer spell list. Charisma is your spellcasting ability for this cantrip.<br><br>Fated. Whether by luck or a guiding presence, you always seem to find your way. You can choose to reroll any attack, skill check, or saving throw. You can decide to do this after your roll, but only before the outcome of the roll has been determined. You can't use this feature again until you have completed a long rest.<br><br>Languages. You can speak, read, and write Birdfolk. You can also understand Auran, though you cannot speak it naturally.<br><br>Hard to Read. Your innate eccentricities make it hard for other folk to figure you out. When someone performs a Wisdom (Insight) check against you, they have disadvantage on their roll. Additionally, you gain advantage on Charisma (Deception) checks made against creatures that are not lumas.<br><br>Resilience. You have advantage on saving throws against poison and resistance against poison damage."
Luma (Sera),HumblewoodCampaignSetting,16,Charisma +2; Wisdom +1,Small,25 feet,"Age. Lumas are short-lived reaching adulthood around 20 years. Few lumas live beyond 70 years.<br><br>Alignment. Spurred by personal interests and flights of fancy, lumas lean towards chaotic alignments. While generally good natured, those that have been spurned by society find it hard to see the benefits of altruism, but even under such circumstances lumas are rarely evil.<br><br>Size. Lumas are the shortest and lightest of the birdfolk, standing roughly 3 feet tall and weighing only around 30 pounds. Your size is Small.<br><br>Speed. Your base walking speed is 25 feet.<br><br>Glide. Using your feathered arms, you can slow your fall, and glide short distances. When falling you can use your reaction to spread your arms, stiffen your wing feathers, and slow your descent. While doing so, you continue to fall gently at a speed of 60 feet per round, taking no fall damage when you land. If you would fall at least 10 feet in this way, you may fly up to your movement speed in one direction you choose, although you cannot choose to move upwards, landing in the space you finish your movement. You cannot glide while carrying heavy weapons or wielding a shield (though you may drop any held items as part of your reaction to spread your arms). You cannot glide while wearing heavy armor, or if you are encumbered.<br><br>Wing Flap. As a bonus action, you can use your powerful feathered arms to propel yourself upward a distance equal to half your movement speed. You can use it in conjunction with a regular jump, but not while gliding.<br><br>Touched. You know one cantrip from the sorcerer spell list. Charisma is your spellcasting ability for this cantrip.<br><br>Fated. Whether by luck or a guiding presence, you always seem to find your way. You can choose to reroll any attack, skill check, or saving throw. You can decide to do this after your roll, but only before the outcome of the roll has been determined. You can't use this feature again until you have completed a long rest.<br><br>Languages. You can speak, read, and write Birdfolk. You can also understand Auran, though you cannot speak it naturally.<br><br>Center of Attention. You have proficiency in the Performance skill.<br><br>Songbird. When you perform, you can demonstrate the innate and mystical power of your Charisma. You may cast the charm person spell once per long rest. This spell does not require any somatic components to cast. Charisma is your spellcasting ability for this spell."
Man of Bree,TLotRR,40,Wisdom +1; Charisma +1,Medium,30 feet,"Adventuring Age. Between 18–40 years of age. Actual adventurers from Bree-land are rare indeed. If they leave their villages at all, they do it when the vigour of youth is in their limbs, and usually return home to settle down before their fortieth year.<br><br>Pipe-Weed Lore. You have proficiency with pipes.<br><br>See Through a Brick Wall in Time. You have proficiency in the Insight skill.<br><br>Starting Virtue. You gain one cultural virtue of your choice (see Chapter 4).<br><br>Languages. You speak, read and write Westron, albeit slightly altered in a local dialect.<br><br>Standard of Living: Common. Bree-land is not as wealthy as it once was, but these days the inhabitants of the four villages are no more rustic than their neighbours in the Shire, and no less well-off. Starting Gear"
Mapach,HumblewoodCampaignSetting,28,Wisdom +2; Constitution +1,Medium,"30 feet, climb 20 feet","Age. Mapachs mature quickly, reaching adulthood around 8 years. Despite this they have fairly average lifespans, the oldest among them living just past 60 years.<br><br>Alignment. Mapachs don't favour good over evil, with most choosing to remain neutral. They also lean towards the freedom of chaotic alignments.<br><br>Size. Mapachs stand between 4 and 5 feet tall, and encompass a variety of builds from svelt to wide, weighing between 90 and 160 pounds. Your size is Medium.<br><br>Speed. Your base walking speed is 30 feet.<br><br>Darkvision. You can see in dim light within 60 feet of you as if it were bright light, and in darkness as if it were dim light. You can't discern color in darkness, only shades of gray. Mapachs are most comfortable under the cloak of night.<br><br>Expert Climbers. You have a climb speed of 20 feet.<br><br>Resilience. You have advantage on saving throws against poison and resistance against poison damage.<br><br>Scroungecraft. You are proficient with tinker's tools. Additionally, you have the ability to construct crude but functional versions of common items using materials present in your surroundings. You may spend 10 minutes to craft these materials into any tool or piece of adventuring gear worth 30 gold pieces or less. The item will be completely functional, even capable of passing for a disguise (if you crafted an article of clothing). Tools, along with any other item that would logically break on its first use (caltrops, arrows), will become useless afterward. Scroungecrafted items will otherwise last 1 hour before falling apart.Depending on the materials available, a Game Master (GM) may rule that you cannot craft an item in this way. For example, a vial of acid might be easy to make if you happen to be near a nest of acidic beetle larvae, or bark can be bound into a makeshift flask, but it would be difficult to create a passable facsimile of silken robes from a pile of leaves.Should you have access to the proper materials, you can spend 8 hours converting an item you have scroungecrafted in this way into a permanent version, so long as you start this process before the item falls apart. Items crafted in such a way will function exactly as a normal version of the item, and if you have proficiency in the tools used to craft them, they can even look professionally-crafted. Otherwise, they retain a rather rough, cobbled-together appearance. You can also use scroungecraft to repair broken equipment, provided you have the materials on hand. Though, how long your repairs hold together is up to the GM.<br><br>Skulker. You have advantage on Stealth checks made in dim light and darkness.<br><br>Languages. You can speak, read, and write Birdfolk and Mapach."
Minotaur,GGR,18,Strength +2; Constitution +1,Medium,30 feet,"These traits are also suitable for minotaurs in other D&D worlds where these people have avoided the demonic influence of Baphomet.<br><br><strong>Age</strong><br><br>Minotaurs enter adulthood at around the age of 17 and can live up to 150 years.<br><br><strong>Alignment</strong><br><br>Most minotaurs who join the Boros Legion lean toward lawful alignments, while those associated with the Cult of Rakdos or the Gruul Clans tend toward chaotic alignments.<br><br><strong>Size</strong><br><br>Minotaurs average over 6 feet in height, and they have stocky builds. Your size is Medium.<br><br><strong>Horns</strong><br><br>Your horns are natural melee weapons, which you can use to make unarmed strikes. If you hit with them, you deal piercing damage equal to 1d6 + your Strength modifier, instead of the bludgeoning damage normal for an unarmed strike.<br><br><strong>Goring Rush</strong><br><br>Immediately after you use the Dash action on your turn and move at least 20 feet, you can make one melee attack with your horns as a bonus action.<br><br><strong>Hammering Horns</strong><br><br>Immediately after you hit a creature with a melee attack as part of the Attack action on your turn, you can use a bonus action to attempt to shove that target with your horns. The target must be no more than one size larger than you and within 5 feet of you. Unless it succeeds on a Strength saving throw against a DC equal to 8 + your proficiency bonus + your Strength modifier, you push it up to 10 feet away from you.<br><br><strong>Imposing Presence</strong><br><br>You have proficiency in one of the following skills of your choice: Intimidation or Persuasion.<br><br><strong>Languages</strong><br><br>You can speak, read, and write Common and Minotaur."
Minotaur,MOT,22,Strength +2; Constitution +1,Medium,30 feet,
Minotaur,MPMM,27,Choose one of: (a) Choose any +2; choose any other +1 (b) Choose three different +1,Medium,30 feet,"<strong>Horns</strong><br><br>You have horns that you can use to make unarmed strikes. When you hit with them, the strike deals 1d6 + your Strength modifier piercing damage, instead of the bludgeoning damage normal for an unarmed strike.<br><br><strong>Goring Rush</strong><br><br>Immediately after you take the Dash action on your turn and move at least 20 feet, you can make one melee attack with your Horns as a bonus action.<br><br><strong>Hammering Horns</strong><br><br>Immediately after you hit a creature with a melee attack as part of the Attack action on your turn, you can use a bonus action to attempt to push that target with your horns. The target must be within 5 feet of you and no more than one size larger than you. Unless it succeeds on a Strength saving throw against a DC equal to 8 + your proficiency bonus + your Strength modifier, you can push it up to 10 feet away from you.<br><br><strong>Labyrinthine Recall</strong><br><br>You always know which direction is north, and you have advantage on any Wisdom (Survival) check you make to navigate or track."
Nakudama,ObojimaTallGrass,129,Choose any +2; choose any other +1,Small,"25 feet, swim 30 feet","Ability Score Increase. One ability score of your choice increases by 2, and another ability score of your choice increases by 1.<br><br>Age. Young Nakudama learn to walk and swim in shallow waters just a few weeks after birth. They reach adulthood by the age of 10 and live an average of 45 years.<br><br>Size. Nakudama adults stand 2 to 3 feet tall and weigh 50 pounds on average. Your size is Small.<br><br>Speed. Your base walking speed is 25 feet and you have a swimming speed of 30 feet.<br><br>Amphibious. You can breathe air and water.<br><br>Standing Leap. Your long jump is up to 20 feet and your high jump is up to 15 feet, with or without a running start.<br><br>Languages. You can speak, read, and write Common and Naku Naku.<br><br>Grasping Tongue. As a bonus action, you can lash out your tongue at an object you can see within 15 feet of you that weighs no more than 5 pounds and pull it to you, catching it in your open hand or allowing it to fall at your feet. If the object is being worn or carried by a creature, the creature must succeed on a contested Strength check or have the object pulled away from it.<br><br>Latching Tongue. As a bonus action, you can extend your tongue to latch onto a surface or creature that is at least one size larger than you, pulling yourself toward it. The target must be no more than 15 feet away from you.<br><br>Languages. You can speak, read, and write Common and one other language that you and your DM agree is appropriate for your character."
Orc,ERLW,31,Strength +2; Constitution +1,Medium,30 feet,"<strong>Age</strong><br><br>Orcs reach adulthood at age 12 and live up to 50 years.<br><br><strong>Alignment</strong><br><br>The orcs of Eberron are a passionate people, given to powerful emotion and deep faith. They are generally chaotic, but can be any alignment.<br><br><strong>Size</strong><br><br>Your size is Medium.<br><br><strong>Darkvision</strong><br><br>You can see in dim light within 60 feet of you as if it were bright light, and in darkness as if it were dim light. You can't discern color in darkness, only shades of gray.<br><br><strong>Aggressive</strong><br><br>As a bonus action, you can move up to your movement speed toward a hostile creature you can see or hear. You must end this move closer to the enemy than you started.<br><br><strong>Primal Intuition</strong><br><br>You have proficiency in two of the following skills of your choice: Animal Handling, Insight, Intimidation, Medicine, Nature, Perception, and Survival.<br><br><strong>Powerful Build</strong><br><br>You count as one size larger when determining your carrying capacity and the weight you can push, drag, or lift.<br><br><strong>Languages</strong><br><br>You can speak, read, and write Common and Orc."
Orc,MPMM,28,Choose one of: (a) Choose any +2; choose any other +1 (b) Choose three different +1,Medium,30 feet,"<strong>Adrenaline Rush</strong><br><br>You can take the Dash action as a bonus action. You can use this trait a number of times equal to your proficiency bonus, and you regain all expended uses when you finish a long rest.<br><br>Whenever you use this trait, you gain a number of temporary hit points equal to your proficiency bonus.<br><br><strong>Darkvision</strong><br><br>You can see in dim light within 60 feet of you as if it were bright light, and in darkness as if it were dim light. You discern colors in that darkness only as shades of gray.<br><br><strong>Powerful Build</strong><br><br>You count as one size larger when determining your carrying capacity and the weight you can push, drag, or lift.<br><br><strong>Relentless Endurance</strong><br><br>When you are reduced to 0 hit points but not killed outright, you can drop to 1 hit point instead. Once you use this trait, you can't do so again until you finish a long rest."
Orc,VGM,120,Strength +2; Constitution +1,Medium,30 feet,"<strong>Age</strong><br><br>Orcs reach adulthood at age 12 and live up to 50 years.<br><br><strong>Size</strong><br><br>Orcs are usually over 6 feet tall and weigh between 230 and 280 pounds. Your size is Medium.<br><br><strong>Darkvision</strong><br><br>You can see in dim light within 60 feet of you as if it were bright light, and in darkness as if it were dim light. You can't discern color in darkness, only shades of gray.<br><br><strong>Aggressive</strong><br><br>As a bonus action, you can move up to your movement speed toward a hostile creature you can see or hear. You must end this move closer to the enemy than you started.<br><br><strong>Primal Intuition</strong><br><br>You have proficiency in two of the following skills of your choice: Animal Handling, Insight, Intimidation, Medicine, Nature, Perception, and Survival.<br><br><strong>Powerful Build</strong><br><br>You count as one size larger when determining your carrying capacity and the weight you can push, drag, or lift.<br><br><strong>Languages</strong><br><br>You can speak, read, and write Common and Orc."
Owlin,SCC,29,Choose one of: (a) Choose any +2; choose any other +1 (b) Choose three different +1,Small or Medium,"30 feet, fly equal to your walking speed","<strong>Size</strong><br><br>You are Medium or Small. You choose the size when you select this race.<br><br><strong>Darkvision</strong><br><br>You can see in dim light within 120 feet of yourself as if it were bright light and in darkness as if it were dim light. You discern colors in that darkness only as shades of gray.<br><br><strong>Flight</strong><br><br>Thanks to your wings, you have a flying speed equal to your walking speed. You can't use this flying speed if you're wearing medium or heavy armor.<br><br><strong>Silent Feathers</strong><br><br>You have proficiency in the Stealth skill."
Plasmoid,AAG,14,Choose one of: (a) Choose any +2; choose any other +1 (b) Choose three different +1,Small or Medium,30 feet,"<strong>Creature Type</strong><br><br>You are an Ooze.<br><br><strong>Size</strong><br><br>You are Medium or Small. You choose the size when you select this race.<br><br><strong>Amorphous</strong><br><br>You can squeeze through a space as narrow as 1 inch wide, provided you are wearing and carrying nothing. You have advantage on ability checks you make to initiate or escape a grapple.<br><br><strong>Darkvision</strong><br><br>You can see in dim light within 60 feet of yourself as if it were bright light, and in darkness as if it were dim light. You discern colors in that darkness only as shades of gray.<br><br><strong>Hold Breath</strong><br><br>You can hold your breath for 1 hour.<br><br><strong>Natural Resilience</strong><br><br>You have resistance to acid and poison damage, and you have advantage on saving throws against being poisoned.<br><br><strong>Shape Self</strong><br><br>As an action, you can reshape your body to give yourself a head, one or two arms, one or two legs, and makeshift hands and feet, or you can revert to a limbless blob. While you have a humanlike shape, you can wear clothing and armor made for a Humanoid of your size.<br><br>As a bonus action, you can extrude a pseudopod that is up to 6 inches wide and 10 feet long or reabsorb it into your body. As part of the same bonus action, you can use this pseudopod to manipulate an object, open or close a door or container, or pick up or set down a Tiny object. The pseudopod contains no sensory organs and can't attack, activate magic items, or lift more than 10 pounds."
Quickstep,BookOfEbonTides,32,Dexterity +2; Charisma +1,Small,50 feet,"Quickstep Traits. Your quickstep heritage is apparent in a variety of traits you share with other quicksteps.<br><br>Age. Quicksteps have remarkably short lifespans compared to other fey. Quicksteps mature around 10 years and live up to 50 years.<br><br>Alignment. Due to their association with the shadow fey and their legendary love of competitions, quicksteps have dark reputations, but they are rarely of evil alignment. Many quicksteps have a mischievous, even impetuous, streak that pushes them toward chaotic or neutral alignments.<br><br>Darkvision. You can see in dim light within 60 feet as though it were bright light and in darkness as if it were dim light. You can't discern color in darkness, only shades of gray.<br><br>Fey Ancestry. You have advantage on saving throws against being charmed, and magic can't put you to sleep.<br><br>Nimble. You have proficiency in the Acrobatics and Sleight of Hand skills.<br><br>Startling Speed. Your movements are so swift that you are almost invisible when in motion. If you move at least 10 feet on your turn, attack rolls against you have disadvantage until the start of your next turn. This feature does not function if you are incapacitated or restrained. You can use this ability a number of rounds per day equal to your level.<br><br>Languages. You can speak, read, and write Elvish and Umbral."
Ranger of the North,TLotRR,42,"Choose one of: (a) From Strength, Constitution, and Wisdom choose one 
ability to increase by 2, one other ability to increase by 1, and one 
other ability to increase by 1 (b) Strength +1; Constitution +1; Wisdom 
+1; Choose any other +1",Medium,35 feet,"Adventuring Age. Between 20–50 years of age. Rangers take to the Wild around the age of twenty, but may begin to go on adventures even at a younger age. They retain their strength of body and will longer than most Men, but usually cease to travel far from Eriador when they reach their fifties.<br><br>Wandering Folk. You have proficiency in two of the following skills of your choice: Explore, Hunting, Old Lore, Perception, Stealth, or Travel.<br><br>Languages. You can speak, read and write Westron and Sindarin.<br><br>Standard of Living: Frugal. Rangers rarely wear or carry anything whose worth cannot be measured in a practical way. Their gear or garments are never considered precious for the gleam of stone or gold, but for their capability to endure long journeys and strenuous fights. Starting Gear"
Raptor,HumblewoodCampaignSetting,18,Dexterity +2,Small,25 feet,"Age. Raptors reach maturity around 20 years. They can live longer than any other birdfolk race, over 100 years.<br><br>Alignment. Raptors tend towards neutral alignments. Preferring the path of naturalists and hunters, raptors rarely see value in order for the sake of order, and are often more pragmatic than idealistic.<br><br>Size. Raptors are lean, muscular hunters, but they stand less than 4 feet tall. Their light builds usually lend themselves to bodies that weigh far less than one would expect for their height, averaging around only 35 pounds. Your size is Small.<br><br>Speed. Your base walking speed is 25 feet.<br><br>Glide. Using your feathered arms, you can slow your fall, and glide short distances. When falling you can use your reaction to spread your arms, stiffen your wing feathers, and slow your descent. While doing so, you continue to fall gently at a speed of 60 feet per round, taking no fall damage when you land. If you would fall at least 10 feet in this way, you may fly up to your movement speed in one direction you choose, although you cannot choose to move upwards, landing in the space you finish your movement. You cannot glide while carrying heavy weapons or wielding a shield (though you may drop any held items as part of your reaction to spread your arms). You cannot glide while wearing heavy armor, or if you are encumbered.<br><br>Talons. Your sharp claws aid you in unarmed combat and while climbing. Your damage for an unarmed strike is 1d4 piercing damage. Additionally, you have advantage on Strength (Athletics) checks made to climb any surface your talons could reasonably grip.<br><br>Keen Senses. You have proficiency in the Perception skill.<br><br>Woodland Hunter. Your accuracy allows you to treat three-quarters cover as half cover and half cover as no cover.<br><br>Hunter's Training. You have proficiency with the longbow, shortbow, and spear. Additionally, your familiarity with the longbow means that it is not considered a heavy weapon for you.<br><br>Languages. You can speak, read, and write Birdfolk. You can also understand Auran, though you cannot speak it naturally."
Raptor (Maran),HumblewoodCampaignSetting,18,Dexterity +2; Intelligence +1,Small,"25 feet, swim 25 feet","Age. Raptors reach maturity around 20 years. They can live longer than any other birdfolk race, over 100 years.<br><br>Alignment. Raptors tend towards neutral alignments. Preferring the path of naturalists and hunters, raptors rarely see value in order for the sake of order, and are often more pragmatic than idealistic.<br><br>Size. Raptors are lean, muscular hunters, but they stand less than 4 feet tall. Their light builds usually lend themselves to bodies that weigh far less than one would expect for their height, averaging around only 35 pounds. Your size is Small.<br><br>Speed. Your base walking speed is 25 feet.<br><br>Glide. Using your feathered arms, you can slow your fall, and glide short distances. When falling you can use your reaction to spread your arms, stiffen your wing feathers, and slow your descent. While doing so, you continue to fall gently at a speed of 60 feet per round, taking no fall damage when you land. If you would fall at least 10 feet in this way, you may fly up to your movement speed in one direction you choose, although you cannot choose to move upwards, landing in the space you finish your movement. You cannot glide while carrying heavy weapons or wielding a shield (though you may drop any held items as part of your reaction to spread your arms). You cannot glide while wearing heavy armor, or if you are encumbered.<br><br>Talons. Your sharp claws aid you in unarmed combat and while climbing. Your damage for an unarmed strike is 1d4 piercing damage. Additionally, you have advantage on Strength (Athletics) checks made to climb any surface your talons could reasonably grip.<br><br>Keen Senses. You have proficiency in the Perception skill.<br><br>Woodland Hunter. Your accuracy allows you to treat three-quarters cover as half cover and half cover as no cover.<br><br>Hunter's Training. You have proficiency with the longbow, shortbow, and spear. Additionally, your familiarity with the longbow means that it is not considered a heavy weapon for you.<br><br>Languages. You can speak, read, and write Birdfolk. You can also understand Auran, though you cannot speak it naturally.<br><br>Swimmer. You have a swimming speed of 25 feet.<br><br>Patient. When you react with a readied action, you have advantage on the first attack roll, skill check, or ability check you make as a part of that action."
Raptor (Mistral),HumblewoodCampaignSetting,18,Dexterity +2; Wisdom +1,Small,25 feet,"Age. Raptors reach maturity around 20 years. They can live longer than any other birdfolk race, over 100 years.<br><br>Alignment. Raptors tend towards neutral alignments. Preferring the path of naturalists and hunters, raptors rarely see value in order for the sake of order, and are often more pragmatic than idealistic.<br><br>Size. Raptors are lean, muscular hunters, but they stand less than 4 feet tall. Their light builds usually lend themselves to bodies that weigh far less than one would expect for their height, averaging around only 35 pounds. Your size is Small.<br><br>Speed. Your base walking speed is 25 feet.<br><br>Glide. Using your feathered arms, you can slow your fall, and glide short distances. When falling you can use your reaction to spread your arms, stiffen your wing feathers, and slow your descent. While doing so, you continue to fall gently at a speed of 60 feet per round, taking no fall damage when you land. If you would fall at least 10 feet in this way, you may fly up to your movement speed in one direction you choose, although you cannot choose to move upwards, landing in the space you finish your movement. You cannot glide while carrying heavy weapons or wielding a shield (though you may drop any held items as part of your reaction to spread your arms). You cannot glide while wearing heavy armor, or if you are encumbered.<br><br>Talons. Your sharp claws aid you in unarmed combat and while climbing. Your damage for an unarmed strike is 1d4 piercing damage. Additionally, you have advantage on Strength (Athletics) checks made to climb any surface your talons could reasonably grip.<br><br>Keen Senses. You have proficiency in the Perception skill.<br><br>Woodland Hunter. Your accuracy allows you to treat three-quarters cover as half cover and half cover as no cover.<br><br>Hunter's Training. You have proficiency with the longbow, shortbow, and spear. Additionally, your familiarity with the longbow means that it is not considered a heavy weapon for you.<br><br>Languages. You can speak, read, and write Birdfolk. You can also understand Auran, though you cannot speak it naturally.<br><br>Agile. You have proficiency in the Acrobatics skill.<br><br>Aerial Defense. Creatures that attack you while you are falling, gliding, or jumping have disadvantage on their attack roll."
Ratatosk,BookOfEbonTides,33,Dexterity +2; Strength −2,,"25 feet, climb 10 feet","Age. Ratatosk reach adulthood at age 10 and, due to their celestial nature, live up to 180 years.<br><br>Alignment. Ever curious and delighting in unpredictability, ekorre ratatosks gravitate toward chaotic alignments as they view laws as vague suggestions at best. The tradvakt tend to be slightly more focused and lawful in their thinking. Both groups tend toward good, placing value on doing the right thing, though some individuals lean more toward their darker impulses.<br><br>Speed. Your base walking speed is 25 feet, and you have a climb speed of 10 feet.<br><br>Darkvision. You can see in dim light within 60 feet of you as if it were bright light and in darkness as if it were dim light. You can't discern color in darkness, only shades of gray.<br><br>Grounded Celestial. You are descended from celestials, but you are strongly attuned to the mortal world. Though you are a humanoid, you are still susceptible to effects that target celestials.<br><br>Sharp Tusks. Your sharp tusks are natural weapons, which you can use to make unarmed strikes. If you hit with them, you deal 1 piercing damage plus 1d4 psychic damage.<br><br>Telepathic. You can speak telepathically to any creature you can see, provided the creature is within a number of feet of you equal to 10 times your level. You don't need to share a language with the creature for it to understand your telepathic utterances, but the creature must be able to understand at least one language.<br><br>Languages. You can understand, read, and write Celestial and Common, but you speak via Telepathy."
Ratatosk (Ekorre; Clever Tusk),BookOfEbonTides,33,Dexterity +2; Strength −2; Choose Intelligence or Charisma +1,Tiny,"25 feet, climb 10 feet","Age. Ratatosk reach adulthood at age 10 and, due to their celestial nature, live up to 180 years.<br><br>Alignment. Ever curious and delighting in unpredictability, ekorre ratatosks gravitate toward chaotic alignments as they view laws as vague suggestions at best. The tradvakt tend to be slightly more focused and lawful in their thinking. Both groups tend toward good, placing value on doing the right thing, though some individuals lean more toward their darker impulses.<br><br>Speed. Your base walking speed is 25 feet, and you have a climb speed of 10 feet.<br><br>Darkvision. You can see in dim light within 60 feet of you as if it were bright light and in darkness as if it were dim light. You can't discern color in darkness, only shades of gray.<br><br>Grounded Celestial. You are descended from celestials, but you are strongly attuned to the mortal world. Though you are a humanoid, you are still susceptible to effects that target celestials.<br><br>Sharp Tusks. Your sharp tusks are natural weapons, which you can use to make unarmed strikes. If you hit with them, you deal 1 piercing damage plus 1d4 psychic damage.<br><br>Telepathic. You can speak telepathically to any creature you can see, provided the creature is within a number of feet of you equal to 10 times your level. You don't need to share a language with the creature for it to understand your telepathic utterances, but the creature must be able to understand at least one language.<br><br>Languages. You can understand, read, and write Celestial and Common, but you speak via Telepathy.<br><br>Blessing of Yggdrasil. You are attuned to the World Tree and can tap into its power. You know the message and vicious mockery cantrips. When you reach 5th level, you can cast the mirror image spell with this trait. Once you cast a non-cantrip spell with this trait, you can't do so again until you finish a long rest. Charisma is your spellcasting ability for these spells.<br><br>Diminutive Weapons. You can wield weapons with the light or finesse properties normally. You have disadvantage on attack rolls with other weapons, unable to use them effectively due to your Tiny size, and they are treated as two-handed weapons. You can't use heavy weapons at all. A weapon specifically designed for ratatosks (or for other Tiny creatures at the GM's discretion) are treated normally."
Ratatosk (Tradvakt; Tree Protector),BookOfEbonTides,33,Dexterity +2; Constitution +1; Strength −2,Small,"25 feet, climb 10 feet","Age. Ratatosk reach adulthood at age 10 and, due to their celestial nature, live up to 180 years.<br><br>Alignment. Ever curious and delighting in unpredictability, ekorre ratatosks gravitate toward chaotic alignments as they view laws as vague suggestions at best. The tradvakt tend to be slightly more focused and lawful in their thinking. Both groups tend toward good, placing value on doing the right thing, though some individuals lean more toward their darker impulses.<br><br>Speed. Your base walking speed is 25 feet, and you have a climb speed of 10 feet.<br><br>Darkvision. You can see in dim light within 60 feet of you as if it were bright light and in darkness as if it were dim light. You can't discern color in darkness, only shades of gray.<br><br>Grounded Celestial. You are descended from celestials, but you are strongly attuned to the mortal world. Though you are a humanoid, you are still susceptible to effects that target celestials.<br><br>Sharp Tusks. Your sharp tusks are natural weapons, which you can use to make unarmed strikes. If you hit with them, you deal 1 piercing damage plus 1d4 psychic damage.<br><br>Telepathic. You can speak telepathically to any creature you can see, provided the creature is within a number of feet of you equal to 10 times your level. You don't need to share a language with the creature for it to understand your telepathic utterances, but the creature must be able to understand at least one language.<br><br>Languages. You can understand, read, and write Celestial and Common, but you speak via Telepathy.<br><br>War Chatter. Your constant chittering distracts your opponents. As a bonus action, a non-ratatosk creature within 30 feet that can hear you must succeed on a Charisma saving throw or have disadvantage on its attack rolls until the start of your next turn. The DC of the save equals 8 + your proficiency bonus + your Constitution bonus. Once you use this trait, you can't use it again until you finish a short or long rest."
Ravenfolk,BookOfEbonTides,,Dexterity +2; Charisma +1,Medium,30 feet,"Age. Ravenfolk reach adulthood at 10 years old, and can live to be 110.<br><br>Alignment. Ravenfolk tend toward chaos thanks to their capriciousness and insatiable curiosity. Greed overwhelms some ravenfolk, drawing them toward evil.<br><br>Sudden Attack. You have advantage on attack rolls against a surprised creature.<br><br>Mimicry. Ravenfolk can mimic any sound they've heard. Make a Charisma (Deception) check against the passive Wisdom (Insight) of any listeners. Success indicates they believe the sound you created was real.<br><br>Trickster. You have proficiency in the Deception and Stealth skills.<br><br>Languages. You can speak, read, and write Huginn's Speech and Northern Tongue."
Ravenfolk (Sublime),BookOfEbonTides,,Dexterity +2; Charisma +1,Medium,30 feet,"Age. Ravenfolk reach adulthood at 10 years old, and can live to be 110.<br><br>Alignment. Ravenfolk tend toward chaos thanks to their capriciousness and insatiable curiosity. Greed overwhelms some ravenfolk, drawing them toward evil.<br><br>Constant Tune. You have advantage on saving throws against being charmed or frightened.<br><br>Sublime Chord. As an action, you can mimic the mysterious sublime song to charm creatures within range. All creatures within 30 feet that can hear you must succeed on a DC 13 Charisma saving throw or become charmed by you for 10 minutes. The charmed creatures regard you as a casual friend. A creature makes this saving throw with advantage if you or your companions are fighting it. Once you use this ability, you cannot do so again until you complete a long rest.<br><br>Cosmic Musician. You have proficiency in the Performance skill and gain proficiency with one musical instrument of your choice.<br><br>Languages. You can speak, read, and write Common, Ravenfolk, and Umbral.<br><br>Alignment. Sublime ravenfolk more often tend toward lawful alignments than their cousins in the mortal world. They tend to seek stability and connectedness in their relationships, entrusting their path to the song."
Reborn,VRGR,20,Choose one of: (a) Choose any +2; choose any other +1 (b) Choose three different +1,Small or Medium,30 feet,"<strong>Size</strong><br><br>You are Medium or Small. You choose the size when you gain this lineage.<br><br><strong>Ancestral Legacy</strong><br><br>If you replace a race with this lineage, you can keep the following elements of that race: any skill proficiencies you gained from it and any climbing, flying, or swimming speed you gained from it.<br><br>If you don't keep any of those elements or you choose this lineage at character creation, you gain proficiency in two skills of your choice.<br><br><strong>Deathless Nature</strong><br><br>You have escaped death, a fact represented by the following benefits:<br><br>• You have advantage on saving throws against disease and being poisoned, and you have resistance to poison damage.<br><br>• You have advantage on death saving throws.<br><br>• You don't need to eat, drink, or breathe.<br><br>• You don't need to sleep, and magic can't put you to sleep. You can finish a long rest in 4 hours if you spend those hours in an inactive, motionless state, during which you retain consciousness.<br><br><strong>Knowledge from a Past Life</strong><br><br>You temporarily remember glimpses of the past, perhaps faded memories from ages ago or a previous life. When you make an ability check that uses a skill, you can roll a d6 immediately after seeing the number on the d20 and add the number on the d6 to the check. You can use this feature a number of times equal to your proficiency bonus, and you regain all expended uses when you finish a long rest."
Satarre,BookOfEbonTides,,Constitution +2; Intelligence +1,Medium,30 feet,"Age. Satarre grow quickly, walking soon after hatching and reaching the development of a 15-year‑old human by age 6. They maintain the same appearance until about 50, then begin a rapid decline. Satarre often die violently, but those who live longer survive to no more than 65 years of age.<br><br>Alignment. Satarre are born with a tendency toward evil akin to that of rapacious dragons, and, when raised among other satarre or darakhul, they are usually evil. Those raised among other cultures tend toward the norm for those cultures.<br><br>Darkvision. Thanks to your dark planar parentage, you have superior vision in darkness. You can see in dim light within 60 feet of you as if it were bright light, and in darkness as if it were dim light. You can't discern color in darkness, only shades of gray.<br><br>A Friend to Death. You have resistance to necrotic damage.<br><br>Keeper of Secrets. You have proficiency in the Arcana skill, and you have advantage on Intelligence (Arcana) checks related to the planes and planar travel. In addition, you have proficiency in one of the following skills of your choice: History, Insight, and Religion.<br><br>Carrier of Rot. You can use your action to inflict rot on a creature you can see within 10 feet of you. The creature must make a Constitution saving throw. The DC for this saving throw equals 8 + your Constitution modifier + your proficiency bonus. A creature takes 1d4 necrotic damage on a failed save, and half as much damage on a successful one. A creature that fails the saving throw also rots for 1 minute. A rotting creature takes 1d4 necrotic damage at the end of each of its turns. The target or a creature within 5 feet of it can use an action to excise the rot with a successful Wisdom (Medicine) check. The DC for the check equals the rot's Constitution saving throw DC. The rot also disappears if the target receives magical healing. The damage for the initial action and the rotting increases to 2d4 at 6th level, 3d4 at 11th level, and 4d4 at 16th level. After you use your Carrier of Rot trait, you can't use it again until you complete a short or long rest.<br><br>Languages. You can speak, read, and write Common and one of the following: Abyssal, Infernal, or Void Speech. Void Speech is a language of dark gods and ancient blasphemies, and the mere sound of its sibilant tones makes many other creatures quite uncomfortable."
Satarre (Unbound),BookOfEbonTides,,Choose any +2; choose any other +1,Medium,30 feet,"Age. Satarre grow quickly, walking soon after hatching and reaching the development of a 15-year‑old human by age 6. They maintain the same appearance until about 50, then begin a rapid decline. Satarre often die violently, but those who live longer survive to no more than 65 years of age.<br><br>Alignment. Satarre are born with a tendency toward evil akin to that of rapacious dragons, and, when raised among other satarre or darakhul, they are usually evil. Those raised among other cultures tend toward the norm for those cultures.<br><br>Darkvision. Thanks to your dark planar parentage, you have superior vision in darkness. You can see in dim light within 60 feet of you as if it were bright light, and in darkness as if it were dim light. You can't discern color in darkness, only shades of gray.<br><br>Portal Sense. While in a confined space, you instinctively know the direction and distance to the closest nonmagical entrance or exit to the area you are currently in. You also have advantage on any Intelligence (Investigation) or Wisdom (Perception) ability checks made to find secret or invisible doors and magical portals.<br><br>Keeper of Secrets. You have proficiency in the Arcana skill, and you have advantage on Intelligence (Arcana) checks related to the planes and planar travel. In addition, you have proficiency in one of the following skills of your choice: History, Insight, and Religion.<br><br>Unraveling Touch. You can use your action to attempt to tear at the reality that keeps a being together. Choose a creature that you can see within 30 feet. The creature must make a Constitution saving throw. The DC for this saving throw equals 8 + your Constitution modifier + your proficiency bonus. A creature that fails the saving throw must use its action each turn to repeat the saving throw as it attempts to keep itself in one piece. On a successful save, the effect ends on the target. Once you use this feature, you cannot do so again until you complete a long rest.<br><br>Languages. You can speak, read, and write Common and one of the following: Abyssal, Infernal, or Void Speech. Void Speech is a language of dark gods and ancient blasphemies, and the mere sound of its sibilant tones makes many other creatures quite uncomfortable.<br><br>Languages. You can speak, read, and write Umbral and either Abyssal, Infernal, or Void Speech."
Satyr,MOT,24,Charisma +2; Dexterity +1,Medium,35 feet,"<strong>Age</strong><br><br>Satyrs mature and age at about the same rate as humans.<br><br><strong>Alignment</strong><br><br>Satyrs delight in living a life free of the mantle of law. They gravitate toward being good, but some have devious streaks and enjoy causing dismay.<br><br><strong>Size</strong><br><br>Satyrs range from just under 5 feet to about 6 feet in height, with generally slender builds. Your size is Medium.<br><br><strong>Fey</strong><br><br>Your creature type is fey, rather than humanoid.<br><br><strong>Ram</strong><br><br>You can use your head and horns to make unarmed strikes. If you hit with them, you deal bludgeoning damage equal to 1d4 + your Strength modifier.<br><br><strong>Magic Resistance</strong><br><br>You have advantage on saving throws against spells and other magical effects.<br><br><strong>Mirthful Leaps</strong><br><br>Whenever you make a long or high jump, you can roll a d8 and add the number rolled to the number of feet you cover, even when making a standing jump. This extra distance costs movement as normal.<br><br><strong>Reveler</strong><br><br>You have proficiency in the Performance and Persuasion skills, and you have proficiency with one musical instrument|PHB of your choice.<br><br><strong>Languages</strong><br><br>You can speak, read, and write Common and Sylvan."
Satyr,MPMM,29,Choose one of: (a) Choose any +2; choose any other +1 (b) Choose three different +1,Medium,35 feet,"<strong>Creature Type</strong><br><br>You are a Fey.<br><br><strong>Ram</strong><br><br>You can use your head and horns to make unarmed strikes. When you hit with them, the strike deals 1d6 + your Strength modifier bludgeoning damage, instead of the bludgeoning damage normal for an unarmed strike.<br><br><strong>Magic Resistance</strong><br><br>You have advantage on saving throws against spells.<br><br><strong>Mirthful Leaps</strong><br><br>Whenever you make a long jump or a high jump, you can roll a d8 and add the number rolled to the number of feet you cover, even when making a standing jump. This extra distance costs movement as usual.<br><br><strong>Reveler</strong><br><br>As an embodiment of revelry, you have proficiency in the Performance and Persuasion skills, and you have proficiency with one musical instrument|PHB of your choice."
Sea Elf,MPMM,30,Choose one of: (a) Choose any +2; choose any other +1 (b) Choose three different +1,Medium,"30 feet, swim equal to your walking speed","<strong>Creature Type</strong><br><br>You are a Humanoid. You are also considered an elf for any prerequisite or effect that requires you to be an elf.<br><br><strong>Speed</strong><br><br>Your walking speed is 30 feet, and you have a swimming speed equal to your walking speed.<br><br><strong>Child of the Sea</strong><br><br>You can breathe air and water, and you have resistance to cold damage.<br><br><strong>Darkvision</strong><br><br>You can see in dim light within 60 feet of you as if it were bright light and in darkness as if it were dim light. You discern colors in that darkness only as shades of gray.<br><br><strong>Fey Ancestry</strong><br><br>You have advantage on saving throws you make to avoid or end the charmed condition on yourself.<br><br><strong>Friend of the Sea</strong><br><br>Aquatic animals have an extraordinary affinity with your people. You can communicate simple ideas to any Beast that has a swimming speed. It can understand your words, though you have no special ability to understand it in return.<br><br><strong>Keen Senses</strong><br><br>You have proficiency in the Perception skill.<br><br><strong>Trance</strong><br><br>You don't need to sleep, and magic can't put you to sleep. You can finish a long rest in 4 hours if you spend those hours in a trancelike meditation, during which you retain consciousness.<br><br>Whenever you finish this trance, you can gain two proficiencies that you don't have, each one with a weapon or a tool of your choice selected from the Player's Handbook. You mystically acquire these proficiencies by drawing them from shared elven memory, and you retain them until you finish your next long rest."
Shadar-Kai,MPMM,31,Choose one of: (a) Choose any +2; choose any other +1 (b) Choose three different +1,Medium,30 feet,"<strong>Creature Type</strong><br><br>You are a Humanoid. You are also considered an elf for any prerequisite or effect that requires you to be an elf.<br><br><strong>Blessing of the Raven Queen</strong><br><br>As a bonus action, you can magically teleport up to 30 feet to an unoccupied space you can see. You can use this trait a number of times equal to your proficiency bonus, and you regain all expended uses when you finish a long rest.<br><br>Starting at 3rd level, you also gain resistance to all damage when you teleport using this trait. The resistance lasts until the start of your next turn. During that time, you appear ghostly and translucent.<br><br><strong>Darkvision</strong><br><br>You can see in dim light within 60 feet of you as if it were bright light and in darkness as if it were dim light. You discern colors in that darkness only as shades of gray.<br><br><strong>Fey Ancestry</strong><br><br>You have advantage on saving throws you make to avoid or end the charmed condition on yourself.<br><br><strong>Keen Senses</strong><br><br>You have proficiency in the Perception skill.<br><br><strong>Necrotic Resistance</strong><br><br>You have resistance to necrotic damage.<br><br><strong>Trance</strong><br><br>You don't need to sleep, and magic can't put you to sleep. You can finish a long rest in 4 hours if you spend those hours in a trancelike meditation, during which you retain consciousness.<br><br>Whenever you finish this trance, you can gain two proficiencies that you don't have, each one with a weapon or a tool of your choice selected from the Player's Handbook. You mystically acquire these proficiencies by drawing them from shared elven memory, and you retain them until you finish your next long rest."
Shade,BookOfEbonTides,49,Choose any +2; choose any other +1,,,"Age. Shades appear as the age they were when they died. They potentially have no limit to their lifespan, but, realistically, ancient shades grow weary and lose their hold on their memories, fading away near 750 years old.<br><br>Alignment. Shades come from all walks of life but tend toward neutrality. Shades that lack contact with other people grow more selfish over time and slip toward evil.<br><br>Size. Your size is determined by your Living Origin.<br><br>Speed. Your speed is determined by your Living Origin.<br><br>Darkvision. Your existence beyond death makes you at home in the dark. You can see in dim light within 60 feet of you as if it were bright light and in darkness as if it were dim light. You can't discern color in darkness, only shades of gray.<br><br>Ghostly Flesh. Starting at 3rd level, you can use your action to dissolve your physical body into the ephemeral stuff of spirits. You become translucent and devoid of color, and the air around you grows cold. Your transformation lasts for 1 minute or until you end it as a bonus action. During it, you have a flying speed of 30 feet with the ability to hover, and you have resistance to bludgeoning, piercing, and slashing damage from nonmagical attacks that aren't made with silvered weapons. In addition, you have advantage on ability checks and saving throws made to escape a grapple or against being restrained, and you can move through creatures and solid objects as if they were difficult terrain. If you end your turn inside an object, you take 1d10 force damage. Once you use this trait, you can't use it again until you finish a long rest.<br><br>Imperfect Undeath. You are a humanoid, but your partial transition into undeath makes you susceptible to effects that target undead. Though you can regain hit points from spells like cure wounds, you can also be affected by game effects that specifically target undead, such as a cleric's Turn Undead feature. Game effects that raise a creature from the dead work on you as normal, but they return you to life as a shade. A true resurrection or wish spell can restore you to life as a fully living member of your original race.<br><br>Life Drain. When you damage a creature with an attack or a spell, you can choose to deal extra necrotic damage to the target equal to your level. If the creature's race matches your Living Origin, you gain temporary hit points equal to the necrotic damage dealt. Once you use this trait, you can't use it again until you finish a short or long rest.<br><br>Spectral Resilience. You have advantage on saving throws against poison and disease, and you have resistance to necrotic damage.<br><br>Languages. You can speak, read, and write Common and one other language spoken by your Living Origin.<br><br>Living Origin. As living echoes of who they once were, shades maintain some of the traits they bore in life. Choose another race as your Living Origin. This is the race you were in life. Your size and speed are those of your Living Origin, and you know one language spoken by your Living Origin."
Shade (Stygian),BookOfEbonTides,49,Choose any +2; choose any other +1,Small or Medium,30 feet,"Age. Shades appear as the age they were when they died. They potentially have no limit to their lifespan, but, realistically, ancient shades grow weary and lose their hold on their memories, fading away near 750 years old.<br><br>Alignment. Shades come from all walks of life but tend toward neutrality. Shades that lack contact with other people grow more selfish over time and slip toward evil.<br><br>Size. Choose whether you are Small or Medium sized.<br><br>Speed. Your speed is determined by your Living Origin.<br><br>Darkvision. Your existence beyond death makes you at home in the dark. You can see in dim light within 60 feet of you as if it were bright light and in darkness as if it were dim light. You can't discern color in darkness, only shades of gray.<br><br>Ghostly Flesh. Starting at 3rd level, you can use your action to dissolve your physical body into the ephemeral stuff of spirits. You become translucent and devoid of color, and the air around you grows cold. Your transformation lasts for 1 minute or until you end it as a bonus action. During it, you have a flying speed of 30 feet with the ability to hover, and you have resistance to bludgeoning, piercing, and slashing damage from nonmagical attacks that aren't made with silvered weapons. In addition, you have advantage on ability checks and saving throws made to escape a grapple or against being restrained, and you can move through creatures and solid objects as if they were difficult terrain. If you end your turn inside an object, you take 1d10 force damage. Once you use this trait, you can't use it again until you finish a long rest.<br><br>Imperfect Undeath. You are a humanoid, but your partial transition into undeath makes you susceptible to effects that target undead. Though you can regain hit points from spells like cure wounds, you can also be affected by game effects that specifically target undead, such as a cleric's Turn Undead feature. Game effects that raise a creature from the dead work on you as normal, but they return you to life as a shade. A true resurrection or wish spell can restore you to life as a fully living member of your original race.<br><br>Death Mask. As an action, you can strip away your veneer of life and expose your true spectral face. All non-undead creatures within 30 feet that can see you must succeed on a DC 13 Wisdom saving throw or be frightened for 1 minute. A frightened target can repeat the saving throw at the end of each of its turns, ending the frightened condition on itself on a success. If a target's saving throw is successful or the effect ends for it, the target is immune to your Death Mask for the next 24 hours. You can use this ability a number of times per day equal to your Constitution modifier.<br><br>Spectral Resilience. You have advantage on saving throws against poison and disease, and you have resistance to necrotic damage.<br><br>Languages. You can speak, read, and write Common and one other language spoken by your Living Origin.<br><br>Mysterious Origin. Stygian shades are born with almost no memory of their former lives but have an innate desire to remember who they are. When you create your stygian shade, decide which one of these questions you know the answer to. The rest are questions you seek to answer:What is your name?Where are you from?Who were the people you loved most?How did you die?What unfinished business has caused you to rise as a shade?<br><br>Languages. You can speak, read, and write Umbral and one other language of your choice."
Shadow Goblin,BookOfEbonTides,29,Dexterity +2; Charisma +1,Small,30 feet,"Shadow Goblin Traits. You are a shadow goblin, forever changed by the Shadow Realm, setting you apart from other goblins.<br><br>Age. Shadow goblins reach adulthood at age 8 and can live up to 70 years.<br><br>Alignment. Much like the shadow fey they coexist with, shadow goblins are not inherently evil, despite their reputations. Their natures are a constant balance between whimsy and being useful and productive. Shadow goblins are more likely to tend toward neutral good or neutral alignments.<br><br>Darkvision. You can see in dim light within 60 feet as though it were bright light and in darkness as if it were dim light. You can't discern color in darkness, only shades of gray.<br><br>Quick Wit. You have proficiency in the Deception and Insight skills.<br><br>Shadow Camoflauge. You have advantage on Dexterity (Stealth) checks made to hide in dim light or darkness.<br><br>Stink Eye. As an action, you can perform a combination of rude gestures and sounds to distract one creature you can see within 30 feet. If the target can hear and see you, it must make a Charisma saving throw (DC 8 + your Charisma ability modifier + your proficiency bonus). On a failure, it has disadvantage on the next ability check, attack roll, or saving throw it makes before the start of your next turn.<br><br>Sunlight Sensitivity. You have disadvantage on attack rolls and on Wisdom (Perception) checks that rely on sight when you, the target of your attack, or whatever you are trying to perceive is in direct sunlight.<br><br>Unseelie Blessing. You have advantage on saving throws against being charmed, and magic can't put you to sleep.<br><br>Language. You can speak, read, and write Goblin and Umbral."
Shifter,ERLW,33,,Medium,30 feet,"<strong>Age</strong><br><br>Shifters are quick to mature both physically and emotionally, reaching young adulthood at age 10. They rarely live to be more than 70 years old.<br><br><strong>Alignment</strong><br><br>Shifters tend toward neutrality, being more focused on survival than concepts of good and evil. A love of personal freedom can drive shifters toward chaotic alignments.<br><br><strong>Size</strong><br><br>Your size is Medium.<br><br><strong>Speed</strong><br><br>Your base walking speed is 30 feet.<br><br><strong>Darkvision</strong><br><br>You have superior vision in dark and dim conditions. You can see in dim light within 60 feet of you as if it were bright light, and in darkness as if it were dim light. You can't discern color in darkness, only shades of gray.<br><br><strong>Shifting</strong><br><br>As a bonus action, you can assume a more bestial appearance. This transformation lasts for 1 minute, until you die, or until you revert to your normal appearance as a bonus action. When you shift, you gain temporary hit points equal to your level + your Constitution modifier (minimum of 1 temporary hit point). You also gain additional benefits that depend on your shifter subrace, described below.<br><br>Once you shift, you can't do so again until you finish a short or long rest.<br><br><strong>Languages</strong><br><br>You can speak, read, and write Common."
Shifter,MPMM,32,Choose one of: (a) Choose any +2; choose any other +1 (b) Choose three different +1,Medium,30 feet,"<strong>Bestial Instincts</strong><br><br>Channeling the beast within, you have proficiency in one of the following skills of your choice: Acrobatics, Athletics, Intimidation, or Survival.<br><br><strong>Darkvision</strong><br><br>You can see in dim light within 60 feet of you as if it were bright light, and in darkness as if it were in dim light. You discern colors in that darkness only as shades of gray.<br><br><strong>Shifting</strong><br><br>As a bonus action, you can assume a more bestial appearance. This transformation lasts for 1 minute, until you die, or until you revert to your normal appearance as a bonus action. When you shift, you gain temporary hit points equal to 2 × your proficiency bonus. You can shift a number of times equal to your proficiency bonus, and you regain all expended uses when you finish a long rest.<br><br>Whenever you shift, you gain an additional benefit based on one of the following options (choose when you select this race):<br><br>• {'type': 'item', 'name': 'Beasthide', 'entry': 'You gain 1d6 additional temporary hit points. While shifted, you have a +1 bonus to your Armor Class.'}<br><br>• {'type': 'item', 'name': 'Longtooth', 'entry': 'When you shift and as a bonus action on your other turns while shifted, you can use your elongated fangs to make an unarmed strike. If you hit with your fangs, you can deal piercing damage equal to 1d6 + your Strength modifier, instead of the bludgeoning damage normal for an unarmed strike.'}<br><br>• {'type': 'item', 'name': 'Swiftstride', 'entry': ""While shifted, your walking speed increases by 10 feet. Additionally, you can move up to 10 feet as a reaction when a creature ends its turn within 5 feet of you. This reactive movement doesn't provoke opportunity attacks.""}<br><br>• {'type': 'item', 'name': 'Wildhunt', 'entry': ""While shifted, you have advantage on Wisdom checks, and no creature within 30 feet of you can make an attack roll with advantage against you unless you're incapacitated.""}"
Shifter (Beasthide),ERLW,34,Constitution +2; Strength +1,Medium,30 feet,"<strong>Age</strong><br><br>Shifters are quick to mature both physically and emotionally, reaching young adulthood at age 10. They rarely live to be more than 70 years old.<br><br><strong>Alignment</strong><br><br>Shifters tend toward neutrality, being more focused on survival than concepts of good and evil. A love of personal freedom can drive shifters toward chaotic alignments.<br><br><strong>Size</strong><br><br>Your size is Medium.<br><br><strong>Speed</strong><br><br>Your base walking speed is 30 feet.<br><br><strong>Darkvision</strong><br><br>You have superior vision in dark and dim conditions. You can see in dim light within 60 feet of you as if it were bright light, and in darkness as if it were dim light. You can't discern color in darkness, only shades of gray.<br><br><strong>Shifting</strong><br><br>As a bonus action, you can assume a more bestial appearance. This transformation lasts for 1 minute, until you die, or until you revert to your normal appearance as a bonus action. When you shift, you gain temporary hit points equal to your level + your Constitution modifier (minimum of 1 temporary hit point). You also gain additional benefits that depend on your shifter subrace, described below.<br><br>Once you shift, you can't do so again until you finish a short or long rest.<br><br><strong>Languages</strong><br><br>You can speak, read, and write Common.<br><br><strong>Natural Athlete</strong><br><br>You have proficiency in the Athletics skill.<br><br><strong>Shifting Feature</strong><br><br>Whenever you shift, you gain 1d6 additional temporary hit points. While shifted, you have a +1 bonus to your Armor Class."
Shifter (Longtooth),ERLW,34,Strength +2; Dexterity +1,Medium,30 feet,"<strong>Age</strong><br><br>Shifters are quick to mature both physically and emotionally, reaching young adulthood at age 10. They rarely live to be more than 70 years old.<br><br><strong>Alignment</strong><br><br>Shifters tend toward neutrality, being more focused on survival than concepts of good and evil. A love of personal freedom can drive shifters toward chaotic alignments.<br><br><strong>Size</strong><br><br>Your size is Medium.<br><br><strong>Speed</strong><br><br>Your base walking speed is 30 feet.<br><br><strong>Darkvision</strong><br><br>You have superior vision in dark and dim conditions. You can see in dim light within 60 feet of you as if it were bright light, and in darkness as if it were dim light. You can't discern color in darkness, only shades of gray.<br><br><strong>Shifting</strong><br><br>As a bonus action, you can assume a more bestial appearance. This transformation lasts for 1 minute, until you die, or until you revert to your normal appearance as a bonus action. When you shift, you gain temporary hit points equal to your level + your Constitution modifier (minimum of 1 temporary hit point). You also gain additional benefits that depend on your shifter subrace, described below.<br><br>Once you shift, you can't do so again until you finish a short or long rest.<br><br><strong>Languages</strong><br><br>You can speak, read, and write Common.<br><br><strong>Fierce</strong><br><br>You have proficiency in the Intimidation skill.<br><br><strong>Shifting Feature</strong><br><br>While shifted, you can use your elongated fangs to make an unarmed strike as a bonus action. If you hit with your fangs, you can deal piercing damage equal to 1d6 + your Strength modifier, instead of the bludgeoning damage normal for an unarmed strike."
Shifter (Swiftstride),ERLW,34,Dexterity +2; Charisma +1,Medium,30 feet,"<strong>Age</strong><br><br>Shifters are quick to mature both physically and emotionally, reaching young adulthood at age 10. They rarely live to be more than 70 years old.<br><br><strong>Alignment</strong><br><br>Shifters tend toward neutrality, being more focused on survival than concepts of good and evil. A love of personal freedom can drive shifters toward chaotic alignments.<br><br><strong>Size</strong><br><br>Your size is Medium.<br><br><strong>Speed</strong><br><br>Your base walking speed is 30 feet.<br><br><strong>Darkvision</strong><br><br>You have superior vision in dark and dim conditions. You can see in dim light within 60 feet of you as if it were bright light, and in darkness as if it were dim light. You can't discern color in darkness, only shades of gray.<br><br><strong>Shifting</strong><br><br>As a bonus action, you can assume a more bestial appearance. This transformation lasts for 1 minute, until you die, or until you revert to your normal appearance as a bonus action. When you shift, you gain temporary hit points equal to your level + your Constitution modifier (minimum of 1 temporary hit point). You also gain additional benefits that depend on your shifter subrace, described below.<br><br>Once you shift, you can't do so again until you finish a short or long rest.<br><br><strong>Languages</strong><br><br>You can speak, read, and write Common.<br><br><strong>Graceful</strong><br><br>You have proficiency in the Acrobatics skill.<br><br><strong>Shifting Feature</strong><br><br>While shifted, your walking speed increases by 10 feet. Additionally, you can move up to 10 feet as a reaction when a creature ends its turn within 5 feet of you. This reactive movement doesn't provoke opportunity attacks."
Shifter (Wildhunt),ERLW,34,Wisdom +2; Dexterity +1,Medium,30 feet,"<strong>Age</strong><br><br>Shifters are quick to mature both physically and emotionally, reaching young adulthood at age 10. They rarely live to be more than 70 years old.<br><br><strong>Alignment</strong><br><br>Shifters tend toward neutrality, being more focused on survival than concepts of good and evil. A love of personal freedom can drive shifters toward chaotic alignments.<br><br><strong>Size</strong><br><br>Your size is Medium.<br><br><strong>Speed</strong><br><br>Your base walking speed is 30 feet.<br><br><strong>Darkvision</strong><br><br>You have superior vision in dark and dim conditions. You can see in dim light within 60 feet of you as if it were bright light, and in darkness as if it were dim light. You can't discern color in darkness, only shades of gray.<br><br><strong>Shifting</strong><br><br>As a bonus action, you can assume a more bestial appearance. This transformation lasts for 1 minute, until you die, or until you revert to your normal appearance as a bonus action. When you shift, you gain temporary hit points equal to your level + your Constitution modifier (minimum of 1 temporary hit point). You also gain additional benefits that depend on your shifter subrace, described below.<br><br>Once you shift, you can't do so again until you finish a short or long rest.<br><br><strong>Languages</strong><br><br>You can speak, read, and write Common.<br><br><strong>Natural Tracker</strong><br><br>You have proficiency in the Survival skill.<br><br><strong>Shifting Feature</strong><br><br>While shifted, you have advantage on Wisdom checks, and no creature within 30 feet of you can make an attack roll with advantage against you, unless you're incapacitated."
Simic Hybrid,GGR,20,Constitution +2; Choose any other +1,Medium,30 feet,"<strong>Age</strong><br><br>Hybrids begin their lives as adult humans, elves, or vedalken. They age at a slightly accelerated rate, so their maximum life spans are probably reduced somewhat. The Guardian Project has not been operating long enough to observe the full effect of this phenomenon.<br><br><strong>Alignment</strong><br><br>Most hybrids share the generally neutral outlook of the Simic Combine. They are more interested in scientific research and the standing of their guild than in moral or ethical questions. Those who leave the Combine, however, often do so because their philosophical outlook and alignment are more in line with a different guild's.<br><br><strong>Size</strong><br><br>Your size is Medium, within the normal range of your humanoid base race.<br><br><strong>Darkvision</strong><br><br>You can see in dim light within 60 feet of you as if it were bright light, and in darkness as if it were dim light. You can't discern color in darkness, only shades of gray.<br><br><strong>Languages</strong><br><br>You can speak, read, and write Common and your choice of Elvish or Vedalken.<br><br><strong>Animal Enhancement</strong><br><br>Your body has been altered to incorporate certain animal characteristics. You choose one animal enhancement now and a second enhancement at 5th level.<br><br>At 1st level, choose one of the following options:<br><br>• {'type': 'item', 'name': 'Manta Glide', 'entry': ""You have ray-like fins that you can use as wings to slow your fall or allow you to glide. When you fall and aren't incapacitated, you can subtract up to 100 feet from the fall when calculating falling damage, and you can move up to 2 feet horizontally for every 1 foot you descend.""}<br><br>• {'type': 'item', 'name': 'Nimble Climber', 'entry': 'You have a climbing speed equal to your walking speed.'}<br><br>• {'type': 'item', 'name': 'Underwater Adaptation', 'entry': 'You can breathe air and water, and you have a swimming speed equal to your walking speed.'}<br><br>At 5th level, your body evolves further, developing new characteristics. Choose one of the options you didn't take at 1st level, or one of the following options:<br><br>• {'type': 'item', 'name': 'Grappling Appendage', 'entry': ""You have two special appendages growing alongside your arms. Choose whether they're both claws or tentacles. As an action, you can use one of them to try to grapple a creature. Each one is also a natural weapon, which you can use to make an unarmed strike. If you hit with it, the target takes bludgeoning damage equal to 1d6 + your Strength modifier, instead of the bludgeoning damage normal for an unarmed strike. Immediately after hitting, you can try to grapple the target as a bonus action. These appendages can't precisely manipulate anything and can't wield weapons, magic items, or other specialized equipment.""}<br><br>• {'type': 'item', 'name': 'Carapace', 'entry': ""Your skin in places is covered by a thick shell. You gain a +1 bonus to AC when you're not wearing heavy armor.""}<br><br>• {'type': 'item', 'name': 'Acid Spit', 'entry': 'As an action, you can spray acid from glands in your mouth, targeting one creature or object you can see within 30 feet of you. The target takes 2d10 acid damage unless it succeeds on a Dexterity saving throw against a DC equal to 8 + your Constitution modifier + your proficiency bonus. This damage increases by 1d10 when you reach 11th level (3d10) and 17th level (4d10). You can use this trait a number of times equal to your Constitution modifier (minimum of once), and you regain all expended uses of it when you finish a long rest.'}"
Strig,HumblewoodCampaignSetting,20,Strength +2,Medium,30 feet,"Age. Strigs reach maturity faster than most birdfolk races, around 15 years. They can reach a respectable old age by birdfolk standards, living around 80 years.<br><br>Alignment. Strigs are normally good aligned, having a strong sense of fair play as well as a tendency to see the best in others. They also favor chaotic alignments, as strigs are a freedom-loving people who will usually put their personal morals above any imposed system of governance.<br><br>Size. Strigs are muscular, imposing folk ranging from 4 to over 5 feet tall and weighing around 110 pounds. Your size is Medium.<br><br>Speed. Your base walking speed is 30 feet.<br><br>Glide. Using your feathered arms, you can slow your fall, and glide short distances. When falling you can use your reaction to spread your arms, stiffen your wing feathers, and slow your descent. While doing so, you continue to fall gently at a speed of 60 feet per round, taking no fall damage when you land. If you would fall at least 10 feet in this way, you may fly up to your movement speed in one direction you choose, although you cannot choose to move upwards, landing in the space you finish your movement. You cannot glide while carrying heavy weapons or wielding a shield (though you may drop any held items as part of your reaction to spread your arms). You cannot glide while wearing heavy armor, or if you are encumbered.<br><br>Talons. Your sharp claws aid you in unarmed combat and while climbing. Your damage for an unarmed strike is 1d4 piercing damage. Additionally, you have advantage on Strength (Athletics) checks made to climb any surface your talons could reasonably grip.<br><br>Darkvision. You are adept at hunting under the cover of night. You can see in dim light within 60 feet of you as if it were bright light, and in darkness as if it were dim light. You can't discern color in darkness, only shades of gray.<br><br>Patterned Feathers. You have advantage on Dexterity (Stealth) checks when you attempt to hide in a forest.<br><br>Languages. You can speak, read, and write Birdfolk. You can also understand Auran, though you cannot speak it naturally."
Strig (Stout),HumblewoodCampaignSetting,20,Strength +2; Constitution +1,Medium,30 feet,"Age. Strigs reach maturity faster than most birdfolk races, around 15 years. They can reach a respectable old age by birdfolk standards, living around 80 years.<br><br>Alignment. Strigs are normally good aligned, having a strong sense of fair play as well as a tendency to see the best in others. They also favor chaotic alignments, as strigs are a freedom-loving people who will usually put their personal morals above any imposed system of governance.<br><br>Size. Strigs are muscular, imposing folk ranging from 4 to over 5 feet tall and weighing around 110 pounds. Your size is Medium.<br><br>Speed. Your base walking speed is 30 feet.<br><br>Glide. Using your feathered arms, you can slow your fall, and glide short distances. When falling you can use your reaction to spread your arms, stiffen your wing feathers, and slow your descent. While doing so, you continue to fall gently at a speed of 60 feet per round, taking no fall damage when you land. If you would fall at least 10 feet in this way, you may fly up to your movement speed in one direction you choose, although you cannot choose to move upwards, landing in the space you finish your movement. You cannot glide while carrying heavy weapons or wielding a shield (though you may drop any held items as part of your reaction to spread your arms). You cannot glide while wearing heavy armor, or if you are encumbered.<br><br>Talons. Your sharp claws aid you in unarmed combat and while climbing. Your damage for an unarmed strike is 1d4 piercing damage. Additionally, you have advantage on Strength (Athletics) checks made to climb any surface your talons could reasonably grip.<br><br>Darkvision. You are adept at hunting under the cover of night. You can see in dim light within 60 feet of you as if it were bright light, and in darkness as if it were dim light. You can't discern color in darkness, only shades of gray.<br><br>Patterned Feathers. You have advantage on Dexterity (Stealth) checks when you attempt to hide in a forest.<br><br>Languages. You can speak, read, and write Birdfolk. You can also understand Auran, though you cannot speak it naturally.<br><br>Imposing. You have proficiency in the Intimidation skill.<br><br>Brawler. When you successfully attack a target with your talons, you can choose to grapple that target as a bonus action."
Strig (Swift),HumblewoodCampaignSetting,20,Strength +2; Dexterity +1,Medium,35 feet,"Age. Strigs reach maturity faster than most birdfolk races, around 15 years. They can reach a respectable old age by birdfolk standards, living around 80 years.<br><br>Alignment. Strigs are normally good aligned, having a strong sense of fair play as well as a tendency to see the best in others. They also favor chaotic alignments, as strigs are a freedom-loving people who will usually put their personal morals above any imposed system of governance.<br><br>Size. Strigs are muscular, imposing folk ranging from 4 to over 5 feet tall and weighing around 110 pounds. Your size is Medium.<br><br>Speed. Your base walking speed is 30 feet.<br><br>Glide. Using your feathered arms, you can slow your fall, and glide short distances. When falling you can use your reaction to spread your arms, stiffen your wing feathers, and slow your descent. While doing so, you continue to fall gently at a speed of 60 feet per round, taking no fall damage when you land. If you would fall at least 10 feet in this way, you may fly up to your movement speed in one direction you choose, although you cannot choose to move upwards, landing in the space you finish your movement. You cannot glide while carrying heavy weapons or wielding a shield (though you may drop any held items as part of your reaction to spread your arms). You cannot glide while wearing heavy armor, or if you are encumbered.<br><br>Talons. Your sharp claws aid you in unarmed combat and while climbing. Your damage for an unarmed strike is 1d4 piercing damage. Additionally, you have advantage on Strength (Athletics) checks made to climb any surface your talons could reasonably grip.<br><br>Darkvision. You are adept at hunting under the cover of night. You can see in dim light within 60 feet of you as if it were bright light, and in darkness as if it were dim light. You can't discern color in darkness, only shades of gray.<br><br>Patterned Feathers. You have advantage on Dexterity (Stealth) checks when you attempt to hide in a forest.<br><br>Languages. You can speak, read, and write Birdfolk. You can also understand Auran, though you cannot speak it naturally.<br><br>Swift. Your base walking speed increases to 35 feet.<br><br>Survivor. You have proficiency in the Survival skill."
Tabaxi,MPMM,33,Choose one of: (a) Choose any +2; choose any other +1 (b) Choose three different +1,Small or Medium,"30 feet, climb equal to your walking speed","<strong>Size</strong><br><br>You are Medium or Small. You choose the size when you select this race.<br><br><strong>Speed</strong><br><br>Your walking speed is 30 feet, and you have a climbing speed equal to your walking speed.<br><br><strong>Cat's Claws</strong><br><br>You can use your claws to make unarmed strikes. When you hit with them, the strike deals 1d6 + your Strength modifier slashing damage, instead of the bludgeoning damage normal for an unarmed strike.<br><br><strong>Cat's Talent</strong><br><br>You have proficiency in the Perception and Stealth skills.<br><br><strong>Darkvision</strong><br><br>You can see in dim light within 60 feet of you as if it were bright light and in darkness as if it were dim light. You discern colors in that darkness only as shades of gray.<br><br><strong>Feline Agility</strong><br><br>Your reflexes and agility allow you to move with a burst of speed. When you move on your turn in combat, you can double your speed until the end of the turn. Once you use this trait, you can't use it again until you move 0 feet on one of your turns."
Tabaxi,VGM,113,Dexterity +2; Charisma +1,Medium,"30 feet, climb 20 feet","<strong>Age</strong><br><br>Tabaxi have lifespans equivalent to humans.<br><br><strong>Size</strong><br><br>Tabaxi are taller on average than humans and relatively slender. Your size is Medium.<br><br><strong>Darkvision</strong><br><br>You have a cat's keen senses, especially in the dark. You can see in dim light within 60 feet of you as if it were bright light, and in darkness as if it were dim light. You can't discern color in darkness, only shades of gray.<br><br><strong>Feline Agility</strong><br><br>Your reflexes and agility allow you to move with a burst of speed. When you move on your turn in combat, you can double your speed until the end of the turn. Once you use this trait, you can't use it again until you move 0 feet on one of your turns.<br><br><strong>Cat's Claws</strong><br><br>Because of your claws, you have a climbing speed of 20 feet. In addition, your claws are natural weapons, which you can use to make unarmed strikes. If you hit with them, you deal slashing damage equal to 1d4 + your Strength modifier, instead of the bludgeoning damage normal for an unarmed strike.<br><br><strong>Cat's Talents</strong><br><br>You have proficiency in the Perception and Stealth skills.<br><br><strong>Languages</strong><br><br>You can speak, read, and write Common and one other language of your choice."
The Disembodied,GrimHollowPlayerPack,,Intelligence +2; Dexterity +1,Varies,30 feet,"Ability Score Increase. Your Intelligence score increases by 2 and your Dexterity score increases by 1.<br><br>Age. The disembodied mature at a much slower rate than their humanoid equivalent, and their life expectancy is drastically higher, with not a single disembodied having passed due to old age.<br><br>Alignment. The disembodied tend towards no particular alignments.<br><br>Size. You still possess the height of your former humanoid self, but your nearly insubstantial nature has drastically reduced your weight to a quarter of your original weight. Your size is the same it was before the accident.<br><br>Speed. Your base walking speed is 30 feet.<br><br>Fade Away. On your turn, as an action, you can fade from the Material Realm and disappear into the ethereal plane. While you remain faded away, you cannot interact with the Material Plane, and effects on the Material Plane cannot interact with you, including spells and creatures. However, you can move and hear as normal, and see everything in shades of grey.This effect lasts for 1 minute, or until you use a bonus action to end it. When the effect ends, you reappear on the Material Plane, in the closest unoccupied space you disappeared from. Once you use this feature, you cannot use it again until you complete a long rest.<br><br>Planar Outcast. You may cast the feather fall spell once per day, targeting yourself only. When you reach 3rd level, you may cast the blur spell once per day. When you reach 5th level, you may cast the blink spell once per day. Intelligence is your spellcasting ability for these spells.<br><br>Arcane Origins. You gain proficiency in the Arcana skill.<br><br>Languages. You can speak, read, and write two languages of your choice."
Thri-kreen,AAG,15,Choose one of: (a) Choose any +2; choose any other +1 (b) Choose three different +1,Small or Medium,30 feet,"<strong>Creature Type</strong><br><br>You are a Monstrosity.<br><br><strong>Size</strong><br><br>You are Medium or Small. You choose the size when you select this race.<br><br><strong>Chameleon Carapace</strong><br><br>While you aren't wearing armor, your carapace gives you a base Armor Class of 13 + your Dexterity modifier.<br><br>As an action, you can change the color of your carapace to match the color and texture of your surroundings, giving you advantage on Dexterity (Stealth) checks made to hide in those surroundings.<br><br><strong>Darkvision</strong><br><br>You can see in dim light within 60 feet of yourself as if it were bright light, and in darkness as if it were dim light. You discern colors in that darkness only as shades of gray.<br><br><strong>Secondary Arms</strong><br><br>You have two slightly smaller secondary arms below your primary pair of arms. The secondary arms can manipulate an object, open or close a door or container, pick up or set down a Tiny object, or wield a weapon that has the light property.<br><br><strong>Sleepless</strong><br><br>You do not require sleep and can remain conscious during a long rest, though you must still refrain from strenuous activity to gain the benefit of the rest.<br><br><strong>Thri-kreen Telepathy</strong><br><br>Without the assistance of magic, you can't speak the non-thri-kreen languages you know. Instead you use telepathy to convey your thoughts. You have the magical ability to transmit your thoughts mentally to willing creatures within 120 feet of yourself. A contacted creature doesn't need to share a language with you to understand your thoughts, but it must be able to understand at least one language. Your telepathic link to a creature is broken if you and the creature move more than 120 feet apart, if either of you is incapacitated, or if either of you mentally breaks the contact (no action required)."
Tiefling,PHB,42,Charisma +2; Intelligence +1,Medium,30 feet,"<strong>Age</strong><br><br>Tieflings mature at the same rate as humans but live a few years longer.<br><br><strong>Size</strong><br><br>Tieflings are about the same size and build as humans. Your size is Medium.<br><br><strong>Darkvision</strong><br><br>Thanks to your infernal heritage, you have superior vision in dark and dim conditions. You can see in dim light within 60 feet of you as if it were bright light, and in darkness as if it were dim light. You can't discern color in darkness, only shades of gray.<br><br><strong>Hellish Resistance</strong><br><br>You have resistance to fire damage.<br><br><strong>Infernal Legacy</strong><br><br>You know the thaumaturgy cantrip. Once you reach 3rd level, you can cast the hellish rebuke spell as a 2nd-level spell with this trait; you regain the ability to cast it when you finish a long rest. Once you reach 5th level, you can also cast the darkness spell once per day with this trait; you regain the ability to cast it when you finish a long rest. Charisma is your spellcasting ability for these spells.<br><br><strong>Languages</strong><br><br>You can speak, read, and write Common and Infernal."
Tiefling (Asmodeus),MTF,21,Charisma +2; Intelligence +1,Medium,30 feet,"<strong>Age</strong><br><br>Tieflings mature at the same rate as humans but live a few years longer.<br><br><strong>Size</strong><br><br>Tieflings are about the same size and build as humans. Your size is Medium.<br><br><strong>Darkvision</strong><br><br>Thanks to your infernal heritage, you have superior vision in dark and dim conditions. You can see in dim light within 60 feet of you as if it were bright light, and in darkness as if it were dim light. You can't discern color in darkness, only shades of gray.<br><br><strong>Hellish Resistance</strong><br><br>You have resistance to fire damage.<br><br><strong>Infernal Legacy</strong><br><br>You know the thaumaturgy cantrip. Once you reach 3rd level, you can cast the hellish rebuke spell as a 2nd-level spell with this trait; you regain the ability to cast it when you finish a long rest. Once you reach 5th level, you can also cast the darkness spell once per day with this trait; you regain the ability to cast it when you finish a long rest. Charisma is your spellcasting ability for these spells.<br><br><strong>Languages</strong><br><br>You can speak, read, and write Common and Infernal."
Tiefling (Baalzebul),MTF,21,Charisma +2; Intelligence +1,Medium,30 feet,"<strong>Age</strong><br><br>Tieflings mature at the same rate as humans but live a few years longer.<br><br><strong>Size</strong><br><br>Tieflings are about the same size and build as humans. Your size is Medium.<br><br><strong>Darkvision</strong><br><br>Thanks to your infernal heritage, you have superior vision in dark and dim conditions. You can see in dim light within 60 feet of you as if it were bright light, and in darkness as if it were dim light. You can't discern color in darkness, only shades of gray.<br><br><strong>Hellish Resistance</strong><br><br>You have resistance to fire damage.<br><br><strong>Infernal Legacy</strong><br><br>You know the thaumaturgy cantrip. Once you reach 3rd level, you can cast the hellish rebuke spell as a 2nd-level spell with this trait; you regain the ability to cast it when you finish a long rest. Once you reach 5th level, you can also cast the darkness spell once per day with this trait; you regain the ability to cast it when you finish a long rest. Charisma is your spellcasting ability for these spells.<br><br><strong>Languages</strong><br><br>You can speak, read, and write Common and Infernal.<br><br><strong>Legacy of Maladomini</strong><br><br>You know the thaumaturgy cantrip. When you reach 3rd level, you can cast the ray of sickness spell as a 2nd-level spell once with this trait and regain the ability to do so when you finish a long rest. When you reach 5th level, you can cast the crown of madness spell once with this trait and regain the ability to do so when you finish a long rest. Charisma is your spellcasting ability for these spells."
Tiefling (Base),PHB,42,Charisma +2; Intelligence +1,Medium,30 feet,"Age. Tieflings mature at the same rate as humans but live a few years longer.<br><br>Size. Tieflings are about the same size and build as humans. Your size is Medium.<br><br>Darkvision. Thanks to your infernal heritage, you have superior vision in dark and dim conditions. You can see in dim light within 60 feet of you as if it were bright light, and in darkness as if it were dim light. You can't discern color in darkness, only shades of gray.<br><br>Hellish Resistance. You have resistance to fire damage.<br><br>Infernal Legacy. You know the thaumaturgy cantrip. Once you reach 3rd level, you can cast the hellish rebuke spell as a 2nd-level spell with this trait; you regain the ability to cast it when you finish a long rest. Once you reach 5th level, you can also cast the darkness spell once per day with this trait; you regain the ability to cast it when you finish a long rest. Charisma is your spellcasting ability for these spells.<br><br>Languages. You can speak, read, and write Common and Infernal."
Tiefling (Dispater),MTF,21,Charisma +2; Dexterity +1,Medium,30 feet,"<strong>Age</strong><br><br>Tieflings mature at the same rate as humans but live a few years longer.<br><br><strong>Size</strong><br><br>Tieflings are about the same size and build as humans. Your size is Medium.<br><br><strong>Darkvision</strong><br><br>Thanks to your infernal heritage, you have superior vision in dark and dim conditions. You can see in dim light within 60 feet of you as if it were bright light, and in darkness as if it were dim light. You can't discern color in darkness, only shades of gray.<br><br><strong>Hellish Resistance</strong><br><br>You have resistance to fire damage.<br><br><strong>Infernal Legacy</strong><br><br>You know the thaumaturgy cantrip. Once you reach 3rd level, you can cast the hellish rebuke spell as a 2nd-level spell with this trait; you regain the ability to cast it when you finish a long rest. Once you reach 5th level, you can also cast the darkness spell once per day with this trait; you regain the ability to cast it when you finish a long rest. Charisma is your spellcasting ability for these spells.<br><br><strong>Languages</strong><br><br>You can speak, read, and write Common and Infernal.<br><br><strong>Legacy of Dis</strong><br><br>You know the thaumaturgy cantrip. When you reach 3rd level, you can cast the disguise self spell once with this trait and regain the ability to do so when you finish a long rest. When you reach 5th level, you can cast the detect thoughts spell once with this trait and regain the ability to do so when you finish a long rest. Charisma is your spellcasting ability for these spells."
Tiefling (Fierna),MTF,21,Charisma +2; Wisdom +1,Medium,30 feet,"<strong>Age</strong><br><br>Tieflings mature at the same rate as humans but live a few years longer.<br><br><strong>Size</strong><br><br>Tieflings are about the same size and build as humans. Your size is Medium.<br><br><strong>Darkvision</strong><br><br>Thanks to your infernal heritage, you have superior vision in dark and dim conditions. You can see in dim light within 60 feet of you as if it were bright light, and in darkness as if it were dim light. You can't discern color in darkness, only shades of gray.<br><br><strong>Hellish Resistance</strong><br><br>You have resistance to fire damage.<br><br><strong>Infernal Legacy</strong><br><br>You know the thaumaturgy cantrip. Once you reach 3rd level, you can cast the hellish rebuke spell as a 2nd-level spell with this trait; you regain the ability to cast it when you finish a long rest. Once you reach 5th level, you can also cast the darkness spell once per day with this trait; you regain the ability to cast it when you finish a long rest. Charisma is your spellcasting ability for these spells.<br><br><strong>Languages</strong><br><br>You can speak, read, and write Common and Infernal.<br><br><strong>Legacy of Phlegethos</strong><br><br>You know the friends cantrip. When you reach 3rd level, you can cast the charm person spell as a 2nd-level spell once with this trait and regain the ability to do so when you finish a long rest. When you reach 5th level, you can cast the suggestion spell once with this trait and regain the ability to do so when you finish a long rest. Charisma is your spellcasting ability for these spells."
Tiefling (Glasya),MTF,22,Charisma +2; Dexterity +1,Medium,30 feet,"<strong>Age</strong><br><br>Tieflings mature at the same rate as humans but live a few years longer.<br><br><strong>Size</strong><br><br>Tieflings are about the same size and build as humans. Your size is Medium.<br><br><strong>Darkvision</strong><br><br>Thanks to your infernal heritage, you have superior vision in dark and dim conditions. You can see in dim light within 60 feet of you as if it were bright light, and in darkness as if it were dim light. You can't discern color in darkness, only shades of gray.<br><br><strong>Hellish Resistance</strong><br><br>You have resistance to fire damage.<br><br><strong>Infernal Legacy</strong><br><br>You know the thaumaturgy cantrip. Once you reach 3rd level, you can cast the hellish rebuke spell as a 2nd-level spell with this trait; you regain the ability to cast it when you finish a long rest. Once you reach 5th level, you can also cast the darkness spell once per day with this trait; you regain the ability to cast it when you finish a long rest. Charisma is your spellcasting ability for these spells.<br><br><strong>Languages</strong><br><br>You can speak, read, and write Common and Infernal.<br><br><strong>Legacy of Malbolge</strong><br><br>You know the minor illusion cantrip. When you reach 3rd level, you can cast the disguise self spell once with this trait and regain the ability to do so when you finish a long rest. When you reach 5th level, you can cast the invisibility spell once with this trait and regain the ability to do so when you finish a long rest. Charisma is your spellcasting ability for these spells."
Tiefling (Levistus),MTF,22,Charisma +2; Constitution +1,Medium,30 feet,"<strong>Age</strong><br><br>Tieflings mature at the same rate as humans but live a few years longer.<br><br><strong>Size</strong><br><br>Tieflings are about the same size and build as humans. Your size is Medium.<br><br><strong>Darkvision</strong><br><br>Thanks to your infernal heritage, you have superior vision in dark and dim conditions. You can see in dim light within 60 feet of you as if it were bright light, and in darkness as if it were dim light. You can't discern color in darkness, only shades of gray.<br><br><strong>Hellish Resistance</strong><br><br>You have resistance to fire damage.<br><br><strong>Infernal Legacy</strong><br><br>You know the thaumaturgy cantrip. Once you reach 3rd level, you can cast the hellish rebuke spell as a 2nd-level spell with this trait; you regain the ability to cast it when you finish a long rest. Once you reach 5th level, you can also cast the darkness spell once per day with this trait; you regain the ability to cast it when you finish a long rest. Charisma is your spellcasting ability for these spells.<br><br><strong>Languages</strong><br><br>You can speak, read, and write Common and Infernal.<br><br><strong>Legacy of Stygia</strong><br><br>You know the ray of frost cantrip. When you reach 3rd level, you can cast the armor of Agathys spell as a 2nd-level spell once with this trait and regain the ability to do so when you finish a long rest. When you reach 5th level, you can cast the darkness spell once with this trait and regain the ability to do so when you finish a long rest. Charisma is your spellcasting ability for these spells."
Tiefling (Mammon),MTF,22,Charisma +2; Intelligence +1,Medium,30 feet,"<strong>Age</strong><br><br>Tieflings mature at the same rate as humans but live a few years longer.<br><br><strong>Size</strong><br><br>Tieflings are about the same size and build as humans. Your size is Medium.<br><br><strong>Darkvision</strong><br><br>Thanks to your infernal heritage, you have superior vision in dark and dim conditions. You can see in dim light within 60 feet of you as if it were bright light, and in darkness as if it were dim light. You can't discern color in darkness, only shades of gray.<br><br><strong>Hellish Resistance</strong><br><br>You have resistance to fire damage.<br><br><strong>Infernal Legacy</strong><br><br>You know the thaumaturgy cantrip. Once you reach 3rd level, you can cast the hellish rebuke spell as a 2nd-level spell with this trait; you regain the ability to cast it when you finish a long rest. Once you reach 5th level, you can also cast the darkness spell once per day with this trait; you regain the ability to cast it when you finish a long rest. Charisma is your spellcasting ability for these spells.<br><br><strong>Languages</strong><br><br>You can speak, read, and write Common and Infernal.<br><br><strong>Legacy of Minauros</strong><br><br>You know the mage hand cantrip. When you reach 3rd level, you can cast the Tenser's floating disk spell once with this trait and regain the ability to do so when you finish a short or long rest. When you reach 5th level, you can cast the arcane lock spell once with this trait, requiring no material component, and regain the ability to do so when you finish a long rest. Charisma is your spellcasting ability for these spells."
Tiefling (Mephistopheles),MTF,23,Charisma +2; Intelligence +1,Medium,30 feet,"<strong>Age</strong><br><br>Tieflings mature at the same rate as humans but live a few years longer.<br><br><strong>Size</strong><br><br>Tieflings are about the same size and build as humans. Your size is Medium.<br><br><strong>Darkvision</strong><br><br>Thanks to your infernal heritage, you have superior vision in dark and dim conditions. You can see in dim light within 60 feet of you as if it were bright light, and in darkness as if it were dim light. You can't discern color in darkness, only shades of gray.<br><br><strong>Hellish Resistance</strong><br><br>You have resistance to fire damage.<br><br><strong>Infernal Legacy</strong><br><br>You know the thaumaturgy cantrip. Once you reach 3rd level, you can cast the hellish rebuke spell as a 2nd-level spell with this trait; you regain the ability to cast it when you finish a long rest. Once you reach 5th level, you can also cast the darkness spell once per day with this trait; you regain the ability to cast it when you finish a long rest. Charisma is your spellcasting ability for these spells.<br><br><strong>Languages</strong><br><br>You can speak, read, and write Common and Infernal.<br><br><strong>Legacy of Cania</strong><br><br>You know the mage hand cantrip. When you reach 3rd level, you can cast the burning hands spell as a 2nd-level spell once with this trait and regain the ability to do so when you finish a long rest. When you reach 5th level, you can cast the flame blade spell once with this trait and regain the ability to do so when you finish a long rest. Charisma is your spellcasting ability for these spells."
Tiefling (Variant; Devil's Tongue),SCAG,118,Intelligence +1; Choose Dexterity or Charisma +2,Medium,30 feet,"<strong>Age</strong><br><br>Tieflings mature at the same rate as humans but live a few years longer.<br><br><strong>Size</strong><br><br>Tieflings are about the same size and build as humans. Your size is Medium.<br><br><strong>Darkvision</strong><br><br>Thanks to your infernal heritage, you have superior vision in dark and dim conditions. You can see in dim light within 60 feet of you as if it were bright light, and in darkness as if it were dim light. You can't discern color in darkness, only shades of gray.<br><br><strong>Hellish Resistance</strong><br><br>You have resistance to fire damage.<br><br><strong>Infernal Legacy</strong><br><br>You know the thaumaturgy cantrip. Once you reach 3rd level, you can cast the hellish rebuke spell as a 2nd-level spell with this trait; you regain the ability to cast it when you finish a long rest. Once you reach 5th level, you can also cast the darkness spell once per day with this trait; you regain the ability to cast it when you finish a long rest. Charisma is your spellcasting ability for these spells.<br><br><strong>Languages</strong><br><br>You can speak, read, and write Common and Infernal.<br><br><strong>Appearance</strong><br><br>Your tiefling might not look like other tieflings. Rather than having the physical characteristics described in the Player's Handbook, choose 1d4+1 of the following features: small horns; fangs or sharp teeth; a forked tongue; catlike eyes; six fingers on each hand; goatlike legs; cloven hoofs; a forked tail; leathery or scaly skin; red or dark blue skin; cast no shadow or reflection; exude a smell of brimstone.<br><br><strong>Devil's Tongue</strong><br><br>You know the vicious mockery cantrip. When you reach 3rd level, you can cast the charm person spell as a 2nd-level spell once with this trait. When you reach 5th level, you can cast the enthrall spell once with this trait. You must finish a long rest to cast these spells once again with this trait. Charisma is your spellcasting ability for them. This trait replaces the Infernal Legacy trait."
Tiefling (Variant; Hellfire),SCAG,118,Intelligence +1; Choose Dexterity or Charisma +2,Medium,30 feet,"<strong>Age</strong><br><br>Tieflings mature at the same rate as humans but live a few years longer.<br><br><strong>Size</strong><br><br>Tieflings are about the same size and build as humans. Your size is Medium.<br><br><strong>Darkvision</strong><br><br>Thanks to your infernal heritage, you have superior vision in dark and dim conditions. You can see in dim light within 60 feet of you as if it were bright light, and in darkness as if it were dim light. You can't discern color in darkness, only shades of gray.<br><br><strong>Hellish Resistance</strong><br><br>You have resistance to fire damage.<br><br><strong>Infernal Legacy</strong><br><br>You know the thaumaturgy cantrip. Once you reach 3rd level, you can cast the hellish rebuke spell as a 2nd-level spell with this trait; you regain the ability to cast it when you finish a long rest. Once you reach 5th level, you can also cast the darkness spell once per day with this trait; you regain the ability to cast it when you finish a long rest. Charisma is your spellcasting ability for these spells.<br><br><strong>Languages</strong><br><br>You can speak, read, and write Common and Infernal.<br><br><strong>Appearance</strong><br><br>Your tiefling might not look like other tieflings. Rather than having the physical characteristics described in the Player's Handbook, choose 1d4+1 of the following features: small horns; fangs or sharp teeth; a forked tongue; catlike eyes; six fingers on each hand; goatlike legs; cloven hoofs; a forked tail; leathery or scaly skin; red or dark blue skin; cast no shadow or reflection; exude a smell of brimstone.<br><br><strong>Hellfire</strong><br><br>You know the thaumaturgy cantrip. Once you reach 3rd level, you can cast the burning hands spell once per day as a 2nd-level spell; you must finish a long rest in order to cast the spell again using this trait. Once you reach 5th level, you can also cast the darkness spell; you must finish a long rest in order to cast the spell again using this trait. Charisma is your spellcasting ability for these spells."
Tiefling (Variant; Infernal Legacy),SCAG,118,Intelligence +1; Choose Dexterity or Charisma +2,Medium,30 feet,"<strong>Age</strong><br><br>Tieflings mature at the same rate as humans but live a few years longer.<br><br><strong>Size</strong><br><br>Tieflings are about the same size and build as humans. Your size is Medium.<br><br><strong>Darkvision</strong><br><br>Thanks to your infernal heritage, you have superior vision in dark and dim conditions. You can see in dim light within 60 feet of you as if it were bright light, and in darkness as if it were dim light. You can't discern color in darkness, only shades of gray.<br><br><strong>Hellish Resistance</strong><br><br>You have resistance to fire damage.<br><br><strong>Infernal Legacy</strong><br><br>You know the thaumaturgy cantrip. Once you reach 3rd level, you can cast the hellish rebuke spell as a 2nd-level spell with this trait; you regain the ability to cast it when you finish a long rest. Once you reach 5th level, you can also cast the darkness spell once per day with this trait; you regain the ability to cast it when you finish a long rest. Charisma is your spellcasting ability for these spells.<br><br><strong>Languages</strong><br><br>You can speak, read, and write Common and Infernal.<br><br><strong>Appearance</strong><br><br>Your tiefling might not look like other tieflings. Rather than having the physical characteristics described in the Player's Handbook, choose 1d4+1 of the following features: small horns; fangs or sharp teeth; a forked tongue; catlike eyes; six fingers on each hand; goatlike legs; cloven hoofs; a forked tail; leathery or scaly skin; red or dark blue skin; cast no shadow or reflection; exude a smell of brimstone."
Tiefling (Variant; Winged),SCAG,118,Intelligence +1; Choose Dexterity or Charisma +2,Medium,"30 feet, fly 30 feet","<strong>Age</strong><br><br>Tieflings mature at the same rate as humans but live a few years longer.<br><br><strong>Size</strong><br><br>Tieflings are about the same size and build as humans. Your size is Medium.<br><br><strong>Darkvision</strong><br><br>Thanks to your infernal heritage, you have superior vision in dark and dim conditions. You can see in dim light within 60 feet of you as if it were bright light, and in darkness as if it were dim light. You can't discern color in darkness, only shades of gray.<br><br><strong>Hellish Resistance</strong><br><br>You have resistance to fire damage.<br><br><strong>Infernal Legacy</strong><br><br>You know the thaumaturgy cantrip. Once you reach 3rd level, you can cast the hellish rebuke spell as a 2nd-level spell with this trait; you regain the ability to cast it when you finish a long rest. Once you reach 5th level, you can also cast the darkness spell once per day with this trait; you regain the ability to cast it when you finish a long rest. Charisma is your spellcasting ability for these spells.<br><br><strong>Languages</strong><br><br>You can speak, read, and write Common and Infernal.<br><br><strong>Appearance</strong><br><br>Your tiefling might not look like other tieflings. Rather than having the physical characteristics described in the Player's Handbook, choose 1d4+1 of the following features: small horns; fangs or sharp teeth; a forked tongue; catlike eyes; six fingers on each hand; goatlike legs; cloven hoofs; a forked tail; leathery or scaly skin; red or dark blue skin; cast no shadow or reflection; exude a smell of brimstone.<br><br><strong>Winged</strong><br><br>You have bat-like wings sprouting from your shoulder blades. You have a flying speed of 30 feet while you aren't wearing heavy armor."
Tiefling (Zariel),MTF,23,Charisma +2; Strength +1,Medium,30 feet,"<strong>Age</strong><br><br>Tieflings mature at the same rate as humans but live a few years longer.<br><br><strong>Size</strong><br><br>Tieflings are about the same size and build as humans. Your size is Medium.<br><br><strong>Darkvision</strong><br><br>Thanks to your infernal heritage, you have superior vision in dark and dim conditions. You can see in dim light within 60 feet of you as if it were bright light, and in darkness as if it were dim light. You can't discern color in darkness, only shades of gray.<br><br><strong>Hellish Resistance</strong><br><br>You have resistance to fire damage.<br><br><strong>Infernal Legacy</strong><br><br>You know the thaumaturgy cantrip. Once you reach 3rd level, you can cast the hellish rebuke spell as a 2nd-level spell with this trait; you regain the ability to cast it when you finish a long rest. Once you reach 5th level, you can also cast the darkness spell once per day with this trait; you regain the ability to cast it when you finish a long rest. Charisma is your spellcasting ability for these spells.<br><br><strong>Languages</strong><br><br>You can speak, read, and write Common and Infernal.<br><br><strong>Legacy of Avernus</strong><br><br>You know the thaumaturgy cantrip. When you reach 3rd level, you can cast the searing smite spell as a 2nd-level spell once with this trait and regain the ability to do so when you finish a long rest. When you reach 5th level, you can cast the branding smite spell once with this trait and regain the ability to do so when you finish a long rest. Charisma is your spellcasting ability for these spells."
Tortle,MPMM,34,Choose one of: (a) Choose any +2; choose any other +1 (b) Choose three different +1,Small or Medium,30 feet,"<strong>Size</strong><br><br>You are Medium or Small. You choose the size when you select this race.<br><br><strong>Claws</strong><br><br>You have claws that you can use to make unarmed strikes. When you hit with them, the strike deals 1d6 + your Strength modifier slashing damage, instead of the bludgeoning damage normal for an unarmed strike.<br><br><strong>Hold Breath</strong><br><br>You can hold your breath for up to 1 hour.<br><br><strong>Natural Armor</strong><br><br>Your shell provides you a base AC of 17 (your Dexterity modifier doesn't affect this number). You can't wear light, medium, or heavy armor, but if you are using a shield, you can apply the shield's bonus as normal.<br><br><strong>Nature's Intuition</strong><br><br>Thanks to your mystical connection to nature, you gain proficiency with one of the following skills of your choice: Animal Handling, Medicine, Nature, Perception, Stealth, or Survival.<br><br><strong>Shell Defense</strong><br><br>You can withdraw into your shell as an action. Until you emerge, you gain a +4 bonus to your AC, and you have advantage on Strength and Constitution saving throws. While in your shell, you are prone, your speed is 0 and can't increase, you have disadvantage on Dexterity saving throws, you can't take reactions, and the only action you can take is a bonus action to emerge from your shell."
Triton,MOT,26,Strength +1; Constitution +1; Charisma +1,Medium,"30 feet, swim 30 feet",
Triton,MPMM,35,Choose one of: (a) Choose any +2; choose any other +1 (b) Choose three different +1,Medium,"30 feet, swim equal to your walking speed","<strong>Speed</strong><br><br>Your walking speed is 30 feet, and you have a swimming speed equal to your walking speed.<br><br><strong>Amphibious</strong><br><br>You can breathe air and water.<br><br><strong>Control Air and Water</strong><br><br>You can cast fog cloud with this trait. Starting at 3rd level, you can cast the gust of wind spell with this trait. Starting at 5th level, you can also cast the water walk spell with it. Once you cast any of these spells with this trait, you can't cast that spell with it again until you finish a long rest. You can also cast these spells using any spell slots you have of the appropriate level.<br><br>Intelligence, Wisdom, or Charisma is your spellcasting ability for these spells when you cast them with this trait (choose when you select this race).<br><br><strong>Darkvision</strong><br><br>You can see in dim light within 60 feet of you as if it were bright light and in darkness as if it were dim light. You discern colors in that darkness only as shades of gray.<br><br><strong>Emissary of the Sea</strong><br><br>You can communicate simple ideas to any Beast, Elemental, or Monstrosity that has a swimming speed. It can understand your words, though you have no special ability to understand it in return.<br><br><strong>Guardian of the Depths</strong><br><br>Adapted to the frigid ocean depths, you have resistance to cold damage."
Triton,VGM,115,Strength +1; Constitution +1; Charisma +1,Medium,"30 feet, swim 30 feet","<strong>Age</strong><br><br>Tritons reach maturity around age 15 and can live up to 200 years.<br><br><strong>Size</strong><br><br>Tritons are slightly shorter than humans, averaging about 5 feet tall. Your size is Medium.<br><br><strong>Swim Speed</strong><br><br>You have a swimming speed of 30 feet.<br><br><strong>Amphibious</strong><br><br>You can breathe air and water.<br><br><strong>Control Air and Water</strong><br><br>A child of the sea, you can call on the magic of elemental air and water. You can cast fog cloud with this trait. Starting at 3rd level, you can cast gust of wind with it, and starting at 5th level, you can also cast wall of water|xge with it. Once you cast a spell with this trait, you can't cast that spell with it again until you finish a long rest. Charisma is your spellcasting ability for these spells.<br><br><strong>Darkvision</strong><br><br>You can see in dim light within 60 feet of you as if it were bright light and in darkness as if it were dim light. You can't discern color in darkness, only shades of gray.<br><br><strong>Emissary of the Sea</strong><br><br>Aquatic beasts have an extraordinary affinity with your people. You can communicate simple ideas with beasts that can breathe water. They can understand the meaning of your words, though you have no special ability to understand them in return.<br><br><strong>Guardians of the Depths</strong><br><br>Adapted to even the most extreme ocean depths, you have resistance to cold damage.<br><br><strong>Languages</strong><br><br>You can speak, read, and write Common and Primordial."
Umbral Human,BookOfEbonTides,30,Choose any +2; choose any other +1,Medium,30 feet,"Age. Your natural aging process slows and becomes similar to that of an elf or shadow fey.<br><br>Alignment. Umbral humans have often walked a troubling path to become what they are. This tends to push umbral humans toward neutral or chaotic alignments, but all variations exist.<br><br>Darkvision. You can see in dim light within 60 feet as though it were bright light and in darkness as if it were dim light. You can't discern color in darkness, only shades of gray.<br><br>Dark Infusion. You have resistance to cold damage.<br><br>Fade Away. While standing perfectly still, you can use an action to become invisible. You become visible again if you move or take an action. You can use this feature a number of times per day equal to your proficiency bonus.<br><br>Language. You can speak, read, and write Common and Umbral."
Umbral Human (Changeling),BookOfEbonTides,30,Charisma +1; Choose any +2; choose any other +1,Medium,30 feet,"Age. Your natural aging process slows and becomes similar to that of an elf or shadow fey.<br><br>Alignment. Umbral humans have often walked a troubling path to become what they are. This tends to push umbral humans toward neutral or chaotic alignments, but all variations exist.<br><br>Darkvision. You can see in dim light within 60 feet as though it were bright light and in darkness as if it were dim light. You can't discern color in darkness, only shades of gray.<br><br>Dark Infusion. You have resistance to cold damage.<br><br>Fade Away. While standing perfectly still, you can use an action to become invisible. You become visible again if you move or take an action. You can use this feature a number of times per day equal to your proficiency bonus.<br><br>Language. You can speak, read, and write Common and Umbral.<br><br>Cover Story. You gain proficiency in the Deception or Persuasion skill.<br><br>Shadow Glamour. You can use an action to cast the disguise self spell at will."
Umbral Human (Gifted),BookOfEbonTides,30,Wisdom +1; Choose any +2; choose any other +1,Medium,30 feet,"Age. Your natural aging process slows and becomes similar to that of an elf or shadow fey.<br><br>Alignment. Umbral humans have often walked a troubling path to become what they are. This tends to push umbral humans toward neutral or chaotic alignments, but all variations exist.<br><br>Darkvision. You can see in dim light within 60 feet as though it were bright light and in darkness as if it were dim light. You can't discern color in darkness, only shades of gray.<br><br>Dark Infusion. You have resistance to cold damage.<br><br>Fade Away. While standing perfectly still, you can use an action to become invisible. You become visible again if you move or take an action. You can use this feature a number of times per day equal to your proficiency bonus.<br><br>Language. You can speak, read, and write Common and Umbral.<br><br>Cursed Infusion. You have resistance to necrotic damage.<br><br>Shadow Gift. You struck a bargain with a shadow fey to receive a gift, but it came at a terrible price. Choose one of the options below to determine the benefit and penalty you possess (or discuss other options with your GM):Increase one of your ability scores by 6 (up to 20). Reduce two different ability scores by 2.You no longer need to eat or breathe to survive and require only 4 hours for a long rest. Gain one level of exhaustion. This level of exhaustion cannot be removed by any means magical or non-magical.Cut your current base movement speed in half. Gain a fly, swim, or climb speed equal to your newly halved base movement speed.You become proficient in one skill of your choice and always roll ability checks made with that skill at advantage. Choose a second skill, and always roll ability checks made with that skill at disadvantage.Each day at dawn, you gain temporary hit points equal to your Constitution score. You are no longer able to spend hit dice to heal during short rests."
Vedalken,GGR,21,Intelligence +2; Wisdom +1,Medium,30 feet,"<strong>Age</strong><br><br>Vedalken mature slower than humans do, reaching maturity around age 40. Their life span is typically 350 years, with some living to the age of 500.<br><br><strong>Alignment</strong><br><br>Vedalken are usually lawful and non-evil.<br><br><strong>Size</strong><br><br>Tall and slender, Vedalken stand 6 to 6½ feet tall on average and usually weigh less than 200 pounds. Your size is Medium.<br><br><strong>Vedalken Dispassion</strong><br><br>You have advantage on all Intelligence, Wisdom, and Charisma saving throws.<br><br><strong>Tireless Precision</strong><br><br>You are proficient in one of the following skills of your choice: Arcana, History, Investigation, Medicine, Performance, or Sleight of Hand. You are also proficient with one tool of your choice.<br><br>Whenever you make an ability check with the chosen skill or tool, roll a d4 and add the number rolled to the check's total.<br><br><strong>Partially Amphibious</strong><br><br>By absorbing oxygen through your skin, you can breathe underwater for up to 1 hour. Once you've reached that limit, you can't use this trait again until you finish a long rest.<br><br><strong>Languages</strong><br><br>You can speak, read, and write Common, Vedalken, and one other language of your choice."
Verdan,AI,72,Charisma +2; Constitution +1,Varies,30 feet,"<strong>Age</strong><br><br>Verdan reach adulthood at around the age of 24, and it is thought that they might live to nearly 200 years old. However, because no verdan has died of old age since the race's initial creation, their upper age limits remain subject to speculation.<br><br><strong>Alignment</strong><br><br>Verdan are generally good, although their absence of racial identity and shared history can sometimes see individual verdan become untethered from any moral or ethical framework.<br><br><strong>Size</strong><br><br>Verdan start out similar in size to the goblins they were created from, ranging from 3 to 4 feet in height. But at some point after reaching maturity, each verdan undergoes a sudden growth spurt of 2 feet or more. At 1st level, you are a Small creature. When you reach 5th level, you become a Medium creature.<br><br><strong>Black Blood Healing</strong><br><br>The black blood that is a sign of your people's connection to That-Which-Endures boosts your natural healing. When you roll a 1 or 2 on any Hit Die you spend at the end of a short rest, you can reroll the die and must use the new roll.<br><br><strong>Limited Telepathy</strong><br><br>You can telepathically speak to any creature you can see within 30 feet of you. You don't need to share a language with the creature for it to understand your telepathy, but it must be able to understand at least one language. This process of communication is slow and limited, allowing you to transmit and receive only simple ideas and straightforward concepts.<br><br><strong>Persuasive</strong><br><br>Your people's lack of history makes you trustworthy and humble. You have proficiency in the Persuasion skill.<br><br><strong>Telepathic Insight</strong><br><br>Your mind's connection to the world around you strengthens your will. You have advantage on all Wisdom and Charisma saving throws.<br><br><strong>Language</strong><br><br>You speak, read, and write Common, Goblin, and one additional language of your choice. This language typically has some connection to one of the areas or cultures that has been part of your life."
Vulpin,HumblewoodCampaignSetting,30,Intelligence +2; Charisma +1,Medium,30 feet,"Age. Vulpins mature at an average pace, and can be comparatively long-lived. They reach adulthood at 15 years, and live well past 90 years.<br><br>Alignment. Vulpins aren't innately evil, but their difficulty empathizing with others means they are only rarely good aligned. Most vulpins find strict authority distasteful, preferring chaotic alignments over lawful ones.<br><br>Size. Vulpins cut dashing figures and are usually lean and muscular. They stand between 4 and a half and 5 and a half feet tall, but are relatively lightweight, weighing between 90 and 140 pounds. Your size is Medium.<br><br>Speed. Your base walking speed is 30 feet.<br><br>Darkvision. You are adept at hunting at night. You can see in dim light within 60 feet of you as if it were bright light, and in darkness as if it were dim light. You can't discern color in darkness, only shades of gray.<br><br>Bite. You have sharp fangs that enable you to make natural bite attacks. You can choose to bite as an unarmed strike that deals 1d6 points of piercing damage, which can be calculated using either your Strength or Dexterity modifier for both the attack roll and damage bonus.<br><br>Evasive. You add your Intelligence modifier as a bonus on all Dexterity saving throws.<br><br>Bewitching Guile. You can cast charm person as a 1st level spell with this trait, and regain the ability to do so when you finish a long rest. When you reach 3rd level, you can cast ambush prey as a 2nd level spell with this trait, and regain the ability to do so when you finish a long rest. When you reach 5th level, you can cast fear with this trait, and regain the ability to do so when you finish a long rest. Intelligence is your spellcasting ability for these spells.<br><br>Languages. You can speak, read, and write Birdfolk and Vulpin."
Warforged,ERLW,35,Constitution +2; Choose any other +1,Medium,30 feet,"<strong>Age</strong><br><br>A typical warforged is between two and thirty years old. The maximum warforged lifespan remains a mystery; so far, warforged have shown no signs of deterioration due to age. You are immune to magical aging effects.<br><br><strong>Alignment</strong><br><br>Most warforged take comfort in order and discipline, tending toward law and neutrality. But some have absorbed the morality, or lack thereof, of the beings with which they served.<br><br><strong>Size</strong><br><br>Your size is Medium.<br><br><strong>Constructed Resilience</strong><br><br>You were created to have remarkable fortitude, represented by the following benefits:<br><br>• You have advantage on saving throws against being poisoned, and you have resistance to poison damage.<br><br>• You don't need to eat, drink, or breathe.<br><br>• You are immune to disease.<br><br>• You don't need to sleep, and magic can't put you to sleep.<br><br><strong>Sentry's Rest</strong><br><br>When you take a long rest, you must spend at least six hours in an inactive, motionless state, rather than sleeping. In this state, you appear inert, but it doesn't render you unconscious, and you can see and hear as normal.<br><br><strong>Integrated Protection</strong><br><br>Your body has built-in defensive layers, which can be enhanced with armor:<br><br>• You gain a +1 bonus to Armor Class.<br><br>• You can don only armor with which you have proficiency. To don armor other than a shield, you must incorporate it into your body over the course of 1 hour, during which you remain in contact with the armor. To doff armor, you must spend 1 hour removing it. You can rest while donning or doffing armor in this way.<br><br>• While you live, the armor incorporated into your body can't be removed against your will.<br><br><strong>Specialized Design</strong><br><br>You gain one skill proficiency and one tool proficiency of your choice.<br><br><strong>Languages</strong><br><br>You can speak, read, and write Common and one other language of your choice."
Wechselkind,GrimHollowPlayerPack,,Constitution +2; Charisma +1,Small,25 feet,"Ability Score Increase. Your Constitution score increases by 2 and your Charisma score increases by 1.<br><br>Age. As constructs, the wechselkind do not age as normal creatures do. They are forever trapped in the doll-like body of a stolen child. As such, their maximum age is more a function of natural erosion and damage than of time, occasionally needing to replace or fix body parts when needed. You are immune to magical aging effects.<br><br>Alignment. Faerie are as close to the embodiment of chaos as most mortals are likely to see, and their creations usually follow that trend. Although some tend towards mischief, more wechselkind lean towards good than evil.<br><br>Size. Built to resemble a child, wechselkind are between 2 and 3 feet tall and weigh between 35 and 55 pounds. Your size is Small.<br><br>Speed. Your base walking speed is 25 feet.<br><br>Artificial Form. As a constructed creature, your body functions differently than a normal person. You have advantage on saving throws against being poisoned, and you have resistance to poison damage. You are immune to disease. You don't need to eat, drink, sleep, or breathe. You are still considered humanoid.<br><br>Faerie Glamour. When the faerie leaves a wechselkind in place of a mortal child, they cover it with a glamour to make it appear identical to the child that was stolen. Over time this glamour fades, but a wechselkind can still call upon it in times of need. You may cast the disguise self spell once with this trait, but only to take on the appearance of the child you were intended to replace, and you regain the ability to do so when you finish a long rest. Charisma is your spellcasting ability for this spell.<br><br>Childish Agility. You can move through the space of any creature that is of a size larger than yours. You gain proficiency in the Acrobatics skill.<br><br>Languages. You can speak, read, and write Sylvan and one other language of your choice."
Yuan-Ti,MPMM,36,Choose one of: (a) Choose any +2; choose any other +1 (b) Choose three different +1,Small or Medium,30 feet,"<strong>Size</strong><br><br>You are Medium or Small. You choose the size when you select this race.<br><br><strong>Darkvision</strong><br><br>You can see in dim light within 60 feet of you as if it were bright light and in darkness as if it were dim light. You discern colors in that darkness only as shades of gray.<br><br><strong>Magic Resistance</strong><br><br>You have advantage on saving throws against spells.<br><br><strong>Poison Resilience</strong><br><br>You have advantage on saving throws you make to avoid or end the poisoned condition on yourself. You also have resistance to poison damage.<br><br><strong>Serpentine Spellcasting</strong><br><br>You know the poison spray cantrip. You can cast animal friendship an unlimited number of times with this trait, but you can target only snakes with it. Starting at 3rd level, you can also cast suggestion with this trait. Once you cast it, you can't do so again until you finish a long rest. You can also cast it using any spell slots you have of 2nd level or higher.<br><br>Intelligence, Wisdom, or Charisma is your spellcasting ability for these spells when you cast them with this trait (choose when you select this race)."
Yuan-ti Pureblood,VGM,120,Charisma +2; Intelligence +1,Medium,30 feet,"<strong>Age</strong><br><br>Purebloods mature at the same rate as humans and have lifespans similar in length to theirs.<br><br><strong>Size</strong><br><br>Purebloods match humans in average size and weight. Your size is Medium.<br><br><strong>Darkvision</strong><br><br>You can see in dim light within 60 feet of you as if it were bright light, and in darkness as if it were dim light. You can't discern color in darkness, only shades of gray.<br><br><strong>Innate Spellcasting</strong><br><br>You know the poison spray cantrip. You can cast animal friendship an unlimited number of times with this trait, but you can target only snakes with it. Starting at 3rd level, you can also cast suggestion with this trait. Once you cast it, you can't do so again until you finish a long rest. Charisma is your spellcasting ability for these spells.<br><br><strong>Magic Resistance</strong><br><br>You have advantage on saving throws against spells and other magical effects.<br><br><strong>Poison Immunity</strong><br><br>You are immune to poison damage and the poisoned condition.<br><br><strong>Languages</strong><br><br>You can speak, read, and write Common, Abyssal, and Draconic."
