Name,Source,Page,Description
Acolyte,PHB,127,"Skill Proficiencies: Insight, Religion Languages: Two of your choice Equipment: A holy symbol (a gift to you when you entered the priesthood), a prayer book or prayer wheel, 5 sticks of incense, vestments, a set of common clothes, and a belt pouch containing 15 gp Feature: Shelter of the Faithful As an acolyte, you command the respect of those who share your faith, and you can perform the religious ceremonies of your deity. You and your adventuring companions can expect to receive free healing and care at a temple, shrine, or other established presence of your faith, though you must provide any material components needed for spells. Those who share your religion will support you (but only you) at a modest lifestyle. You might also have ties to a specific temple dedicated to your chosen deity or pantheon, and you have a residence there. This could be the temple where you used to serve, if you remain on good terms with it, or a temple where you have found a new home. While near your temple, you can call upon the priests for assistance, provided the assistance you ask for is not hazardous and you remain in good standing with your temple. Suggested Characteristics Acolytes are shaped by their experience in temples or other religious communities. Their study of the history and tenets of their faith and their relationships to temples, shrines, or hierarchies affect their mannerisms and ideals. Their flaws might be some hidden hypocrisy or heretical idea, or an ideal or bond taken to an extreme."
Anthropologist,ToA,191,"Skill Proficiencies: Insight, Religion Languages: Two of your choice Equipment: A leather-bound diary, a Ink (1-ounce bottle), an ink pen, a set of traveler's clothes, one trinket of special significance, and a pouch containing 10 gp Cultural Chameleon Before becoming an adventurer, you spent much of your adult life away from your homeland, living among people different from your kin. You came to understand these foreign cultures and the ways of their people, who eventually treated you as one of their own. One culture had more of an influence on you than any other, shaping your beliefs and customs Choose a race whose culture you've adopted, or roll on the Adopted Culture table. Feature: Adept Linguist You can communicate with humanoids who don't speak any language you know. You must observe the humanoids interacting with one another for at least 1 day, after which you learn a handful of important words, expressions, and gestures - enough to communicate on a rudimentary level. Suggested Characteristics Anthropologists leave behind the societies into which they were born to discover what life is like in other parts of the world. They seek to see how other races and civilizations survive - or why they did not. Some anthropologists are driven by intellectual curiosity, while others want the fame and recognition that comes with being the first to discover a new people, a lost tribe, or the truth about an ancient empire's downfall."
Archaeologist,ToA,192,"Skill Proficiencies: History, Survival Tool Proficiencies: Cartographer's tools or navigator's tools Languages: One of your choice Equipment: A Map or Scroll Case containing a map to a ruin or dungeon, a bullseye lantern, a miner's pick, a set of traveler's clothes, a shovel, a two-person tent, a trinket recovered from a dig site, and a pouch containing 25 gp Dust Digger Prior to becoming an adventurer, you spent most of your young life crawling around in the dust, pilfering relics of questionable value from crypts and ruins. Though you managed to sell a few of your discoveries and earn enough coin to buy proper adventuring gear, you have held onto an item that has great emotional value to you. Roll on the Signature Item table to see what you have, or choose an item from the table. Feature: Historical Knowledge When you enter a ruin or dungeon, you can correctly ascertain its original purpose and determine its builders, whether those were dwarves, elves, humans, yuan-ti, or some other known race. In addition, you can determine the monetary value of art objects more than a century old. Suggested Characteristics Few archaeologists can resist the lure of an unexplored ruin or dungeon, particularly if such a site is the source of legends or is rumored to contain the treasures and relics of wizards, warlords, or royalty. Some archaeologists plunder for wealth or fame, while others consider it their calling to illuminate the past or keep the world's greatest treasures from falling into the wrong hands. Whatever their motivations, archaeologists combine the qualities of a scrappy historian with the self-made heroism of a treasure-hunting scoundrel."
Astral Drifter,AAG,7,"Skill Proficiencies: Insight, Religion Languages: Two of your choice ( or recommended) Equipment: A set of traveler's clothes, a diary, an ink pen, a Ink (1-ounce bottle), and a pouch containing 10 gp Longevity You are 20d6 years older than you look, because you have spent that much time in the Astral Sea without aging. Feature: Divine Contact You gain the Magic Initiate from the Player's Handbook and must choose cleric for the feat. In the Astral Sea, you crossed paths with a wandering deity. The encounter was brief and nonviolent, yet it made a lasting impression on you. This deity saw fit to share one secret or obscure bit of cosmic lore with you. Work with your DM to determine the details of this knowledge and its impact on the campaign. Roll on the Divine Contact table to determine which deity you encountered, or work with your DM to identify a more suitable choice."
Athlete,MOT,31,"Skill Proficiencies: Acrobatics, Athletics Languages: One of your choice Tool Proficiencies: Vehicles (land) Equipment: A bronze discus or leather ball, a lucky charm or past trophy, a set of traveler's clothes, and a pouch containing 10 gp Feature: Echoes of Victory You have attracted admiration among spectators, fellow athletes, and trainers in the region that hosted your past athletic victories. When visiting any settlement within 100 miles of where you grew up, there is a 50 chance you can find someone there who admires you and is willing to provide information or temporary shelter. Between adventures, you might compete in athletic events sufficient enough to maintain a comfortable lifestyle, as per the ""Practicing a Profession"" downtime activity in chapter 8 of the Player's Handbook. Favored Event While many athletes practice various games and events, most excel at a single form of competition. Roll or choose from the options in the Favored Event table to determine the athletic event in which you excel. Suggested Characteristics Competition can forge strong bonds between teammates and rivals or ignite bitter feuds that burn outside the arena. Athletes often apply lessons from their training to their lives in general."
Augen Trust (Spy),EGW,203,
Azorius Functionary,GGR,33,"Skill Proficiencies: Insight, Intimidation Languages: Two of your choice Equipment: An Azorius insignia, a scroll containing the text of a law important to you, a Ink (1-ounce bottle), a ink pen, a set of fine clothes, and a belt pouch containing 10 gp (Azorius-minted 1-zino coins) Feature: Legal Authority You have the authority to enforce the laws of Ravnica, and that status inspires a certain amount of respect and even fear in the populace. People mind their manners in your presence and avoid drawing your attention; they assume you have the right to be wherever you are. Showing your Azorius insignia gets you an audience with anyone you want to talk to (though it might cause more problems than it solves when you're dealing with incorrigible lawbreakers). If you abuse this privilege, though, you can get in serious trouble with your superiors and even be stripped of your position. Azorius Guild Spells Prerequisite: Spellcasting or Pact Magic class feature For you, the spells on the Azorius Guild Spells table are added to the spell list of your spellcasting class. (If you are a multiclass character with multiple spell lists, these spells are added to all of them.) Your magic often takes the form of blue or golden runes floating and glowing in the air in circular patterns or of shimmering azure barriers of magical energy. If you cast ensnaring strike, for example, the vines created by the spell might appear as rune-inscribed glowing bands that wrap around the target and hold it in place. Suggested Characteristics Members of the Azorius Senate tend toward a demeanor of cold dignity and a pragmatic, orderly nature. Steeped in the law as they are, their ideals and priorities revolve around legal issues. Contacts The Azorius Senate is a sprawling bureaucracy, and people in a variety of positions throughout the guild can pull strings to make things happen. Because of the guild's role in making and enforcing laws for the entire city, your place in the Azorius can easily bring you into contact with members of other guilds, for good or ill. Roll twice on the Azorius Contacts table (for an ally and a rival) and once on the Non-Azorius Contacts table. How Do I Fit In? As a member of the Azorius Senate, you are probably engaged in the work of law enforcement (even if your background involved the legislative or judicial aspects of the senate's activities). Legislative aides and judges' clerks find little reason to venture beyond the Azorius guildhalls, but soldiers and lawmages patrol the streets daily. An Azorius soldier or lawmage is a force for order, charged with fighting crime on the streets—and in the halls of power. You might spend your time foiling thefts, putting a stop to Orzhov extortion, rooting out Dimir spies, or hunting down Golgari assassins. Perhaps you take your orders from a precognitive mage (or you are one yourself) who receives unpredictable and cryptic visions of future crimes that you and your allies must try to prevent."
Baldur's Gate Acolyte,BGDIA,202,
Baldur's Gate Charlatan,BGDIA,202,
Baldur's Gate Criminal,BGDIA,202,
Baldur's Gate Entertainer,BGDIA,202,
Baldur's Gate Folk Hero,BGDIA,204,
Baldur's Gate Guild Artisan,BGDIA,204,
Baldur's Gate Hermit,BGDIA,204,
Baldur's Gate Noble,BGDIA,204,
Baldur's Gate Outlander,BGDIA,204,
Baldur's Gate Sage,BGDIA,204,
Baldur's Gate Sailor,BGDIA,204,
Baldur's Gate Soldier,BGDIA,204,
Baldur's Gate Urchin,BGDIA,204,
Boros Legionnaire,GGR,40,"Skill Proficiencies: Athletics, Intimidation Tool Proficiencies: One type of gaming set Languages: Choose one of Celestial, Draconic, Goblin, or Minotaur Equipment: A Boros insignia, a feather from an angel's wing, a tattered piece of a Boros banner (a souvenir from a famous battle), a set of common clothes, and a belt pouch containing 2 gp (Boros-minted 1-zino coins) Feature: Legion Station You have an established place in the hierarchy of the Boros Legion. You can requisition simple equipment for temporary use, and you can gain access to any Boros garrison in Ravnica, where you can rest in safety and receive the attention of medics. You are also paid a salary of 1 gp (a Boros-minted 1-zino coin) per week, which (combined with free lodging in your garrison) enables you to maintain a poor lifestyle between adventures. Boros Guild Spells Prerequisite: Spellcasting or Pact Magic class feature For you, the spells on the Boros Guild Spells table are added to the spell list of your spellcasting class. (If you are a multiclass character with multiple spell lists, these spells are added to all of them.) Your magic often features dramatic bursts of flame or radiance. When you cast beneficial spells on your allies, they appear momentarily surrounded with halos of bright fire. Suggested Characteristics The Boros Legion is a zealous army, full of righteous energy tempered with military discipline. Its members share its leadership's devotion to the ideals of justice, or they find satisfaction in the more warfare-oriented aspects of the legion's work. Contacts The ordered structure of the Boros Legion offers abundant opportunities to make friends—and rivals—in higher places. You might have close friends in other guilds that share the Boros emphasis on order and community, or bitter enemies among the guilds that represent chaos and destruction. Roll twice on the Boros Contacts table (for an ally and a rival) and once on the Non-Boros Contacts table. How Do I Fit In? As a member of the Boros Legion, you are subject to the orders of your superior officers. You go where the angels tell you to go, and you do what they command you to do, to the best of your ability. If you enjoy some measure of independence, it's either because you have proven yourself capable of working without close supervision or because you're a rebellious sort who is willing to disobey orders now and face the consequences later. As a soldier on the street, you are tasked with bringing dangerous threats like the Rakdos and the Gruul in line. You might contend with Rakdos performances gone horribly out of control, Gruul raids on outlying neighborhoods, shipments of rot-infested vegetation from the Golgari undercity, and violent uprisings among the guildless. At the same time, you might have to worry about Dimir spies infiltrating your leadership, overzealous or corrupt Azorius senators abusing the law at the expense of justice, Izzet experiments leveling city blocks, and Simic creations that break out of laboratories and wreak havoc through the Tenth District. Tajic, Blade of the Legion Tajic is a firefist who carries the exalted title of Blade of the Legion, putting him just below the angels in rank. He maintains close communication with Aurelia, though recent events in the city have set them at odds. Tajic believes that the Boros can trust only the Boros. He is convinced that any effort at peace among the guilds is doomed to failure without the Guildpact. The Boros, he argues, would be better off spending their energy to make themselves stronger so they can uphold the fragile balance that exists now—and protect the innocent when the balance tilts. Aurelia feels that his negative attitude runs the risk of poisoning the hearts of the other Boros and undermining any peace efforts. For the most part, in deference to the angel, Tajic keeps his views to himself."
Celebrity Adventurer's Scion,AI,48,"Skill Proficiencies: Perception, Performance Tool Proficiencies: Disguise kit Languages: Two of your choice Equipment: Disguise kit, a set of fine clothes, and a belt pouch containing 30 gp. Feature: Name Dropping You know and have met any number of powerful people across the land—and some of them might even remember you. You might be able to wrangle minor assistance from a major figure in the campaign, at the DM's discretion. Additionally, the common folk treat you with deference, and your heritage and the stories you tell might be good for a free meal or a place to sleep. Suggested Characteristics Scions of celebrity adventurers must deal with fame that's not theirs, wealth they didn't earn, and expectations they can never hope to meet. These hardships can have adverse effects, but those who cope with them can arrive at a decent attitude and a grounded worldview. Those who fail become bitter—or worse."
Charlatan,PHB,128,"Skill Proficiencies: Deception, Sleight of Hand Tool Proficiencies: Disguise kit, Forgery kit Equipment: A set of fine clothes, a disguise kit, tools of the con of your choice (ten stoppered bottles filled with colored liquid, a set of weighted dice, a deck of marked cards, or a signet ring of an imaginary duke), and a belt pouch containing 15 gp Feature: False Identity You have created a second identity that includes documentation, established acquaintances, and disguises that allow you to assume that persona. Additionally, you can forge documents including official papers and personal letters, as long as you have seen an example of the kind of document or the handwriting you are trying to copy. Favorite Schemes Every charlatan has an angle he or she uses in preference to other schemes. Choose a favorite scam or roll on the table below. Suggested Characteristics Charlatans are colorful characters who conceal their true selves behind the masks they construct. They reflect what people want to see, what they want to believe, and how they see the world. But their true selves are sometimes plagued by an uneasy conscience, an old enemy, or deep-seated trust issues."
City Watch,SCAG,145,"Skill Proficiencies: Athletics, Insight Languages: Any two of your choice Equipment: A uniform in the style of your unit and indicative of your rank, a horn with which to summon help, a set of manacles, and a pouch containing 10 gp Feature: Watcher's Eye Your experience in enforcing the law, and dealing with lawbreakers, gives you a feel for local laws and criminals. You can easily find the local outpost of the watch or a similar organization, and just as easily pick out the dens of criminal activity in a community, although you're more likely to be welcome in the former locations rather than the latter. Suggested Characteristics Use the tables for the soldier background in the Player's Handbook as the basis for your traits and motivations, modifying the entries when appropriate to suit your identity as a member of the city watch. Your bond is likely associated with your fellow watch members or the watch organization itself and almost certainly concerns your community. Your ideal probably involves the fostering of peace and safety. An investigator is likely to have an ideal connected to achieving justice by successfully solving crimes."
Clan Crafter,SCAG,145,"Skill Proficiencies: History, Insight Tool Proficiencies: One type of artisan's tools Languages: Dwarvish or one of your choice if you already speak Dwarvish Equipment: A set of artisan's tools with which you are proficient, a maker's mark chisel used to mark your handiwork with the symbol of the clan of crafters you learned your skill from, a set of traveler's clothes, and a pouch containing 5 gp and a gem worth 10 gp Feature: Respect of the Stout Folk As well respected as clan crafters are among outsiders, no one esteems them quite so highly as dwarves do. You always have free room and board in any place where shield dwarves or gold dwarves dwell, and the individuals in such a settlement might vie among themselves to determine who can offer you (and possibly your companions) the finest accommodations and assistance. Suggested Characteristics Use the tables for the guild artisan background in the Player's Handbook as the basis for your traits and motivations, modifying the entries when appropriate to suit your identity as a clan crafter. (For instance, consider the words ""guild"" and ""clan"" to be interchangeable.) Your bond is almost certainly related to the master or the clan that taught you, or else to the work that you produce. Your ideal might have to do with maintaining the high quality of your work or preserving the dwarven traditions of craftsmanship."
Cloistered Scholar,SCAG,146,"Skill Proficiencies: History, plus your choice of one from among Arcana, Nature, and Religion Languages: any two of your choice Equipment: The scholar's robes of your cloister, a writing kit (small pouch with a quill, ink, folded parchment, and a small penknife), a borrowed book on the subject of your current study, and a pouch containing 10 gp Feature: Library Access Though others must often endure extensive interviews and significant fees to gain access to even the most common archives in your library, you have free and easy access to the majority of the library, though it might also have repositories of lore that are too valuable, magical, or secret to permit anyone immediate access. You have a working knowledge of your cloister's personnel and bureaucracy, and you know how to navigate those connections with some ease. Additionally, you are likely to gain preferential treatment at other libraries across the Realms, as professional courtesy to a fellow scholar. Suggested Characteristics Use the tables for the sage background in the Player's Handbook as the basis for your traits and motivations, modifying the entries when appropriate to suit your identity as a cloistered scholar. Your bond is almost certainly associated either with the place where you grew up or with the knowledge you hope to acquire through adventuring. Your ideal is no doubt related to how you view the quest for knowledge and truth - perhaps as a worthy goal in itself, or maybe as a means to a desirable end."
Cobalt Scholar (Sage),EGW,203,
Courtier,SCAG,146,"Skill Proficiencies: Insight, Persuasion Languages: Any two of your choice Equipment: A set of fine clothes and a pouch containing 5 gp Feature: Court Functionary Your knowledge of how bureaucracies function lets you gain access to the records and inner workings of any noble court or government you encounter. You know who the movers and shakers are, whom to go to for the favors you seek, and what the current intrigues of interest in the group are. Suggested Characteristics Use the tables for the guild artisan background in the Player's Handbook as the basis for your traits and motivations, modifying the entries when appropriate to suit your identity as a courtier. The noble court or bureaucratic organization where you got your start is directly or indirectly associated with your bond (which could pertain to certain individuals in the group, such as your sponsor or mentor). Your ideal might be concerned with the prevailing philosophy of your court or organization."
Criminal,PHB,129,"Skill Proficiencies: Deception, Stealth Tool Proficiencies: One type of gaming set, thieves' tools Equipment: A crowbar, a set of dark common clothes including a hood, and a belt pouch containing 15 gp Feature: Criminal Contact You have a reliable and trustworthy contact who acts as your liaison to a network of other criminals. You know how to get messages to and from your contact, even over great distances; specifically, you know the local messengers, corrupt caravan masters, and seedy sailors who can deliver messages for you. Specialty There are many kinds of criminals, and within a thieves' guild or similar criminal organization, individual members have particular specialties. Even criminals who operate outside of such organizations have strong preferences for certain kinds of crimes over others. Choose the role you played in your criminal life, or roll on the table below. Suggested Characteristics Criminals might seem like villains on the surface, and many of them are villainous to the core. But some have an abundance of endearing, if not redeeming, characteristics. There might be honor among thieves, but criminals rarely show any respect for law or authority."
Custom Background,PHB,126,Skill Proficiencies: Two of your choice Languages and Tool Proficiencies: Two of your choice Equipment: The equipment package from any background Feature: Choose a Feature Choose a feature from any background. Suggested Characteristics Use the suggested characteristics from any background. See the section on Customizing a Background in the Player's Handbook for more information.
Dimir Operative,GGR,46,"Skill Proficiencies: Deception, Stealth Tool Proficiencies: Disguise kit Languages: One of your choice Equipment: A Dimir insignia, three small knives, a set of dark-colored common clothes, and the starting equipment of the background described in this chapter for your secondary guild Feature: False Identity You have more than one identity. The one you wear most of the time makes you appear to be a member of a guild other than House Dimir. You have documentation, established acquaintances, and disguises that allow you to assume that persona and fit into the secondary guild. Whenever you choose, you can drop this identity and blend into the guildless masses of the city. Consider why you're embedded in the secondary guild. Create a story with your DM, inspired by rolling on the following table or choosing a reason that suits you. Dimir Guild Spells Prerequisite: Spellcasting or Pact Magic class feature For you, the spells on the Dimir Guild Spells table are added to the spell list of your spellcasting class. (If you are a multiclass character with multiple spell lists, these spells are added to all of them.) Your magic is meant to be subtle and undetectable, but it might pull shadows or clouds of mist around you as you cast your spells. Using the encode thoughts cantrip described below, you can turn a creature's thoughts (including your own) into a thought strand that others can potentially read, share, or steal. These thought strands are treated as valuable currency among the Dimir. Suggested Characteristics Skilled at infiltration, disguise, and deception, members of House Dimir appear inscrutable. Your true personality and ideals might never manifest, or they might mark you as a quirky member of your secondary guild. Contacts As an agent of House Dimir working undercover, you have limited contacts within your guild. Your relationships within your secondary guild, in the guise of your false identity, are usually more extensive. Roll once on the Dimir Contacts table, giving you an ally who serves as your contact in Dimir. Then roll twice on the table for your secondary guild. The first roll gives you an ally there, and the second roll gives you a rival. How Do I Fit In? As a Dimir adventurer, you are a member of the guild's network of spies, thieves, assassins, and mind mages that lurks behind the facade of the public guild. On the surface, House Dimir presents the appearance of a network of couriers, investigators, media reporters, and archivists, dealing in information and spreading news. But you and your peers trade in secrets. You use secret symbols, runes, and signals to surreptitiously communicate with other Dimir agents, often in plain sight. Like any good spy, you have multiple identities: your true face as an agent of House Dimir; a guildless identity; and a role as a member of another guild. Within that secondary guild, you might already be on a mission for House Dimir, assigned to spy on the guild, collect information about a person, or recruit another spy from the ranks of the guild. Or that guild could be a launching point for your real mission. Perhaps, for example, you were ordered to infiltrate the Azorius in hopes of gaining access to a notorious inmate in an Azorius prison."
Entertainer,PHB,130,"Skill Proficiencies: Acrobatics, Performance Tool Proficiencies: Disguise kit, one type of musical instrument Equipment: A musical instrument (one of your choice), the favor of an admirer (love letter, lock of hair, or trinket), costume clothes, and a belt pouch containing 15 gp Feature: By Popular Demand You can always find a place to perform, usually in an inn or tavern but possibly with a circus, at a theater, or even in a noble's court. At such a place, you receive free lodging and food of a modest or comfortable standard (depending on the quality of the establishment), as long as you perform each night. In addition, your performance makes you something of a local figure. When strangers recognize you in a town where you have performed, they typically take a liking to you. Specialty A good entertainer is versatile, spicing up every performance with a variety of different routines. Choose one to three routines or roll on the table below to define your expertise as an entertainer. Suggested Characteristics Successful entertainers have to be able to capture and hold an audience's attention, so they tend to have flamboyant or forceful personalities. They're inclined toward the romantic and often cling to high-minded ideals about the practice of art and the appreciation of beauty."
Faceless,BGDIA,203,"Skill Proficiencies: Deception, Intimidation Tool Proficiencies: Disguise kit Languages: One of your choice Equipment: Disguise kit, a costume clothes, a pouch containing 10 gp Faceless Persona A faceless character adventures behind the mask of a public persona. This persona is as natural to them as their hidden, true face, but it disguises their identity. Roll on the Faceless Persona table to determine your persona, or work with the DM to create a persona that's unique to your character and suits the tone of your game. Feature: Dual Personalities Most of your fellow adventurers and the world know you as your persona. Those who seek to learn more about you—your weaknesses, your origins, your purpose—find themselves stymied by your disguise. Upon donning a disguise and behaving as your persona, you are unidentifiable as your true self. By removing your disguise and revealing your true face, you are no longer identifiable as your persona. This allows you to change appearances between your two personalities as often as you wish, using one to hide the other or serve as convenient camouflage. However, should someone realize the connection between your persona and your true self, your deception might lose its effectiveness. Suggested Characteristics A faceless character usually plays their persona—the hero or extraordinary person they are every day. That's all a facade, though, or a part of them expressed to an extreme. To define a persona, feel free to choose characteristics from other backgrounds, particularly folk hero, hermit, or noble. For the person behind the persona, the one who truly strives to be faceless, consider a distinct set of faceless characteristics. As a result, those with this background have two sets of characteristics, one for their persona, and one for their faceless selves."
Faction Agent,SCAG,147,"Skill Proficiencies: Insight and one Intelligence, Wisdom, or Charisma skill of your choice, as appropriate to your faction Languages: Any two of your choice Equipment: Badge or emblem of your faction, a copy of a seminal faction text (or code-book for a covert faction), a set of common clothes, and a pouch containing 15 gp Feature: Safe Haven As a faction agent, you have access to a secret network of supporters and operatives who can provide assistance on your adventures. You know a set of secret signs and passwords you can use to identify such operatives, who can provide you with access to a hidden safe house, free room and board, or assistance in finding information. These agents never risk their lives for you or risk revealing their true identities. Suggested Characteristics Use the tables for the acolyte background in the Player's Handbook as the basis for your traits and motivations, modifying the entries when appropriate to suit your identity as a faction agent. (For instance, consider the words ""faith"" and ""faction"" to be interchangeable.) Your bond might be associated with other members of your faction, or a location or an object that is important to your faction. The ideal you strive for is probably in keeping with the tenets and principles of your faction, but might be more personal in nature."
Failed Merchant,AI,49,"Skill Proficiencies: Investigation, Persuasion Tool Proficiencies: One type of artisan's tools Languages: Any one of your choice Equipment: One set of artisan's tools, merchant's scale, a set of fine clothes, and a belt pouch containing 10 gp Feature: Supply Chain From your time as a merchant, you retain connections with wholesalers, suppliers, and other merchants and entrepreneurs. You can call upon these connections when looking for items or information. Suggested Characteristics Being a merchant involved having a head for numbers, a strong personality, the ability to make deals with hostile adversaries, a strong sword arm to fight off bandits, and the intuition for knowing what people want and need. The art of business is the art of finding the best path to profit, and that path might be different with each transaction. It takes a strong mind and a stronger stomach to succeed. So why did you fail?"
Far Traveler,SCAG,148,"Skill Proficiencies: Insight, Perception Tool Proficiencies: Any one musical instrument or gaming set of your choice, likely something native to your homeland Languages: Any one of your choice Equipment: One set of traveler's clothes, any one musical instrument or gaming set you are proficient with, poorly wrought maps from your homeland that depict where you are in Faerûn, a small piece of jewelry worth 10 gp in the style of your homeland's craftsmanship, and a pouch containing 5 gp Feature: All Eyes on You Your accent, mannerisms, figures of speech, and perhaps even your appearance all mark you as foreign. Curious glances are directed your way wherever you go, which can be a nuisance, but you also gain the friendly interest of scholars and others intrigued by far-off lands, to say nothing of everyday folk who are eager to hear stories of your homeland. You can parley this attention into access to people and places you might not otherwise have, for you and your traveling companions. Noble lords, scholars, and merchant princes, to name a few, might be interested in hearing about your distant homeland and people. Why Are You Here? A far traveler might have set out on a journey for one of a number of reasons, and the departure from his or her homeland could have been voluntary or involuntary. To determine why you are so far from home, roll on the table below or choose from the options provided. The following section, discussing possible homelands, includes some suggested reasons that are appropriate for each location. Suggested Characteristics"
Feylost,WBtW,9,"Skill Proficiencies: Deception, Survival Tool Proficiencies: One type of musical instrument Languages: One of your choice of , , , or Equipment: A musical instrument (one of your choice), a Traveler's Clothes, three trinkets (each determined by rolling on the Feywild Trinket table), and a pouch containing 8 gp Feature: Feywild Connection Your mannerisms and knowledge of fey customs are recognized by natives of the Feywild, who see you as one of their own. Because of this, friendly Fey creatures are inclined to come to your aid if you are lost or need help in the Feywild. Fey Mark You were transformed in some small way by your stay in the Feywild and gained a fey mark, determined by rolling on the Fey Mark table. Feywild Visitor Whenever you're sound asleep or in a deep trance during a long rest, a spirit of the Feywild might pay you a visit, if the DM wishes it. Determine the spirit's form by rolling on the Feywild Visitor table. No harm ever comes to you as a result of such visits, which can last for minutes or hours, and you remember each visit when you wake up. Conversations that occur with a visitor can contain any number of things, from messages and insights to nonsense and red herrings, at the DM's discretion. Such conversations are always conducted in a language you can understand, even if the Feywild visitor can't speak that language normally. Character Traits As the players choose backgrounds for their characters, they can use the following tables to help determine their characters' personality traits, ideals, bonds, and flaws. Players can use these tables instead of the ones that appear in the Player's Handbook, or they can mix and match them. If a rolled result doesn't make sense for a character, the player can roll again or choose a more appropriate entry on the table. These tables, while optional, are well suited to Feywild-themed adventures and are ideal for any character who has the feylost or Witchlight hand background."
Fisher,GoS,29,"Skill Proficiencies: History, Survival Languages: One of your choice Equipment: Fishing tackle, a net, a favorite fishing lure or oiled leather wading boots, a set of traveler's clothes, and a belt pouch containing 10 gp Feature: Harvest the Water You gain advantage on ability checks made using fishing tackle. If you have access to a body of water that sustains marine life, you can maintain a moderate lifestyle while working as a fisher, and you can catch enough food to feed yourself and up to ten other people each day. Fishing Tale You can tell a compelling tale, whether tall or true, to impress and entertain others. Once a day, you can tell your story to willing listeners. At the DM's discretion, a number of those listeners become friendly toward you; this is not a magical effect, and continued amicability on their part depends on your actions. You can roll on the following table to help determine the theme of your tale or choose one that best fits your character. Alternatively, work with your DM to create your own fishing tale. Suggested Characteristics Fishers succeed only if they spend time at their jobs. As such, most fishers have a strong work ethic, and they admire others who earn their living honestly. Fishers tend to be superstitious, forming attachments to particular fishing lures or special fishing spots. They have a connection to the bodies of water in which they fish, and they think poorly of those whose actions adversely affect their livelihood."
Folk Hero,PHB,131,"Skill Proficiencies: Animal Handling, Survival Tool Proficiencies: One type of artisan's tools, vehicles (land) Equipment: A set of artisan's tools (one of your choice), a shovel, an iron pot, a set of common clothes, and a belt pouch containing 10 gp Feature: Rustic Hospitality Since you come from the ranks of the common folk, you fit in among them with ease. You can find a place to hide, rest, or recuperate among other commoners, unless you have shown yourself to be a danger to them. They will shield you from the law or anyone else searching for you, though they will not risk their lives for you. Specialty You previously pursued a simple profession among the peasantry, perhaps as a farmer, miner, servant, shepherd, woodcutter, or gravedigger. But something happened that set you on a different path and marked you for greater things. Choose or randomly determine a defining event that marked you as a hero of the people. Suggested Characteristics A folk hero is one of the common people, for better or for worse. Most folk heroes look on their humble origins as a virtue, not a shortcoming, and their home communities remain very important to them."
Gambler,AI,49,"Skill Proficiencies: Deception, Insight Tool Proficiencies: One gaming set Languages: Any one of your choice Equipment: One gaming set, a lucky charm, a set of fine clothes, and a belt pouch containing 15 gp Feature: Never Tell Me the Odds Odds and probability are your bread and butter. During downtime activities that involve games of chance or figuring odds on the best plan, you can get a solid sense of which choice is likely the best one and which opportunities seem too good to be true, at the DM's determination. Suggested Characteristics Some gamble out of necessity. Others do so out of boredom. Still others become addicted to the thrill of winning or losing everything on a turn of fortune. For some, gambling is less a matter of chance and more a matter of seeking every advantage to ensure the outcome. The best gamblers can lose everything, and the worst gamblers sometimes win. Regardless, you can always tell gamblers by the look in their eyes. Lady Luck haunts them."
Gate Warden,SatO,7,"Skill Proficiencies: Persuasion, Survival Languages: Two of your choice (Abyssal, Celestial, or Infernal recommended) Equipment: A ring of keys to unknown locks, a blank book, an ink pen or quill, a bottle of black ink, a set of traveler's clothes, and a pouch containing 10 gp Feature: Planar Infusion Living in a gate-town or a similar location steeped you in planar energy. You gain the Scion of the Outer Planes feat. In addition, you know where to find free, modest lodging and food in the community you grew up in. Suggested Characteristics The influence of an Outer Plane shapes your perspective. The Gate Warden Personality Traits table suggests traits you might adopt for your character. Building a Gate Warden Character Those who dwell for an extended time near a permanent portal to another plane absorb the essence radiating from the realm beyond. Those influenced by the same plane share similarities in behavior and even physical appearance. Gate Warden Trinkets When you make your character, you can roll once on the Gate Warden Trinket table, instead of on the Trinket table in the Player's Handbook, for your starting trinket."
Giant Foundling,BGG,6,"Skill Proficiencies: Intimidation, Survival Languages: Giant and one other language of your choice Equipment: A backpack, a set of traveler's clothes, a small stone or sprig that reminds you of home, and a pouch containing 10 gp Origin Stories How you came to live among colossal creatures is up to you to determine, but the Foundling Origin table suggests a variety of possibilities. Building a Giant Foundling Character Your life among giants has given you a unique perspective. Though you are unusually large for your kind, you're no larger than a giant child, so you might be very mindful of your size. Feature: Strike of the Giants You gain the Strike of the Giants feat. Suggested Characteristics The Giant Foundling Personality Traits table suggests a variety of traits you might adopt for your character."
Golgari Agent,GGR,53,"Skill Proficiencies: Nature, Survival Tool Proficiencies: Poisoner's kit Languages: Choose one of Elvish, Giant, or Kraul Equipment: A Golgari insignia, a poisoner's kit, a pet beetle or spider, a set of common clothes, and a belt pouch containing 10 gp worth of mixed coins Feature: Undercity Paths You know hidden, underground pathways that you can use to bypass crowds, obstacles, and observation as you move through the city. When you aren't in combat, you and companions you lead can travel between any two locations in the city twice as fast as your speed would normally allow. The paths of the undercity are haunted by dangers that rarely brave the light of the surface world, so your journey isn't guaranteed to be safe. Golgari Guild Spells Prerequisite: Spellcasting or Pact Magic class feature For you, the spells on the Golgari Guild Spells table are added to the spell list of your spellcasting class. (If you are a multiclass character with multiple spell lists, these spells are added to all of them.) Golgari magic is often accompanied by a sickly green glow and a rotting stench. Suggested Characteristics Members of the Golgari Swarm are unmistakably products of the undercity, ill at ease amid the comforts of civilization. They bring about the same discomfort in others by reminding them of death's inevitable approach. Contacts To the extent that the Golgari Swarm acts like a single organism, you are connected to every other member in some way or another. Convinced that the rest of the world is out to get you, you find it easy to form close bonds with your guild mates, and harder to make meaningful connections with others. Roll twice on the Golgari Contacts table (for an ally and a rival) and once on the Non-Golgari Contacts table. How Do I Fit In? As part of the Golgari Swarm, you are a specialized instrument of the greater body. Your orders, when you have such, come from the guildmaster by way of his chancellors, who carry his messages throughout the guild. The swarm relies on you to advance the greater good by protecting some part, however small, of its teeming existence. That responsibility doesn't mean you're indispensable; your eventual death is part of your purpose and function, too, and you'll be replaced even as your body provides nutrients to further the swarm's growth. A classic adventuring role for a member of the Golgari involves crawling through dungeon-like environments—the sewers and ancient vaults of the undercity—in search of treasures left behind by the dead. Sometimes you might be sent to find a specific item believed lost in a dangerous part of the undercity. At other times, you could be asked to collect samples of a specific fungus, retrieve a body floating in the muck of the sewers, or bring back whatever booty you can to help fill the swarm's coffers. You might gain enough renown to become a member of the Ochran, assigned to a variety of tasks concerning thievery, assassination, or the protection of important figures in your guild. You might steal something because the guild needs it, or because its loss will bring harm to another guild, hastening that group's decline. You could be assigned to kill an outspoken and active enemy of the Golgari, such as an overzealous Boros captain whose raids into the undercity have approached dangerously close to the swarm's inner sanctum. Or you could serve as a bodyguard to one of Guildmaster Jarad's high chancellors, escorting this figure through the undercity while being ready to intervene at a moment's notice if things go wrong. The shamans of the Golgari use their magic to accelerate the cycle of decay and regrowth. You might be sent to spread spores throughout an area that the Golgari want to claim as their territory or to convince the inhabitants of such a territory to abandon it. You might also contend with the ever-present threat of hostile monsters encroaching into Golgari-controlled regions."
Grinner,EGW,200,"Skill Proficiencies: Deception, Performance Tool Proficiencies: One type of musical instrument, thieves' tools Equipment: A set of fine clothes, a disguise kit, a musical instrument of your choice, a gold-plated ring depicting a smiling face, and a pouch containing 15 gp Feature: Ballad of the Grinning Fool Like every Grinner, you know how to find a hideout. In any city of 10,000 people or more on the Menagerie Coast or in the lands of the Dwendalian Empire, you can play the ""Ballad of the Grinning Fool"" in a major tavern or inn. A member of the Golden Grin will find you and give shelter to you and any companions you vouch for. This shelter might be discontinued if it becomes too dangerous to hide you, at the DM's discretion. This feature must be used with caution, for not all who know the ballad are your friends. Some are traitors, counterspies, or agents of tyranny. Suggested Characteristics Grinners are trained in the art of secrecy and innuendo, and are skilled at hiding in plain sight by being the loudest and brightest person in the room. Their skills in subterfuge and combat lend themselves well to an adventuring lifestyle, and traveling with mercenaries and treasure hunters creates a convenient excuse to journey through lands bent under tyranny."
Gruul Anarch,GGR,60,"Skill Proficiencies: Animal Handling, Athletics Tool Proficiencies: Herbalism kit Languages: Choose one of Draconic, Giant, Goblin, or Sylvan Equipment: A Gruul insignia, a hunting trap, an herbalism kit, the skull of a boar, a beast-hide cloak, a set of traveler's clothes, and a belt pouch containing 10 gp (Azorius 1-zino coins) Feature: Rubblebelt Refuge You are intimately familiar with areas of the city that most people shun: ruined neighborhoods where wurms rampaged, overgrown parks that no hand has tended in decades, and the vast, sprawling rubblebelts of broken terrain that civilized folk have long abandoned. You can find a suitable place for you and your allies to hide or rest in these areas. In addition, you can find food and fresh water in these areas for yourself and up to five other people each day. Gruul Guild Spells Prerequisite: Spellcasting or Pact Magic class feature For you, the spells on the Gruul Guild Spells table are added to the spell list of your spellcasting class. (If you are a multiclass character with multiple spell lists, these spells are added to all of them.) Fueled by the fire of rage burning in your heart, your magic is almost always accompanied by fiery effects, such as flames smoldering behind your eyes or dancing over your hands. Suggested Characteristics Gruul ways aren't the ways of civilized folk, and the Gruul have little patience for social niceties. But they do have cherished traditions and values, just as important to them as the different values held by the urban, cosmopolitan culture of Ravnica. Contacts The members of the Gruul Clans rely on each other even as they vie for territory and glory. Their encounters with members of other guilds are more often violent than friendly, but occasional bonds do form. Roll twice on the Gruul Contacts table (for an ally and a rival) and once on the Non-Gruul Contacts table. How Do I Fit In? In service of a simple goal, you have a simple part to play: Fight. Unleash your rage. Flatten buildings and defeat those who stand in your way. Be Gruul, in your own way. You will frequently be summoned to participate in a raid your clan is launching against the city or against a group of its defenders. Your clan leader might also send you on a special mission, though it would almost certainly still qualify as a raid. You might join a small group of Gruul warriors on a dangerous charge deep into the settled streets to plunder a certain location, retrieve an item stolen from your clan, or assault a Boros garrison. Sometimes your objective might be more esoteric. With prophecies of the return of Ilharg the Raze-Boar spreading like wildfire among the Gruul druids, you might be asked to carry out some task that the druids believe will speed his coming. Such a task might involve collecting a sacred relic held in an Orzhov vault or collecting sacrifices for a grand ceremony in the Raze-Boar's honor."
Guild Artisan,PHB,132,"Skill Proficiencies: Insight, Persuasion Tool Proficiencies: One type of artisan's tools Languages: One of your choice Equipment: A set of artisan's tools (one of your choice), a letter of introduction from your guild, a set of traveler's clothes, and a belt pouch containing 15 gp Feature: Guild Membership As an established and respected member of a guild, you can rely on certain benefits that membership provides. Your fellow guild members will provide you with lodging and food if necessary, and pay for your funeral if needed. In some cities and towns, a guildhall offers a central place to meet other members of your profession, which can be a good place to meet potential patrons, allies, or hirelings. Guilds often wield tremendous political power. If you are accused of a crime, your guild will support you if a good case can be made for your innocence or the crime is justifiable. You can also gain access to powerful political figures through the guild, if you are a member in good standing. Such connections might require the donation of money or magic items to the guild's coffers. You must pay dues of 5 gp per month to the guild. If you miss payments, you must make up back dues to remain in the guild's good graces. Specialty Guilds are generally found in cities large enough to support several artisans practicing the same trade. However, your guild might instead be a loose network of artisans who each work in a different village within a larger realm. Work with your DM to determine the nature of your guild. You can select your guild business from the Guild Business table or roll randomly. Suggested Characteristics Guild artisans are among the most ordinary people in the world—until they set down their tools and take up an adventuring career. They understand the value of hard work and the importance of community, but they're vulnerable to sins of greed and covetousness."
Haunted One,VRGR,34,"Skill Proficiencies: Choose two from among Arcana, Investigation, Religion, or Survival Languages: Choose two, one of which must be , , , , , , , or Equipment: Monster hunter's pack (containing a chest, a crowbar, a hammer, three wooden stakes, a holy symbol, a Holy Water (flask), a Manacles, a steel mirror, a Oil (flask), a tinderbox, and 3 Torch), a set of common clothes, one trinket of special significance (choose one or roll on the Horror Trinket table), and 1 sp Feature: Heart of Darkness Those who look into your eyes can see that you have faced unimaginable horror and that you are no stranger to darkness. Though they might fear you, commoners will extend you every courtesy and do their utmost to help you. Unless you have shown yourself to be a danger to them, they will even take up arms to fight alongside you, should you find yourself facing an enemy alone. Harrowing Event Prior to becoming an adventurer, your path in life was defined by one dark moment, one fateful decision, or one tragedy. Now you feel a darkness threatening to consume you, and you fear there may be no hope of escape. Choose a harrowing event that haunts you, or roll one on the Harrowing Events table. Horror Characteristics Characters in a horror-focused campaign might have distinct motivations and characteristics. Use the following tables to supplement your background's suggested characteristics or to inspire those of your own design."
Hermit,PHB,134,"Skill Proficiencies: Medicine, Religion Tool Proficiencies: Herbalism kit Languages: One of your choice Equipment: A Map or Scroll Case stuffed full of notes from your studies or prayers, a winter blanket, a set of common clothes, an herbalism kit, and 5 gp Feature: Discovery The quiet seclusion of your extended hermitage gave you access to a unique and powerful discovery. The exact nature of this revelation depends on the nature of your seclusion. It might be a great truth about the cosmos, the deities, the powerful beings of the outer planes, or the forces of nature. It could be a site that no one else has ever seen. You might have uncovered a fact that has long been forgotten, or unearthed some relic of the past that could rewrite history. It might be information that would be damaging to the people who or consigned you to exile, and hence the reason for your return to society. Work with your DM to determine the details of your discovery and its impact on the campaign. Specialty What was the reason for your isolation, and what changed to allow you to end your solitude? You can work with your DM to determine the exact nature of your seclusion, or you can choose or roll on the table below to determine the reason behind your seclusion. Suggested Characteristics Some hermits are well suited to a life of seclusion, whereas others chafe against it and long for company. Whether they embrace solitude or long to escape it, the solitary life shapes their attitudes and ideals. A few are driven slightly mad by their years apart from society."
House Agent,ERLW,53,"Skill Proficiencies: Investigation, Persuasion Tool Proficiencies: Two proficiencies from the House Tool Proficiencies table Equipment: A set of fine clothes, house signet ring, identification papers, and a purse containing 20 gp. Role You always gather information for your house, but when a baron give you a specific mission, what sort of work do you do? The House Agent Role table gives possibilities. Feature: House Connections As an agent of your house, you can always get food and lodging for yourself and your friends at a house enclave. When the house assigns you a mission, it will usually provide you with the necessary supplies and transportation. Beyond this, you have many old friends, mentors, and rivals in your house, and you may encounter one of them when you interact with a house business. The degree to which such acquaintances are willing to help you depends on your current standing in your house. Suggested Characteristics House agents are diverse. Consider the house you serve and the work you do when choosing characteristics."
Inheritor,SCAG,150,"Skill Proficiencies: Survival, plus one from among Arcana, History, and Religion Languages: Any one of your choice Tool Proficiencies: Your choice of a gaming set or a musical instrument Equipment: Your inheritance, a set of traveler's clothes, the tool you choose for this background's tool proficiency (gaming set or musical instrument), and a pouch containing 15 gp Feature: Inheritance Choose or randomly determine your inheritance from the possibilities in the table below. Work with your Dungeon Master to come up with details: Why is your inheritance so important, and what is its full story? You might prefer for the DM to invent these details as part of the game, allowing you to learn more about your inheritance as your character does. The Dungeon Master is free to use your inheritance as a story hook, sending you on quests to learn more about its history or true nature, or confronting you with foes who want to claim it for themselves or prevent you from learning what you seek. The DM also determines the properties of your inheritance and how they figure into the item's history and importance. For instance, the object might be a minor magic item, or one that begins with a modest ability and increases in potency with the passage of time. Or, the true nature of your inheritance might not be apparent at first and is revealed only when certain conditions are met. When you begin your adventuring career, you can decide whether to tell your companions about your inheritance right away. Rather than attracting attention to yourself, you might want to keep your inheritance a secret until you learn more about what it means to you and what it can do for you. Suggested Characteristics Use the tables for the folk hero background in the Player's Handbook as the basis for your traits and motivations, modifying the entries when appropriate to suit your identity as an inheritor. Your bond might be directly related to your inheritance, or to the person from whom you received it. Your ideal might be influenced by what you know about your inheritance, or by what you intend to do with your gift once you realize what it is capable of."
Investigator,VRGR,35,"Skill Proficiencies: Choose two from among Insight, Investigation, or Perception Tool Proficiencies: Disguise kit, Thieves' tools Equipment: A magnifying glass, evidence from a past case (choose one or roll for a trinket from the Horror Trinket later in this chapter), a Common Clothes, and 10 gp Feature: Official Inquiry You're experienced at gaining access to people and places to get the information you need. Through a combination of fast-talking, determination, and official-looking documentation, you can gain access to a place or an individual related to a crime you're investigating. Those who aren't involved in your investigation avoid impeding you or pass along your requests. Additionally, local law enforcement has firm opinions about you, viewing you as either a nuisance or one of their own. Path to Mystery Your first case influenced the types of mysteries you're interested in. Why was this case so impactful, personal, or traumatic? Whom did it affect besides you? Why and how did you get involved? Was it solved? How did it set you on the path to investigating other mysteries? Roll on or choose details from the First Case table to develop the mystery that started your career as an investigator. Horror Characteristics Characters in a horror-focused campaign might have distinct motivations and characteristics. Use the following tables to supplement your background's suggested characteristics or to inspire those of your own design."
Izzet Engineer,GGR,66,"Skill Proficiencies: Arcana, Investigation Tool Proficiencies: One type of artisan's tools Languages: Choose one of Draconic, Goblin, or Vedalken Equipment: An Izzet insignia, one set of artisan's tools, the charred and twisted remains of a failed experiment, a hammer, a block and tackle, a set of common clothes, and a belt pouch containing 5 gp (Azorius 1-zino coins) Feature: Urban Infrastructure The popular conception of the Izzet League is based on mad inventions, dangerous experiments, and explosive blasts. Much of that perception is accurate, but the league is also involved with mundane tasks of construction and architecture—primarily in crafting the infrastructure that allows Ravnicans to enjoy running water, levitating platforms, and other magical and technological wonders. You have a basic knowledge of the structure of buildings, including the stuff behind the walls. You can also find blueprints of a specific building in order to learn the details of its construction. Such blueprints might provide knowledge of entry points, structural weaknesses, or secret spaces. Your access to such information isn't unlimited. If obtaining or using the information gets you in trouble with the law, the guild can't shield you from the repercussions. Izzet Guild Spells Prerequisite: Spellcasting or Pact Magic class feature For you, the spells on the Izzet Guild Spells table are added to the spell list of your spellcasting class. (If you are a multiclass character with multiple spell lists, these spells are added to all of them.) Your spells tend to be loud, flashy, or explosive, even when the effect is unremarkable. For example, when you open the portal of a rope trick spell, the portal might be outlined by harmless, showy sparkles. If you use an arcane focus, it probably takes the form of an intricate device that could include metal gauntlets, glass canisters, copper tubing, and leather straps attaching it to your body. The mizzium apparatus described in chapter 5 is a magical version of this gear. The chaos bolt spell is a favorite of Izzet spellcasters because of its unpredictable nature. Suggested Characteristics Members of the Izzet League embody some combination of chaotic, frenetic energy with intellectual curiosity, in varying proportions. Some are committed to academic pursuits, and others just like explosions. Contacts The laboratories of the Izzet League are constantly starting up new projects and dissolving old ones, so it's easy for even the lowliest attendant to make friends (and enemies) in laboratories across Ravnica. Roll twice on the Izzet Contacts table (for an ally and a rival) and once on the Non-Izzet Contacts table. How Do I Fit In? Whatever your role in the Izzet League, you are expected to contribute to its research in some way. That contribution might involve participating in tests, whether as an assistant, a researcher, or a subject. You might be one of the soldiers who protects a laboratory, or a laborer responsible for lifting heavy pieces of equipment into place. Everyone's contribution matters, even if the Izzet know that some matter more than others."
Knight of Solamnia,DSotDQ,30,"Skill Proficiencies: Athletics, Survival Languages: Two of your choice Equipment: An insignia of rank, a playing card set, a set of common clothes, and a pouch containing 10 gp Feature: Squire of Solamnia You gain the Squire of Solamnia feat. In addition, the Knights of Solamnia provide you free, modest lodging and food at any of their fortresses or encampments. Building a Knight of Solamnia Character Any class that has martial prowess can be a good fit in the Knights of Solamnia. Fighter and paladin make up the bulk of the knighthood's forces. Cleric (often with the Cleric domain) can also be found among the knights' ranks. For a more unusual take on a Knight of Solamnia character, consider playing a bard of the Bard (or the Bard from Xanathar's Guide to Everything) or a barbarian devoted to the ideals of the nature god (perhaps adopting the barbarian from Xanathar's Guide to Everything). Knight of Solamnia Trinkets When you make your character, roll once on the Knight of Solamnia Trinkets table instead of on the Trinket in the Player's Handbook for your starting trinket."
Knight of the Order,SCAG,151,"Skill Proficiencies: Persuasion, plus one from among Arcana, History, Nature, and Religion, as appropriate for your order Tool Proficiencies: Your choice of a gaming set or a musical instrument Languages: Any one of your choice Equipment: One set of traveler's clothes, a signet, banner, or seal representing your place or rank in the order, and a pouch containing 10 gp Feature: Knightly Regard You receive shelter and succor from members of your knightly order and those who are sympathetic to its aims. If your order is a religious one, you can gain aid from temples and other religious communities of your deity. Knights of civic orders can get help from the community—whether a lone settlement or a great nation—that they serve, and knights of philosophical orders can find help from those they have aided in pursuit of their ideals, and those who share their ideals. This help comes in the form of shelter and meals, and healing when appropriate, as well as occasionally risky assistance, such as a band of local citizens rallying to aid a sorely pressed knight, or those who support the order helping to smuggle a knight out of town when he or she is being hunted unjustly. Suggested Characteristics Use the tables for the soldier background in the Player's Handbook as the basis for your traits and motivations, modifying the entries when appropriate to suit your identity as a knight of your order. Your bond almost always involves the order to which you belong (or at least key members of it), and it is highly unusual for a knight's ideal not to reflect the agenda, sentiment, or philosophy of one's order."
Lorehold Student,SCC,31,"Skill Proficiencies: History, Religion Languages: Two of your choice Equipment: A Ink (1-ounce bottle), an ink pen, a hammer, a hooded lantern, a tinderbox, a tome of history, a school uniform, and a pouch containing 15 gp Feature: Lorehold Initiate You gain the Strixhaven Initiate feat and must choose Lorehold within it. In addition, if you have the Spellcasting or Pact Magic feature, the spells on the Lorehold Spells table are added to the spell list of your spellcasting class. (If you are a multiclass character with multiple spell lists, these spells are added to all of them.) Consider customizing how your spells look when you cast them. Your Lorehold spells might create displays of golden light. You might use a tome or a scroll as a spellcasting focus, and your spell effects might reflect the appearance of the reference books you study. Building a Lorehold Character Any class or subclass that deals with knowledge of the past can be a good fit in Lorehold. Bards thrive in Lorehold, and wizards (particularly those of the Wizard) are numerous among its students. Clerics (often with the Cleric or Cleric domains) are also quite common. For a more unusual take on a Lorehold student, you could consider playing a barbarian with a primal connection to the past (perhaps adopting the Barbarian from Xanathar's Guide to Everything) or a paladin whose Paladin gives a concrete link to history. Suggested Characteristics Methodical historians and daring adventurers alike can be found among the ranks of Lorehold college. The Lorehold Personality Traits table suggests a variety of traits you might adopt for your character. Lorehold Trinkets When you make your character, you may roll once on the Lorehold Trinket table, instead of on the trinket in the Player's Handbook, for your starting trinket."
Luxonborn (Acolyte),EGW,203,
Mage of High Sorcery,DSotDQ,30,"Skill Proficiencies: Arcana, History Languages: Two of your choice Equipment: A Ink (1-ounce bottle), an ink pen, a set of common clothes, and a pouch containing 10 gp Feature: Initiate of High Sorcery You gain the Initiate of High Sorcery feat. In addition, the Mages of High Sorcery provide you with free, modest lodging and food indefinitely at any occupied Tower of High Sorcery and for one night at the home of an organization member. Building a Mage of High Sorcery Character Mages of High Sorcery are typically sorcerers, warlocks, or wizards and might have any subclass. Spellcasters who gain their magic through devotion are less likely to be welcomed among the traditionalist mages. Nevertheless, the Mages of High Sorcery are shrewd, and they rarely let unique opportunities or individuals pass them by. Even members of martial classes who train in magic might find a rare place among the group's three orders. Mage of High Sorcery Trinkets When you make your character, roll once on the Mage of High Sorcery Trinkets table instead of on the trinket in the Player's Handbook for your starting trinket."
Marine,GoS,31,"Skill Proficiencies: Athletics, Survival Tool Proficiencies: Vehicles (water, land) Equipment: A dagger that belonged to a fallen comrade, a folded flag emblazoned with the symbol of your ship or company, a set of traveler's clothes, and a belt pouch containing 10 gp Feature: Steady You can move twice the normal amount of time (up to 16 hours) each day before being subject to the effect of a forced march (see ""Travel Pace"" in chapter 8 of the Player's Handbook). Additionally, you can automatically find a safe route to land a boat on shore, provided such a route exists. Hardship Endured Hardship in your past has forged you into an unstoppable living weapon. This hardship is essential to you and is at the heart of a personal philosophy or ethos that often guides your actions. You can roll on the following table to determine this hardship or choose one that best fits your character. Suggested Characteristics Marines are looked up to by other soldiers and respected by their superiors. They are veteran warriors who rarely lose composure on the battlefield. Marines who leave the service tend to work as mercenaries, but their combat experience also makes them excellent adventurers. Though they are self-reliant, marines tend to operate best in groups, valuing camaraderie and the companionship of like-minded individuals."
Mercenary Veteran,SCAG,152,"Skill Proficiencies: Athletics, Persuasion Tool Proficiencies: One type of gaming set, vehicles (land) Equipment: A uniform of your company (traveler's clothes in quality), an insignia of your rank, a gaming set of your choice, and a pouch containing the remainder of your last wages (10 gp). Feature: Mercenary Life You know the mercenary life as only someone who has experienced it can. You are able to identify mercenary companies by their emblems, and you know a little about any such company, including who has hired them recently. You can find the taverns and festhalls where mercenaries abide in any area, as long as you speak the language. You can find mercenary work between adventures sufficient to maintain a comfortable lifestyle (see ""Practicing a Profession"" under ""Downtime Activities"" in chapter 8 of the Player's Handbook). Suggested Characteristics Use the tables for the soldier background in the Player's Handbook as the basis for your traits and motivations, modifying the entries when appropriate to suit your identity as a mercenary. Your bond could be associated with the company you traveled with previously, or with some of the comrades you served with. The ideal you embrace largely depends on your worldview and your motivation for fighting."
Myriad Operative (Criminal),EGW,203,
Noble,PHB,135,"Skill Proficiencies: History, Persuasion Tool Proficiencies: One type of gaming set Languages: One of your choice Equipment: A set of fine clothes, a signet ring, a scroll of pedigree, and a purse containing 25 gp Feature: Position of Privilege Thanks to your noble birth, people are inclined to think the best of you. You are welcome in high society, and people assume you have the right to be wherever you are. The common folk make every effort to accommodate you and avoid your displeasure, and other people of high birth treat you as a member of the same social sphere. You can secure an audience with a local noble if you need to. Suggested Characteristics Nobles are born and raised to a very different lifestyle than most people ever experience, and their personalities reflect that upbringing. A noble title comes with a plethora of bonds—responsibilities to family, to other nobles (including the sovereign), to the people entrusted to the family's care, or even to the title itself. But this responsibility is often a good way to undermine a noble."
Orzhov Representative,GGR,72,"Skill Proficiencies: Intimidation, Religion Languages: Two of your choice Equipment: An Orzhov insignia, a foot-long chain made of ten gold coins, vestments, a set of fine clothes, and a belt pouch containing 1 pp (an Orzhov-minted 10-zino coin) Feature: Leverage You can exert leverage over one or more individuals below you in the guild's hierarchy and demand their help as needs warrant. For example, you can have a message carried across a neighborhood, procure a short carriage ride without paying, or have others clean up a bloody mess you left in an alley. The DM decides if your demands are reasonable and if there are subordinates available to fulfill them. As your status in the guild improves, you gain influence over more people, including ones in greater positions of power. Orzhov Guild Spells Prerequisite: Spellcasting or Pact Magic class feature For you, the spells on the Orzhov Guild Spells table are added to the spell list of your spellcasting class. (If you are a multiclass character with multiple spell lists, these spells are added to all of them.) Your magic tends to manifest as swirling shadows, brilliant light, or sometimes the momentary appearance of shadowy spirit forms. Your spells might draw the blood of your enemies, or even directly touch their souls. Suggested Characteristics Members of the Orzhov Syndicate range from the decadent nobility at the top of the oligarchy to the debt-ridden wretches at the bottom. You fall somewhere between those extremes, so you might behave with the arrogance of the very rich or the humility of the impoverished. Contacts The Orzhov Syndicate operates according to a strict hierarchy built on a network of connections among old, wealthy families. Your family might provide important contacts, while your family's activities in crime, banking, or debt collection could tie you to members of other guilds. Roll twice on the Orzhov Contacts table (for an ally and a rival) and once on the Non-Orzhov Contacts table. How Do I Fit In? The structure of the Orzhov Syndicate means that you are always doing the bidding of someone higher up the ladder than you are. Ultimately, your role in the guild is defined by whatever the people (and spirits) above you decide for you. For most of your career, you can expect to engage in some aspect of the day-to-day criminal operations of the guild. That can mean throwing your weight around to enforce the will of the guild or using religious authority to extort offerings from the people. But it can also mean doing various errands for your superiors, from bearing messages to carrying out assassinations."
Outlander,PHB,136,"Skill Proficiencies: Athletics, Survival Tool Proficiencies: One type of musical instrument Languages: One of your choice Equipment: A staff, a hunting trap, a trophy from an animal you killed, a set of traveler's clothes, and a belt pouch containing 10 gp Feature: Wanderer You have an excellent memory for maps and geography, and you can always recall the general layout of terrain, settlements, and other features around you. In addition, you can find food and fresh water for yourself and up to five other people each day, provided that the land offers berries, small game, water, and so forth. Specialty You've been to strange places and seen things that others cannot begin to fathom. Consider some of the distant lands you have visited, and how they impacted you. You can roll on the following table to determine your occupation during your time in the wild, or choose one that best fits your character. Suggested Characteristics Often considered rude and uncouth among civilized folk, outlanders have little respect for the niceties of life in the cities. The ties of tribe, clan, family, and the natural world of which they are a part are the most important bonds to most outlanders."
Plaintiff,AI,50,"Skill Proficiencies: Medicine, Persuasion Tool Proficiencies: One type of artisan's tools Languages: Any one of your choice Equipment: One set of artisan's tools, fine clothes, 20 gp Feature: Legalese Your experience with your local legal system has given you a firm knowledge of the ins and outs of that system. Even when the law is not on your side, you can use complex terms like ex injuria jus non oritur and cogitationis poenam nemo patitur to frighten people into thinking you know what you're talking about. With common folks who don't know any better, you might be able to intimidate or deceive to get favors or special treatment. Suggested Characteristics Plaintiffs come in many varieties. Some are innocent bystanders who want only fair compensation for their injuries. Others are professional courtroom operatives, going to extreme lengths to appear wronged in pursuit of a large payout."
Planar Philosopher,SatO,8,"Skill Proficiencies: Arcana, the skill associated with your faction (see the Sigil Faction Affinities table) or one skill of your choice Languages: Two of your choice Equipment: A portal key (such as a bag of golden tea leaves or the tooth of a planar beast), a manifesto of your guiding philosophy, a set of common clothes in your faction's style, and a pouch containing 10 gp worth of coins from different worlds and planes Factions of Sigil Twelve factions have risen to prominence in the City of Doors, though many more exist. Your character might belong to one of these groups or another ideological faction, perhaps one of your own creation. The primary factions of Sigil, which are further detailed in chapter 2, adhere to the following philosophies: Athar Deities are frauds and merely channel the might of a true, higher power. Bleak Cabal There is no greater truth to the multiverse. Each being must discover their own meaning. Doomguard Nothing lasts forever. The purpose of everything is to crumble and decay. Fated Everyone makes their own fate and is entitled to whatever they can take and hold. Fraternity of Order All of existence is governed by laws, and power comes from understanding and exploiting them. Hands of Havoc Those who try to impose a single order on the multiverse are doomed to fail. Harmonium The multiverse will be perfect only when everything is acting in harmony, whether it wants to or not. Heralds of Dust Everyone is already dead; the entirety of the multiverse is an afterlife. Undeath holds the key to the next stage of existence. Mercykillers Cold, relentless justice is absolute, and no one is above it. Mind's Eye The multiverse exists to be explored. It shapes us, and we shape it in turn. Society of Sensation Sensation is the proof of existence. By experiencing everything, we can understand the multiverse in all its complexity. Transcendent Order Thought clouds action. To fall in step with the multiverse, one must act on instinct alone. Feature: Conviction You gain the Scion of the Outer Planes feat. In addition, members of your organization provide you free, modest lodging and food at any of their holdings or the homes of other faction members. Suggested Characteristics Adventurers who dedicate themselves to a particular philosophy regarding the multiverse are welcomed among factions that embrace those beliefs. The Planar Philosopher Personality Traits table suggests various traits you might adopt for your character. Building a Planar Philosopher Character Some groups of planar philosophers might prefer certain types of characters, but by and large any character who upholds and furthers the beliefs of such a group is welcome within its ranks. Planar Philosopher Trinkets When you make your character, you can roll once on the Planar Philosopher Trinket table, instead of on the Trinket table in the Player's Handbook, for your starting trinket."
Prismari Student,SCC,32,"Skill Proficiencies: Acrobatics, Performance Tool Proficiencies: One type of musical instrument or artisan's tools Languages: One of your choice Equipment: A Ink (1-ounce bottle), an ink pen, a set of artisan's tools or a musical instrument (one of your choice), a school uniform, and a pouch containing 10 gp Feature: Prismari Initiate You gain the Strixhaven Initiate feat and must choose Prismari within it. In addition, if you have the Spellcasting or Pact Magic feature, the spells on the Prismari Spells table are added to the spell list of your spellcasting class. (If you are a multiclass character with multiple spell lists, these spells are added to all of them.) Consider customizing how your spells look when you cast them. You might wield your Prismari spells with dynamic, gestural movement—as much dance as somatic component. Even a blast of fire in your hands is a sculpted work of art; elemental forces make grand designs as you hurl spells. These forces might linger on your body or in your clothes as decorative elements after your spells are dissipated, as sparks dance in your hair and your touch leaves tracings of frost on whatever you touch. Building a Prismari Character Any class or subclass that wields elemental forces of cold, fire, lightning, and wind can be a good fit in Prismari. Druids and sorcerers are common in Prismari, and wizards who study the Schools of Wizard or Wizard are also well represented. Clerics aren't very common in this school, but some with the Cleric end up here. Beyond the ranks of traditional spellcasters, Prismari students also include monks who follow the Monk. Some acrobatic rogues and fighters (including those who emulate the archetype of the Fighter) also delight in the athleticism of Prismari performance. Suggested Characteristics Though the curriculum of Prismari College attracts many outgoing and driven artists, the school has no shortage of shy scholars and lackadaisical blowhards among its ranks. The Prismari Personality Traits table suggests a variety of traits you might adopt for your character. Prismari Trinkets When you make your character, you may roll once on the Prismari Trinket table, instead of on the trinket in the Player's Handbook, for your starting trinket."
Quandrix Student,SCC,33,"Skill Proficiencies: Arcana, Nature Tool Proficiencies: One type of artisan's tools Languages: One of your choice Equipment: A Ink (1-ounce bottle), an ink pen, an abacus, a book of arcane theory, a school uniform, and a pouch containing 15 gp Feature: Quandrix Initiate You gain the Strixhaven Initiate feat and must choose Quandrix within it. In addition, if you have the Spellcasting or Pact Magic feature, the spells on the Quandrix Spells table are added to the spell list of your spellcasting class. (If you are a multiclass character with multiple spell lists, these spells are added to all of them.) Consider customizing how your spells look when you cast them. Your Quandrix spells might manifest amid kaleidoscopic swirls of fractal patterns, amplifying the tiniest movements of your somatic components. When your magic creates or alters creatures, it might briefly surround the targets with shimmering fractal designs or tessellated patterns. Building a Quandrix Character Any spellcasting class or subclass can work well for a Quandrix character. Both the scholarly focus of wizards (especially those who study the Schools of Wizard, Wizard, or Wizard) and the metamagic manipulations of sorcerers are welcome in Quandrix, and many druids explore the patterns of nature in Quandrix as well. A few clerics, particularly those with the Cleric or Cleric domains, study in Quandrix as well. Aside from traditional spellcasters, a few characters of other classes find homes in Quandrix. Some fighters, monks, rangers, and rogues study here, using Quandrix principles to train their minds. Suggested Characteristics With subjects ranging from the physical and tangible to the paradoxical and strange, the student body of Quandrix College includes an eclectic mix of individuals. The Quandrix Personality Traits table suggests a variety of traits you might adopt for your character. Quandrix Trinkets When you make your character, you may roll once on the Quandrix Trinket table, instead of on the trinket in the Player's Handbook, for your starting trinket."
Rakdos Cultist,GGR,79,"Skill Proficiencies: Acrobatics, Performance Tool Proficiencies: One type of musical instrument Languages: Choose either Abyssal or Giant Equipment: A Rakdos insignia, a musical instrument (one of your choice), a costume clothes, a hooded lantern made of wrought iron, a 10-foot length of chain with sharply spiked links, a tinderbox, 10 torch, a set of common clothes, a belt pouch containing 10 gp (a mix of Azorius and Boros 1-zino coins), and a bottle of sweet, red juice A Flair for the Dramatic Rakdos performance styles typically fuse standard circus-style acrobatics with fire, wrought-iron spikes and hooks, and monsters. You can roll a d8 or choose from the options in the Performance Options table to determine your preferred style of performance. Feature: Fearsome Reputation People recognize you as a member of the Cult of Rakdos, and they're careful not to draw your anger or ridicule. You can get away with minor criminal offenses, such as refusing to pay for food at a restaurant or breaking down a door at a local shop, if no legal authorities witness the crime. Most people are too daunted by you to report your wrongdoing to the Azorius. Rakdos Guild Spells Prerequisite: Spellcasting or Pact Magic class feature For you, the spells on the Rakdos Guild Spells table are added to the spell list of your spellcasting class. (If you are a multiclass character with multiple spell lists, these spells are added to all of them.) Your magic often produces a flashy spectacle, wreathing you or your targets in a mixture of harmless flame and shadowy shapes. When you manipulate an opponent's mind, a flaming symbol of Rakdos might momentarily appear like a mask over the target's face. Suggested Characteristics Members of demonic cults aren't generally known as the kindest or most mentally stable individuals, so you're likely to have something in your nature that distinguishes you from the law-abiding citizens of Ravnica. Contacts The Cult of Rakdos is anything but organized. Individuals frequently move from one performance troupe to another. Almost all members of the cult know former castmates now in different troupes, which allows for the possibility of a widespread network of contacts. Roll twice on the Rakdos Contacts table (for an ally and a rival) and once on the Non-Rakdos Contacts table. How Do I Fit In? The Cult of Rakdos encourages independent action on the part of its members. Its goal is fomenting chaos, and it firmly believes in putting its own house in disorder before carrying that mission into the larger city. So your role is to execute your vision of grand satire and disruptive performance art, as you aspire to outdo your guild mates and attract the attention of Rakdos himself. You work as part of a troupe, with your artistic talents used in service to a ringmaster's vision. But your performance is your own, and no one expects you to follow a script. In fact, if you go through a performance without doing something you haven't done before, you're clearly not trying hard enough."
Revelry Pirate (Sailor),EGW,203,
Rewarded,BMT,57,"Skill Proficiencies: Insight, Persuasion Languages: One of your choice Equipment: A bottle of black ink, an ink pen, five sheets of paper, a gaming set (matching your chosen proficiency), a signet ring, a set of fine clothes, and a pouch containing 18 gp Tool Proficiencies: One gaming set of your choice (such as playing card set or three-dragon ante set) Feature: Fortune's Favor Your unexpected good fortune is reflected by a minor boon. You gain the Lucky, Magic Initiate, or Skilled feat (your choice). Your choice of feat reflects the transformation that changed your life. An encounter with a genie who gave you three wishes might have resulted in magical powers represented by Magic Initiate. If you paid off all your family debts with a fortuitous round of three-dragon ante, you might be Lucky instead. Alternatively, you could use the Skilled feat to reflect whatever trial you endured to secure your new destiny and to model the knowledge and abilities imparted to you by whatever force transformed your life. Suggested Characteristics Your character's perspective on life has changed thanks to their new destiny. The Rewarded Personality Traits table suggests traits you might adopt for your character and cards from the Deck of Many Things that might have prompted this trait. Building a Rewarded Character Rewarded characters have varied histories, but they have one thing in common: they were down on their luck before their lives abruptly turned around. They might have given up all hope of a happier life, only to suddenly get a second chance. A rewarded character has often spent many years struggling to escape painful circumstances. Now, extricated from the (sometimes literal) prison that was their former life, they throw their cares to the wind and become adventurers. If your character's life was changed by a Deck of Many Things, consider which card was responsible. Perhaps the Fates card undid a tragic mistake your character made in their youth. The Gem card could have wiped out debts incurred over a lifetime. Maybe the Sage card provided the advice needed to escape a hopeless situation, the Star card increased an ability score to its current value, or a Wish spell cast after drawing the Moon card transformed your character from a peddler to a fledgling sorcerer infused with magic and new knowledge and skills. If you're making a character at higher than 1st level, magic items they have could have been granted by the Key or Sun card. Rewarded Trinkets When you make your character, you can roll once on the Rewarded Trinkets table instead of on the Trinkets table in the Player's Handbook for your starting trinket."
Rival Intern,AI,51,"Skill Proficiencies: History, Investigation Tool Proficiencies: One type of artisan's tools Languages: Any one of your choice Equipment: One set of artisan's tools, a ledger from your previous employer containing a small piece of useful information, a set of fine clothes, and a belt pouch containing 10 gp Feature: Inside Informant You have connections to your previous employer or other groups you dealt with during your previous employment. You can communicate with your contacts, gaining information at the DM's discretion. Suggested Characteristics If you were happy with your previous internship, the parting of ways might have been amicable. If not, it might have involved armed guards removing you from the premises. If you were passed over at your previous position, it might have left you a blend of seething rage, practiced nonchalance, and keen knowledge of where the bodies are buried (perhaps literally)."
Ruined,BMT,58,"Skill Proficiencies: Stealth, Survival Languages: One of your choice Equipment: A cracked hourglass, a set of rusty manacles, a half-empty bottle, a hunting trap, a gaming set (matching your chosen proficiency), a set of traveler's clothes, and a pouch containing 13 gp Tool Proficiencies: One gaming set of your choice (such as playing cards or three-dragon ante cards) Feature: Still Standing You have weathered ruinous misfortune, and you possess hidden reserves others don't expect. You gain the Alert, Skilled, or Tough feat (your choice). Your choice of feat reflects how you've dealt with the terrible loss that changed your life forever. If you've kept your senses sharp for every opportunity and climbed your way out of misery by seizing the tiniest scrap of hope, choose Alert. If you've redoubled your efforts to reclaim what was once yours, choose Skilled. If you've stoically persevered through your misfortune, select Tough. Suggested Characteristics Rising above misfortune shapes one's perspective. The Ruined Personality Traits table suggests traits you might adopt for your character (and ruinous cards that might have prompted this trait). Building a Ruined Character Ruined characters were on top of the world before misfortune struck. Many were wealthy. Others come from modest backgrounds, but they were surrounded by friends, family, and loved ones. They might have been famous, or simply never encountered serious hardship before. Some were born to privilege or rose to prominence through trickery or a false reputation. Now a Deck of Many Things—or another calamity—has knocked them down like a house of cards. If your character's life was ruined by a Deck of Many Things, consider which card was responsible. Perhaps your character was imprisoned for years by the Donjon or Void card, and now everyone they knew has died. Maybe your character drew the Rogue card, and the person closest to them—a spouse, child, or parent—turned against them. A devil unleashed by the Flames card might have destroyed their life. The Ruin or Talons card might have stolen the character's material goods or saddled them with vast debt. Ruined Trinkets When you make your character, you can roll once on the Ruined Trinkets table instead of on the Trinkets table in the Player's Handbook."
Rune Carver,BGG,12,"Skill Proficiencies: History, Perception Tool Proficiencies: One set of artisan's tools Languages: Giant Equipment: A set of artisan's tools (one of your choice), a small knife, a whetstone, a set of common clothes, and a pouch containing 10 gp Rune Styles Each rune carver has a unique style and preferred medium. To determine how you make your runes, you can roll on the Rune Style table. Building a Rune Carver Character Scholarly pursuits, ancient mysteries, or a fateful encounter might inspire a character to pursue the secrets of a rune carver. Feature: Rune Shaper You gain the Rune Shaper feat. Suggested Characteristics The Rune Carver Personality Traits table suggests a variety of traits you might adopt for your character."
Sage,PHB,137,"Skill Proficiencies: Arcana, History Languages: Two of your choice Equipment: A Ink (1-ounce bottle), a quill, a small knife, a letter from a dead colleague posing a question you have not yet been able to answer, a set of common clothes, and a belt pouch containing 10 gp Feature: Researcher When you attempt to learn or recall a piece of lore, if you do not know that information, you often know where and from whom you can obtain it. Usually, this information comes from a library, scriptorium, university, or a sage or other learned person or creature. Your DM might rule that the knowledge you seek is secreted away in an almost inaccessible place, or that it simply cannot be found. Unearthing the deepest secrets of the multiverse can require an adventure or even a whole campaign. Specialty To determine the nature of your scholarly training, roll a d8 or choose from the options in the table below. Suggested Characteristics Sages are defined by their extensive studies, and their characteristics reflect this life of study. Devoted to scholarly pursuits, a sage values knowledge highly—sometimes in its own right, sometimes as a means toward other ideals."
Sailor,PHB,139,"Skill Proficiencies: Athletics, Perception Tool Proficiencies: Navigator's tools, vehicles (water) Equipment: A belaying pin (club), silk rope (50 feet), a lucky charm such as a rabbit foot or a small stone with a hole in the center (or you may roll for a random trinket on the Trinkets table in chapter 5), a set of common clothes, and a belt pouch containing 10 gp Feature: Ship's Passage When you need to, you can secure free passage on a sailing ship for yourself and your adventuring companions. You might sail on the ship you served on, or another ship you have good relations with (perhaps one captained by a former crewmate). Because you're calling in a favor, you can't be certain of a schedule or route that will meet your every need. Your Dungeon Master will determine how long it takes to get where you need to go. In return for your free passage, you and your companions are expected to assist the crew during the voyage. Suggested Characteristics Sailors can be a rough lot, but the responsibilities of life on a ship make them generally reliable as well. Life aboard a ship shapes their outlook and forms their most important attachments."
Selesnya Initiate,GGR,86,"Skill Proficiencies: Nature, Persuasion Tool Proficiencies: One type of artisan's tools or one musical instrument Languages: Choose one of Elvish, Loxodon, or Sylvan Equipment: A Selesnya insignia, a healer's kit, robes, a set of common clothes, and a belt pouch containing 5 gp (Azorius 1-zino coins) Feature: Conclave's Shelter As a member of the Selesnya Conclave, you can count on your guild mates to provide shelter and aid. You and your companions can find a place to hide or rest in any Selesnya enclave in the city, unless you have proven to be a danger to them. The members of the enclave will shield you from the law or anyone else searching for you, though they will not risk their lives in this effort. In addition, as a guild member you can receive free healing and care at a Selesnya enclave, though you must provide any material components needed for spells. Selesnya Guild Spells Prerequisite: Spellcasting or Pact Magic class feature For you, the spells on the Selesnya Guild Spells table are added to the spell list of your spellcasting class. (If you are a multiclass character with multiple spell lists, these spells are added to all of them.) Members of the Selesnya Conclave refer to their magic as ""doruvati,"" a Sylvan word meaning ""gift."" When you use these gifts of Mat'Selesnya, graceful swirls of green and silver light dance in the air around you, and phantasmal green leaves might waft through the air. A sensation of gentle warmth and the smell of spring flowers or autumn leaves might accompany your spells. Suggested Characteristics Most members of the Selesnya Conclave are true believers—the tight-knit community allows little room for the cynical or disillusioned. They are spiritual, empathetic, and generally peaceful—unless roused to action. Their flaws and bonds alike grow naturally from their close ties to the community. Contacts The Selesnya Conclave is all about connections, so its members cultivate contacts throughout the guild. The guild also engages in energetic recruitment to draw converts from other guilds, and often these new guild members maintain friendships with former guild mates. Roll twice on the Selesnya Contacts table (for an ally and a rival) and once on the Non-Selesnya Contacts table. How Do I Fit In? Although the guild teaches the importance of subjugating the individual will to the good of the conclave, it also celebrates the diversity of individuals, in the same sense that a field that produces different crops is healthier than one that yields a single crop. That principle applies to your skills as an adventurer. As long as your efforts are directed toward advancing the goals of the guild rather than your private agenda, you're allowed to put your talents to work in your unique way. That said, you must never lose sight of the fact that you are part of a larger community. That includes the whole guild, of course, but your ties to community start with your vernadi (enclave) and its voda (dryad leader). The dryads want to know what you're doing and what purpose it serves, and they act to curtail your actions—or even expel you from the guild—if they determine that you aren't serving Selesnya's best interests."
Shipwright,GoS,33,"Skill Proficiencies: History, Perception Tool Proficiencies: Carpenter's tools, Vehicles (water) Equipment: A set of well-loved carpenter's tools, a blank book, Ink (1-ounce bottle), an ink pen, a set of traveler's clothes, and a leather pouch with 10 gp Feature: I'll Patch It! Provided you have carpenter's tools and wood, you can perform repairs on a water vehicle. When you use this ability, you restore a number of hit points to the hull of a water vehicle equal to 5 × your proficiency modifier. A vehicle cannot be patched by you in this way again until after it has been pulled ashore and fully repaired. Life at Sea Your life at sea and in port has shaped you; you can roll on the following table to determine its impact or choose an element that best fits your character. Suggested Characteristics Shipwrights are resourceful carpenters and designers. They often have a dedicated spot at the local tavern, since shipwrights are invaluable to coastal communities. Some travel with naval fleets and might serve as officers if their temperament suits it. Shipwrights have an affinity for working with their hands and often perform feats of carpentry that others might deem miraculous."
Silverquill Student,SCC,35,"Skill Proficiencies: Intimidation, Persuasion Languages: Two of your choice Equipment: A Ink (1-ounce bottle), an ink pen, a book of poetry, a school uniform, and a pouch containing 15 gp Feature: Silverquill Initiate You gain the Strixhaven Initiate feat and must choose Silverquill within it. In addition, if you have the Spellcasting or Pact Magic feature, the spells on the Silverquill Spells table are added to the spell list of your spellcasting class. (If you are a multiclass character with multiple spell lists, these spells are added to all of them.) Consider customizing how your spells look when you cast them. Your Silverquill spells might be accompanied by visual effects resembling splotches of ink or radiating ripples of golden light. Any auditory effects of your spells often sound like amplified echoes of your own voice speaking the spells' verbal components—even amid the crash of lightning or a fiery eruption. Building a Silverquill Character Many bards find a home in Silverquill, putting the power of their voices to use with Silverquill magic. Wizards (especially those who study the Schools of Wizard and Wizard) are common in Silverquill, as are warlocks. Clerics with the Divine Domains of Cleric and Cleric also fit in well among the mages of Silverquill. A number of both paladins and rogues attend Silverquill College as well, highlighting the diversity of the student body. Suggested Characteristics With the college's intense standards looming over them, Silverquill students range from cocky and cutthroat to overwhelmed perfectionists. The Silverquill Personality Traits table suggests a variety of traits you might adopt for your character. Silverquill Trinkets When you make your character, you may roll once on the Silverquill Trinket table, instead of on the trinket in the Player's Handbook, for your starting trinket."
Simic Scientist,GGR,93,"Skill Proficiencies: Arcana, Medicine Languages: Two of your choice Equipment: A Simic insignia, a set of common clothes, a book of research notes, an ink pen, a Ink (1-ounce bottle), a oil (flask) (made from blubber), a acid (vial) (derived from digestive juices), a vial of fish scales, a vial of seaweed, a vial of jellyfish stingers, a glass bottle of unidentified slime, and a belt pouch containing 10 gp (Azorius 1-zino coins) Clades and Projects As a Simic researcher, you are part of a clade—a diverse group of individuals combining disparate talents in pursuit of a common goal—or a researcher on a specialized, short-term project focused on addressing an immediate need. You can roll a d6 or choose from the options in the Research Options table to determine your area of research. Feature: Researcher When you attempt to learn or recall a magical or scientific fact, if you don't know that information, you know where and from whom you can obtain it. Usually, this information comes from a Simic laboratory, or sometimes from an Izzet facility, a library, a university, or an independent scholar or other learned person or creature. Knowing where the information can be found doesn't automatically enable you to learn it; you might need to offer bribes, favors, or other incentives to induce people to reveal their secrets. Your DM might rule that the knowledge you seek is secreted away in an inaccessible place, or that it simply can't be found. Unearthing the deepest secrets of the multiverse can require an adventure or even a whole campaign. Simic Guild Spells Prerequisite: Spellcasting or Pact Magic class feature For you, the spells on the Simic Guild Spells table are added to the spell list of your spellcasting class. (If you are a multiclass character with multiple spell lists, these spells are added to all of them.) When your magic causes physical alterations in yourself or others, the result often displays the characteristics of fish, amphibians, or other water-dwelling creatures. Blue-green eddies of magical energy sometimes accompany your spellcasting, forming spirals that reflect the mathematical perfection of nature. Suggested Characteristics The bizarre science of the Simic Combine attracts a certain type of personality and encompasses a set of beliefs about the nature of life. Simic members' bonds and flaws derive from their scientific research—including their creation of new life forms, which they can become very attached to. Contacts The fluid nature of clades, whose rosters span different laboratories and change as researchers discover new interests, creates abundant connections among the Simic. The guild members live in watery sinkholes called zonots, and their isolation shelters them from much contact with outsiders. Nonetheless, a fair number of Simic members are former members of other guilds. Roll twice on the Simic Contacts table (for an ally and a rival) and once on the Non-Simic Contacts table. How Do I Fit In? As a Simic adventurer, your mission likely aligns with the Adaptationist philosophy; the disagreements and tensions among the guilds will soon erupt into open conflict, and your guild needs your help to ensure that the Simic survive. That help might come in the form of defending against Golgari incursions into Simic zonots or shielding Simic research from Azorius intrusion. It could also involve more subtle, diplomatic work to maintain balance among the guilds, or subterfuge aimed at undermining another guild's grab for power. Self-improvement is also an important part of your mission. Anything you can do to make yourself more capable—whether learning a new spell or adopting a new hybridizing mutation—gives the Simic a stronger weapon in its arsenal. The combine must change to survive, and that means individual members of the guild must grow and adapt as well."
Smuggler,GoS,34,"Skill Proficiencies: Athletics, Deception Tool Proficiencies: Vehicles (water) Equipment: A fancy leather vest or a pair of leather boots, a set of common clothes, and a leather pouch with 15 gp Feature: Down Low You are acquainted with a network of smugglers who are willing to help you out of tight situations. While in a particular town, city, or other similarly sized community (DM's discretion), you and your companions can stay for free in safe houses. Safe houses provide a poor lifestyle. While staying at a safe house, you can choose to keep your presence (and that of your companions) a secret. Claim to Fame Every smuggler has that one tale that sets them apart from common criminals. By wits, sailing skill, or a silver tongue, you lived to tell the story—and you tell it often. You can roll on the following table to determine your claim or choose one that best fits your character. Suggested Characteristics In general, smugglers value survival, and then profit, above other things. One could be a part of a larger organization, or might run a small smuggling vessel of their own. Smugglers live the lies they have told, and they have a natural ability to recall all the falsehoods and half-truths they have ever spouted."
Soldier,PHB,140,"Skill Proficiencies: Athletics, Intimidation Tool Proficiencies: One type of gaming set, vehicles (land) Equipment: An insignia of rank, a trophy taken from a fallen enemy (a dagger, broken blade, or piece of a banner), a bone dice set or playing card set, a set of common clothes, and a belt pouch containing 10 gp Feature: Military Rank You have a military rank from your career as a soldier. Soldiers loyal to your former military organization still recognize your authority and influence, and they defer to you if they are of a lower rank. You can invoke your rank to exert influence over other soldiers and requisition simple equipment or horses for temporary use. You can also usually gain access to friendly military encampments and fortresses where your rank is recognized. Specialty During your time as a soldier, you had a specific role to play in your unit or army. Roll a d8 or choose from the options in the table below to determine your role: Suggested Characteristics The horrors of war combined with the rigid discipline of military service leave their mark on all soldiers, shaping their ideals, creating strong bonds, and often leaving them scarred and vulnerable to fear, shame, and hatred."
Urban Bounty Hunter,SCAG,153,"Skill Proficiencies: Choose two from among Deception, Insight, Persuasion, and Stealth Tool Proficiencies: Choose two from among one type of gaming set, one musical instrument, and thieves' tools Equipment: A set of clothes appropriate to your duties and a pouch containing 20 gp Feature: Ear to the Ground You are in frequent contact with people in the segment of society that your chosen quarries move through. These people might be associated with the criminal underworld, the rough-and-tumble folk of the streets, or members of high society. This connection comes in the form of a contact in any city you visit, a person who provides information about the people and places of the local area. Suggested Characteristics Use the tables for the criminal background in the Player's Handbook as the basis for your bounty hunter's traits and motivations, modifying the entries when appropriate to suit your identity as a bounty hunter. For instance, your bond might involve other bounty hunters or the organizations or individuals that employ you. Your ideal could be associated with your determination always to catch your quarry or your desire to maintain your reputation for being dependable."
Urchin,PHB,141,"Skill Proficiencies: Sleight of Hand, Stealth Tool Proficiencies: Disguise kit, Thieves' tools Equipment: A small knife, a map of the city you grew up in, a pet mouse, a token to remember your parents by, a set of common clothes, and a belt pouch containing 10 gp Feature: City Secrets You know the secret patterns and flow to cities and can find passages through the urban sprawl that others would miss. When you are not in combat, you (and companions you lead) can travel between any two locations in the city twice as fast as your speed would normally allow. Suggested Characteristics Urchins are shaped by lives of desperate poverty, for good and for ill. They tend to be driven either by a commitment to the people with whom they shared life on the street or by a burning desire to find a better life—and maybe get some payback on all the rich people who treated them badly."
Uthgardt Tribe Member,SCAG,153,"Skill Proficiencies: Athletics, Survival Languages: Any one of your choice Tool Proficiencies: One type of musical instrument or artisan's tools Equipment: A hunting trap, a totemic token or set of tattoos marking your loyalty to Uthgar and your tribal totem, a set of traveler's clothes, and a pouch containing 10 gp Feature: Uthgardt Heritage You have an excellent knowledge of not only your tribe's territory, but also the terrain and natural resources of the rest of the North. You are familiar enough with any wilderness area that you can find twice as much food and water as you normally would when you forage there. Additionally, you can call upon the hospitality of your people, and those allied with your tribe, often including members of the druid circles, tribes of nomadic elves, the Harpers, and the priesthoods devoted to the gods of the First Circle. Suggested Characteristics Use the tables for the outlander background in the Player's Handbook as the basis for your traits and motivations, modifying the entries when appropriate to suit your identity as a member of an Uthgardt tribe. Even if you have left your tribe behind (at least for now), you hold to the traditions of your people. You will never cut down a still-living tree, and you may not countenance such an act being done in your presence. The Uthgardt ancestral mounds - great hills where the totem spirits were defeated by Uthgar and where the heroes of the tribes are interred - are sacred to you. Your bond is undoubtedly associated with your tribe or some aspect of Uthgardt philosophy or culture (perhaps even Uthgar himself). Your ideal is a personal choice that probably hews closely to the ethos of your people and certainly doesn't contradict or compromise what being an Uthgardt stands for."
Variant City Watch (Investigator),SCAG,145,"Skill Proficiencies: Insight, Investigation Languages: Any two of your choice Equipment: A uniform in the style of your unit and indicative of your rank, a horn with which to summon help, a set of manacles, and a pouch containing 10 gp Feature: Watcher's Eye Your experience in enforcing the law, and dealing with lawbreakers, gives you a feel for local laws and criminals. You can easily find the local outpost of the watch or a similar organization, and just as easily pick out the dens of criminal activity in a community, although you're more likely to be welcome in the former locations rather than the latter. Suggested Characteristics Use the tables for the soldier background in the Player's Handbook as the basis for your traits and motivations, modifying the entries when appropriate to suit your identity as a member of the city watch. Your bond is likely associated with your fellow watch members or the watch organization itself and almost certainly concerns your community. Your ideal probably involves the fostering of peace and safety. An investigator is likely to have an ideal connected to achieving justice by successfully solving crimes."
Variant Criminal (Spy),PHB,130,
Variant Entertainer (Gladiator),PHB,131,
Variant Guild Artisan (Guild Merchant),PHB,133,
Variant Noble (Knight),PHB,136,
Variant Noble (Retainers),PHB,136,
Variant Sailor (Pirate),PHB,139,
Volstrucker Agent,EGW,202,"Skill Proficiencies: Deception, Stealth Tool Proficiencies: Poisoner's kit Languages: One of your choice Equipment: A set of common clothes, a black cloak with a hood, a poisoner's kit, and a pouch containing 10 gp Feature: Shadow Network You have access to the Volstrucker shadow network, which allows you to communicate with other members of the order over long distances. If you write a letter in a special arcane ink, address it to a member of the Volstrucker, and cast it into a fire, the letter will burn to cinders and materialize whole again on the person of the agent you addressed it to. The ink used to send a letter across the shadow network is the same as that used by a wizard to scribe spells in a spellbook. Writing a letter in this ink costs 10 gp per page. Suggested Characteristics Agents of the Volstrucker are groomed to follow orders without question and to kill without mercy. The trauma that brings one into the order can fester even more strongly against the darkness of a Volstrucker agent's assignments. Officially, no one ever leaves the order—but those desperate enough do whatever it takes to gain some measure of freedom."
Waterdhavian Noble,SCAG,154,"Skill Proficiencies: History, Persuasion Languages: Any one of your choice Tool Proficiencies: One type of gaming set or musical instrument Equipment: A set of fine clothes, a signet ring or brooch, a scroll of pedigree, a skin of fine zzar or wine, and a purse containing 20 gp Feature: Kept in Style While you are in Waterdeep or elsewhere in the North, your house sees to your everyday needs. Your name and signet are sufficient to cover most of your expenses; the inns, taverns, and festhalls you frequent are glad to record your debt and send an accounting to your family's estate in Waterdeep to settle what you owe. This advantage enables you to live a comfortable lifestyle without having to pay 2 gp a day for it, or reduces the cost of a wealthy or aristocratic lifestyle by that amount. You may not maintain a less affluent lifestyle and use the difference as income—the benefit is a line of credit, not an actual monetary reward. Suggested Characteristics Use the tables for the noble background in the Player's Handbook as the basis for your traits and motivations, modifying the entries when appropriate to suit your identity as a member of a Waterdhavian family. Like other nobles, you were born and raised in a different world from the one that most folk know - one that grants you privilege but also calls you to fulfill a duty befitting your station. Your bond might be associated with your family alone, or it could be concerned with another noble house that sides with or opposes your own. Your ideal depends to some extent on how you view your role in the family, and how you intend to conduct yourself in the world at large as a representative of your house."
Wildspacer,AAG,8,"Skill Proficiencies: Athletics, Survival Tool Proficiencies: Navigator's tools, vehicles (space) Equipment: A belaying pin (club), a set of traveler's clothes, a grappling hook, Hempen Rope (50 feet), and a pouch containing 10 gp Close Encounter You had a harrowing encounter with one of Wildspace's many terrors. You escaped with your life, but the encounter left you with a scar or two, or perhaps a recurring nightmare. Roll on the Close Encounter table to determine which creature nearly got the best of you. Creatures marked with an asterisk appear in Boo's Astral Menagerie; the others are described in the Monster Manual. Feature: Wildspace Adaptation You gain the Tough from the Player's Handbook. In addition, you learned how to adapt to zero gravity. Being weightless doesn't give you disadvantage on any of your melee attack rolls (see ""Weightlessness"" in chapter 2)."
Witchlight Hand,WBtW,11,"Skill Proficiencies: Performance, Sleight of Hand Tool Proficiencies: Disguise kit or one type of musical Instrument Languages: One of your choice Equipment: A disguise kit or a musical instrument of your choice, a deck of cards, a carnival uniform or costume clothes, one trinket (determined by rolling on the Feywild Trinket), and a pouch containing 8 gp Feature: Carnival Fixture The Witchlight Carnival provides you with free, modest lodging and food. In addition, you may wander about the carnival and partake of its many wonders at no cost to you, provided you don't disrupt its shows or cause any other trouble. Carnival Companion Over the years, you have earned the friendship of another carnival fixture. Roll a d8 and consult the Carnival Companion table to determine whom or what you've befriended, or you can choose an option that you like. Work with your DM to flesh out this friendship. This companion hangs around you while you're in the carnival, but it won't voluntarily leave the carnival. The DM can use the stat block in chapter 1 to represent hands, performers, and animal trainers who serve as carnival companions. Statistics for the other companions appear in the Monster Manual. Character Traits As the players choose backgrounds for their characters, they can use the following tables to help determine their characters' personality traits, ideals, bonds, and flaws. Players can use these tables instead of the ones that appear in the Player's Handbook, or they can mix and match them. If a rolled result doesn't make sense for a character, the player can roll again or choose a more appropriate entry on the table. These tables, while optional, are well suited to Feywild-themed adventures and are ideal for any character who has the feylost or Witchlight hand background."
Witherbloom Student,SCC,36,"Skill Proficiencies: Nature, Survival Tool Proficiencies: Herbalism kit Languages: One of your choice Equipment: A Ink (1-ounce bottle), an ink pen, a book about plant identification, an iron pot, an herbalism kit, a school uniform, and a pouch containing 15 gp Feature: Witherbloom Initiate You gain the Strixhaven Initiate feat and must choose Witherbloom within it. In addition, if you have the Spellcasting or Pact Magic feature, the spells on the Witherbloom Spells table are added to the spell list of your spellcasting class. (If you are a multiclass character with multiple spell lists, these spells are added to all of them.) Consider customizing how your spells look when you cast them. Your Witherbloom spells might rely on material components or a spellcasting focus drawn from the swamp environment of Witherbloom, and your spells might take on an appearance suggesting those natural elements. Spectral shapes of swamp animals or plants might form amid your spell effects. Building a Witherbloom Character Druids and warlocks make up most of Witherbloom's student body. A few wizards (mostly those who study the Wizard) and clerics (including those with the Divine Domains of Cleric or Cleric) also find their home in Witherbloom. A number of rangers and barbarians study at Witherbloom as well, and some rogues learn how to create and use poisons during their studies at this college. Suggested Characteristics Students of Witherbloom College are equally likely to be found picking herbs for a healing tincture or riding zombified swamp beasts through the bayou. The Witherbloom Personality Traits table suggests a variety of traits you might adopt for your character. Witherbloom Trinkets When you make your character, you may roll once on the Witherbloom Trinket table, instead of on the trinket in the Player's Handbook, for your starting trinket."
