Name,Source,Page,Ability Scores,Size,Speed,Description
Aarakocra,DMG,282,"Dex +2, Wis +2",Medium,"20 ft., Fly 50 ft.","Dive Attack If you are flying and dive at least 30 ft. straight toward a target and then hit it with a melee weapon attack, the attack deals an extra 1d6 damage to the target. Talons You are proficient with your unarmed strikes, which deal 1d4 slashing damage on a hit. Language You can speak, read, and write Auran."
Aarakocra,EEPC,5,"Dex +2, Wis +1",Medium,"25 ft., Fly 50 ft.","Age Aarakocra reach maturity by age 3. Compared to humans, aarakocra don't usually live longer than 30 years. Alignment Most aarakocra are good and rarely choose sides when it comes to law and chaos. Tribal leaders and warriors might be lawful, while explorers and adventurers might tend toward chaotic. Size Aarakocra are about 5 feet tall. They have thin, lightweight bodies that weigh between 80 and 100 pounds. Your size is Medium. Flight You have a flying speed of 50 feet. To use this speed, you can't be wearing medium or heavy armor. Talons Your talons are natural weapons, which you can use to make unarmed strikes. If you hit with them, you deal slashing damage equal to 1d4 + your Strength modifier, instead of the bludgeoning damage normal for an unarmed strike. Language You can speak, read, and write Common, Aarakocra, and Auran."
Aarakocra,MPMM,5,"Choose +2 / +1 or +1 / +1 / +1 from Str, Dex, Con, Int, Wis, Cha",Medium,"30 ft., Fly","Flight Because of your wings, you have a flying speed equal to your walking speed. You can't use this flying speed if you're wearing medium or heavy armor. Talons You have talons that you can use to make unarmed strikes. When you hit with them, the strike deals 1d6 + your Strength modifier slashing damage, instead of the bludgeoning damage normal for an unarmed strike. Wind Caller Starting at 3rd level, you can cast the gust of wind spell with this trait, without requiring a material component. Once you cast the spell with this trait, you can't do so again until you finish a long rest. You can also cast the spell using any spell slots you have of 2nd level or higher. Intelligence, Wisdom, or Charisma is your spellcasting ability for when you cast gust of wind with this trait (choose when you select this race)."
Aasimar,DMG,286,"Wis +1, Cha +2",Medium,30 ft.,"Age Aasimar mature at the same rate as humans but live a few years longer. Size Aasimar are built like well-proportioned humans. Your size is Medium. Darkvision Thanks to your celestial heritage, you have superior vision in dark and dim conditions. You can see in dim light within 60 feet of you as if it were bright light, and in darkness as if it were dim light. You can't discern color in darkness, only shades of grey. Celestial Resistance You have resistance to necrotic and radiant damage. Celestial Legacy You know the light cantrip. Once you reach 3rd level, you can cast the lesser restoration spell once with this trait, and you regain the ability to do so when you finish a long rest. Once you reach 5th level, you can cast the daylight spell once with this trait, and you regain the ability to do so when you finish a long rest. Charisma is your spellcasting ability for these spells. Language You can speak, read, and write Common and Celestial."
Aasimar,MPMM,7,"Choose +2 / +1 or +1 / +1 / +1 from Str, Dex, Con, Int, Wis, Cha","Small, Medium",30 ft.,"Size You are Medium or Small. You choose the size when you select this race. Celestial Resistance You have resistance to necrotic damage and radiant damage. Darkvision You can see in dim light within 60 feet of you as if it were bright light and in darkness as if it were dim light. You discern colors in that darkness only as shades of gray. Healing Hands As an action, you can touch a creature and roll a number of d4s equal to your proficiency bonus. The creature regains a number of hit points equal to the total rolled. Once you use this trait, you can't use it again until you finish a long rest. Light Bearer You know the light cantrip. Charisma is your spellcasting ability for it. Celestial Revelation When you reach 3rd level, choose one of the revelation options below. Thereafter, you can use a bonus action to unleash the celestial energy within yourself, gaining the benefits of that revelation. Your transformation lasts for 1 minute or until you end it as a bonus action. Once you transform using your revelation below, you can't use it again until you finish a long rest. Necrotic Shroud Your eyes briefly become pools of darkness, and ghostly, flightless wings sprout from your back temporarily. Creatures other than your allies within 10 feet of you that can see you must succeed on a Charisma saving throw (8 + your proficiency bonus + your Charisma modifier) or become frightened of you until the end of your next turn. Until the transformation ends, once on each of your turns, you can deal extra necrotic damage to one target when you deal damage to it with an attack or a spell. The extra damage equals your proficiency bonus. Radiant Consumption Searing light temporarily radiates from your eyes and mouth. For the duration, you shed bright light in a 10-foot radius and dim light for an additional 10 feet, and at the end of each of your turns, each creature within 10 feet of you takes radiant damage equal to your proficiency bonus. Until the transformation ends, once on each of your turns, you can deal extra radiant damage to one target when you deal damage to it with an attack or a spell. The extra damage equals your proficiency bonus. Radiant Soul Two luminous, spectral wings sprout from your back temporarily. Until the transformation ends, you have a flying speed equal to your walking speed, and once on each of your turns, you can deal extra radiant damage to one target when you deal damage to it with an attack or a spell. The extra damage equals your proficiency bonus."
Aasimar,VGM,104,Cha +2,Medium,30 ft.,"Age Aasimar mature at the same rate as humans, but they can live up to 160 years. Size Aasimar have the same range of height and weight as humans. Darkvision Blessed with a radiant soul, your vision can easily cut through darkness. You can see in dim light within 60 feet of you as if it were bright light, and in darkness as if it were dim light. You can't discern color in darkness, only shades of gray. Celestial Resistance You have resistance to necrotic damage and radiant damage. Healing Hands As an action, you can touch a creature and cause it to regain a number of hit points equal to your level. Once you use this trait, you can't use it again until you finish a long rest. Light Bearer You know the light cantrip. Charisma is your spellcasting ability for it. Languages You can speak, read, and write Common and Celestial."
Aasimar Fallen,VGM,105,Str +1,,,"Necrotic Shroud Starting at 3rd level, you can use your action to unleash the divine energy within yourself, causing your eyes to turn into pools of darkness and two skeletal, ghostly, flightless wings to sprout from your back. The instant you transform, other creatures within 10 feet of you that can see you must succeed on a Charisma saving throw (8 + your proficiency bonus + your Charisma modifier) or become frightened of you until the end of your next turn. Your transformation lasts for 1 minute or until you end it as a bonus action. During it, once on each of your turns, you can deal extra necrotic damage to one target when you deal damage to it with an attack or a spell. The extra necrotic damage equals your level. Once you use this trait, you can't use it again until you finish a long rest."
Aasimar Protector,VGM,105,Wis +1,,,"Radiant Soul Starting at 3rd level, you can use your action to unleash the divine energy within yourself, causing your eyes to glimmer and two luminous, incorporeal wings to sprout from your back. Your transformation lasts for 1 minute or until you end it as a bonus action. During it, you have a flying speed of 30 feet, and once on each of your turns, you can deal extra radiant damage to one target when you deal damage to it with an attack or a spell. The extra radiant damage equals your level. Once you use this trait, you can't use it again until you finish a long rest."
Aasimar Scourge,VGM,105,Con +1,,,"Radiant Consumption Starting at 3rd level, you can use your action to unleash the divine energy within yourself, causing a searing light to radiate from you, pour out of your eyes and mouth, and threaten to char you. Your transformation lasts for 1 minute or until you end it as a bonus action. During it, you shed bright light in a 10-foot radius and dim light for an additional 10 feet, and at the end of each of your turns, you and each creature within 10 feet of you take radiant damage equal to half your level (rounded up). In addition, once on each of your turns, you can deal extra radiant damage to one target when you deal damage to it with an attack or a spell. The extra radiant damage equals your level. Once you use this trait, you can't use it again until you finish a long rest."
Astral Elf,AAG,10,"Choose +2 / +1 or +1 / +1 / +1 from Str, Dex, Con, Int, Wis, Cha",Medium,30 ft.,"Creature Type You are a Humanoid. You are also considered an elf for any prerequisite or effect that requires you to be an elf. Astral Fire You know one of the following cantrips of your choice: dancing lights, light, or sacred flame. Intelligence, Wisdom, or Charisma is your spellcasting ability for it (choose when you select this race). Darkvision You can see in dim light within 60 feet of yourself as if it were bright light, and in darkness as if it were dim light. You discern colors in that darkness only as shades of gray. Fey Ancestry You have advantage on saving throws you make to avoid or end the charmed condition on yourself. Keen Senses You have proficiency in the Perception skill. Starlight Step As a bonus action, you can magically teleport up to 30 feet to an unoccupied space you can see. You can use this trait a number of times equal to your proficiency bonus, and you regain all expended uses when you finish a long rest. Astral Trance You don't need to sleep, and magic can't put you to sleep. You can finish a long rest in 4 hours if you spend those hours in a trancelike meditation, during which you remain conscious. Whenever you finish this trance, you gain proficiency in one skill of your choice and with one weapon or tool of your choice, selected from the Player's Handbook. You mystically acquire these proficiencies by drawing them from shared elven memory and the experiences of entities on the Astral Plane, and you retain them until you finish your next long rest."
Autognome,AAG,11,"Choose +2 / +1 or +1 / +1 / +1 from Str, Dex, Con, Int, Wis, Cha",Small,30 ft.,"Creature Type You are a Construct. Armored Casing You are encased in thin metal or some other durable material. While you aren't wearing armor, your base Armor Class is 13 + your Dexterity modifier. Built for Success You can add a d4 to one attack roll, ability check, or saving throw you make, and you can do so after seeing the d20 roll but before the effects of the roll are resolved. You can use this trait a number of times equal to your proficiency bonus, and you regain all expended uses when you finish a long rest. Healing Machine If the mending spell is cast on you, you can spend a Hit Die, roll it, and regain a number of hit points equal to the roll plus your Constitution modifier (minimum of 1 hit point). In addition, your creator designed you to benefit from several spells that preserve life but that normally don't affect Constructs: cure wounds, healing word, mass cure wounds, mass healing word, and spare the dying. Mechanical Nature You have resistance to poison damage and immunity to disease, and you have advantage on saving throws against being paralyzed or poisoned. You don't need to eat, drink, or breathe. Sentry's Rest When you take a long rest, you spend at least 6 hours in an inactive, motionless state, instead of sleeping. In this state, you appear inert, but you remain conscious. Specialized Design You gain two tool proficiencies of your choice, selected from the Player's Handbook."
Bugbear,ERLW,25,"Str +2, Dex +1",Medium,30 ft.,"Age Bugbears reach adulthood at age 16 and live up to 80 years. Alignment Bugbears live on the fringes of society even in Darguun, where they value self-sufficiency and violence. They are generally chaotic, organizing in loose tribes under charismatic and powerful leaders. Size Your size is Medium. Darkvision You can see in dim light within 60 feet of you as if it were bright light, and in darkness as if it were dim light. You can't discern color in darkness, only shades of gray. Long-Limbed When you make a melee attack on your turn, your reach for it is 5 feet greater than normal. Powerful Build You count as one size larger when determining your carrying capacity and the weight you can push, drag, or lift. Sneaky You are proficient in the Stealth skill. Surprise Attack If you surprise a creature and hit it with an attack on your first turn in combat, the attack deals an extra 2d6 damage to it. You can use this trait only once per combat. Languages You can speak, read, and write Common and Goblin."
Bugbear,MPMM,8,"Choose +2 / +1 or +1 / +1 / +1 from Str, Dex, Con, Int, Wis, Cha",Medium,30 ft.,"Creature Type You are a Humanoid. You are also considered a goblinoid for any prerequisite or effect that requires you to be a goblinoid. Darkvision You can see in dim light within 60 feet of you as if it were bright light and in darkness as if it were dim light. You discern colors in that darkness only as shades of gray. Fey Ancestry You have advantage on saving throws you make to avoid or end the charmed condition on yourself. Long-Limbed When you make a melee attack on your turn, your reach for it is 5 feet greater than normal. Powerful Build You count as one size larger when determining your carrying capacity and the weight you can push, drag, or lift. Sneaky You are proficient in the Stealth skill. In addition, without squeezing, you can move through and stop in a space large enough for a Small creature. Surprise Attack If you hit a creature with an attack roll, the creature takes an extra 2d6 damage if it hasn't taken a turn yet in the current combat."
Bugbear,VGM,119,"Str +2, Dex +1",Medium,30 ft.,"Age Bugbears reach adulthood at age 16 and live up to 80 years. Size Bugbears are between 6 and 8 feet tall and weigh between 250 and 350 pounds. Your size is Medium. Darkvision You can see in dim light within 60 feet of you as if it were bright light, and in darkness as if it were dim light. You can't discern color in darkness, only shades of gray. Long-Limbed When you make a melee attack on your turn, your reach for it is 5 feet greater than normal. Powerful Build You count as one size larger when determining your carrying capacity and the weight you can push, drag, or lift. Sneaky You are proficient in the Stealth skill. Surprise Attack If you surprise a creature and hit it with an attack on your first turn in combat, the attack deals an extra 2d6 damage to it. You can use this trait only once per combat. Languages You can speak, read, and write Common and Goblin."
Bullywug,DMG,282,"Int -2, Cha -2",Medium,"20 ft., Swim 40 ft.","Amphibious You can breathe air and water. Speak with Frogs and Toads You can communicate simple concepts to frogs and toads when you speak in Bullywug. Swamp Camouflage You have advantage on Dexterity (Stealth) checks made to hide in swampy terrain. Standing Leap Your long jump is up to 20 feet and your high jump is up to 10 feet, with or without a running start. Languages You can speak, read, and write Bullywug."
Centaur,GGR,15,"Str +2, Wis +1",Medium,40 ft.,"Age Centaurs mature and age at about the same rate as humans. Alignment Centaurs are inclined toward neutrality. Those who join the Selesnya are more often neutral good, while those who join the Gruul are typically chaotic neutral. Size Centaurs stand between 6 and 7 feet tall, with their equine bodies reaching about 4 feet at the withers. Your size is Medium. Fey Your creature type is fey, rather than humanoid. Charge If you move at least 30 feet straight toward a target and then hit it with a melee weapon attack on the same turn, you can immediately follow that attack with a bonus action, making one attack against the target with your hooves. Hooves Your hooves are natural melee weapons, which you can use to make unarmed strikes. If you hit with them, you deal bludgeoning damage equal to 1d4 + your Strength modifier, instead of the bludgeoning damage normal for an unarmed strike. Equine Build You count as one size larger when determining your carrying capacity and the weight you can push or drag. In addition, any climb that requires hands and feet is especially difficult for you because of your equine legs. When you make such a climb, each foot of movement costs you 4 extra feet, instead of the normal 1 extra foot. Survivor You have proficiency in one of the following skills of your choice: Animal Handling, Medicine, Nature, or Survival. Languages You can speak, read, and write Common and Sylvan. Sylvan is widely spoken in the Selesnya Conclave, for it is rich in vocabulary to describe natural phenomena and spiritual forces."
Centaur,MOT,18,,,,
Centaur,MPMM,9,"Choose +2 / +1 or +1 / +1 / +1 from Str, Dex, Con, Int, Wis, Cha",Medium,40 ft.,"Creature Type You are a Fey. Charge If you move at least 30 feet straight toward a target and then hit it with a melee weapon attack on the same turn, you can immediately follow that attack with a bonus action, making one attack against the target with your hooves. Equine Build You count as one size larger when determining your carrying capacity and the weight you can push or drag. In addition, any climb that requires hands and feet is especially difficult for you because of your equine legs. When you make such a climb, each foot of movement costs you 4 extra feet instead of the normal 1 extra foot. Hooves You have hooves that you can use to make unarmed strikes. When you hit with them, the strike deals 1d6 + your Strength modifier bludgeoning damage, instead of the bludgeoning damage normal for an unarmed strike. Natural Affinity Your fey connection to nature gives you an intuitive connection to the natural world and the animals within it. You therefore have proficiency in one of the following skills of your choice: Animal Handling, Medicine, Nature, or Survival."
Changeling,ERLW,17,"Cha +2, Choose +1 to one ability from Str, Dex, Con, Int, Wis",Medium,30 ft.,"Age Changelings mature slightly faster than humans but share a similar lifespan—typically a century or less. While a changeling can transform to conceal their age, the effects of aging affect them similarly to humans. Alignment Changelings tend toward pragmatic neutrality, and few changelings embrace evil. Size Your size is Medium. Shapechanger As an action, you can change your appearance and your voice. You determine the specifics of the changes, including your coloration, hair length, and sex. You can also adjust your height and weight, but not so much that your size changes. You can make yourself appear as a member of another race, though none of your game statistics change. You can't duplicate the appearance of a creature you've never seen, and you must adopt a form that has the same basic arrangement of limbs that you have. Your clothing and equipment aren't changed by this trait. You stay in the new form until you use an action to revert to your true form or until you die. Changeling Instincts You gain proficiency with two of the following skills of your choice: Deception, Insight, Intimidation, and Persuasion. Languages You can speak, read, and write Common and two other languages of your choice."
Changeling,MPMM,10,"Choose +2 / +1 or +1 / +1 / +1 from Str, Dex, Con, Int, Wis, Cha","Small, Medium",30 ft.,"Creature Type You are a Fey. Size You are Medium or Small. You choose the size when you select this race. Changeling Instincts Thanks to your connection to the fey realm, you gain proficiency with two of the following skills of your choice: Deception, Insight, Intimidation, Performance, or Persuasion. Shapechanger As an action, you change your appearance and your voice. You determine the specifics of the changes, including your coloration, hair length, and sex. You can also adjust your height between Medium and Small. You can make yourself appear as a member of another race, though none of your game statistics change. You can't duplicate the appearance of an individual you've never seen, and you must adopt a form that has the same basic arrangement of limbs that you have. Your clothing and equipment aren't changed by this trait. You stay in the new form until you use an action to revert to your true form or until you die."
Custom Lineage,TCE,8,"Choose +2 to one ability from Str, Dex, Con, Int, Wis, Cha","Small, Medium",30 ft.,"Instead of choosing one of the game's races for your character at 1st level, you can use the following traits to represent your character's lineage, giving you full control over how your character's origin shaped them: Creature Type You are a humanoid. You determine your appearance and whether you resemble any of your kin. Size You are Small or Medium (your choice). Feat You gain one of your choice for which you qualify. Variable Trait You gain one of the following options of your choice: (a) darkvision with a range of 60 feet or (b) proficiency in one skill of your choice. Languages You can speak, read, and write Common and one other language that you and your DM agree is appropriate for your character. Your race is considered to be a Custom Lineage for any game feature that requires a certain race, such as elf or dwarf."
Deep Gnome,MPMM,11,"Choose +2 / +1 or +1 / +1 / +1 from Str, Dex, Con, Int, Wis, Cha",Small,30 ft.,"Creature Type You are a Humanoid. You are also considered a gnome for any prerequisite or effect that requires you to be a gnome. Darkvision You can see in dim light within 120 feet of you as if it were bright light and in darkness as if it were dim light. You discern colors in that darkness only as shades of gray. Gift of the Svirfneblin Starting at 3rd level, you can cast the disguise self spell with this trait. Starting at 5th level, you can also cast the nondetection spell with it, without requiring a material component. Once you cast either of these spells with this trait, you can't cast that spell with it again until you finish a long rest. You can also cast these using spell slots you have of the appropriate level. Intelligence, Wisdom, or Charisma is your spellcasting ability for these spells when you cast them with this trait (choose when you select this race). Gnomish Magic Resistance You have advantage on Intelligence, Wisdom, and Charisma saving throws against spells. Svirfneblin Camouflage When you make a Dexterity (Stealth) check, you can make the check with advantage. You can use this trait a number of times equal to your proficiency bonus, and you regain all expended uses when you finish a long rest."
Deep Gnome,MTF,113,Dex +1,,,"Age Deep gnomes are short-lived for gnomes. They mature at the same rate humans do and are considered full-grown adults by 25. They live 200 to 250 years, although hard toil and the dangers of the Underdark often claim them before their time. Size Unlike other gnomes, svirfneblin tend to weigh 80 to 120 pounds. Your size is Small. Alignment Svirfneblin believe that survival depends on avoiding entanglements with other creatures and not making enemies, so they favor neutral alignments. They rarely wish others ill, and they are unlikely to take risks on behalf of others, except those dearest to them. Superior Darkvision Accustomed to life underground, you have superior vision in dark and dim conditions. You can see in dim light within 120 feet of you as if it were bright light, and in darkness as if it were dim light. You can't discern color in darkness, only shades of gray. Stone Camouflage You have advantage on Dexterity (Stealth) checks to hide in rocky terrain. Languages You can speak, read, and write Common, Gnomish, and Undercommon."
Dhampir,VRGR,16,"Choose +2 / +1 or +1 / +1 / +1 from Str, Dex, Con, Int, Wis, Cha","Small, Medium","35 ft., Climb","Size You are Medium or Small. You choose the size when you gain this lineage. Ancestral Legacy If you replace a race with this lineage, you can keep the following elements of that race: any skill proficiencies you gained from it and any climbing, flying, or swimming speed you gained from it. If you don't keep any of those elements or you choose this lineage at character creation, you gain proficiency in two skills of your choice. Darkvision You can see in dim light within 60 feet of you as if it were bright light and in darkness as if it were dim light. You discern colors in that darkness as shades of gray. Deathless Nature You don't need to breathe. Spider Climb You have a climbing speed equal to your walking speed. In addition, at 3rd level, you can move up, down, and across vertical surfaces and upside down along ceilings, while leaving your hands free. Vampiric Bite Your fanged bite is a natural weapon, which counts as a simple melee weapon with which you are proficient. You add your Constitution modifier, instead of your Strength modifier, to the attack and damage rolls when you attack with this bite. It deals 1d4 piercing damage on a hit. While you are missing half or more of your hit points, you have advantage on attack rolls you make with this bite. When you attack with this bite and hit a creature that isn't a Construct or an Undead, you can empower yourself in one of the following ways of your choice: You regain hit points equal to the piercing damage dealt by the bite. You gain a bonus to the next ability check or attack roll you make; the bonus equals the piercing damage dealt by the bite You can empower yourself with this bite a number of times equal to your proficiency bonus, and you regain all expended uses when you finish a long rest."
Dragonborn,PHB,32,"Str +2, Cha +1",Medium,30 ft.,"Age Young dragonborn grow quickly. They walk hours after hatching, attain the size and development of a 10-year-old human child by the age of 3, and reach adulthood by 15. They live to be around 80. Size Dragonborn are taller and heavier than humans, standing well over 6 feet tall and averaging almost 250 pounds. Your size is Medium. Draconic Ancestry You have draconic ancestry. Choose one type of dragon from the Draconic Ancestry table. Your breath weapon and damage resistance are determined by the dragon type, as shown in the table. Breath Weapon You can use your action to exhale destructive energy. Your draconic ancestry determines the size, shape, and damage type of the exhalation. When you use your breath weapon, each creature in the area of the exhalation must make a saving throw, the type of which is determined by your draconic ancestry. The DC for this saving throw equals 8 + your Constitution modifier + your proficiency bonus. A creature takes 2d6 damage on a failed save, and half as much damage on a successful one. The damage increases to 3d6 at 6th level, 4d6 at 11th level, and 5d6 at 16th level. After you use your breath weapon, you can't use it again until you complete a short or long rest. Damage Resistance You have resistance to the damage type associated with your draconic ancestry. Languages You can speak, read, and write Common and Draconic. Draconic is thought to be one of the oldest languages and is often used in the study of magic. The language sounds harsh to most other creatures and includes numerous hard consonants and sibilants."
Dragonborn (Chromatic),FTD,10,"Choose +2 / +1 or +1 / +1 / +1 from Str, Dex, Con, Int, Wis, Cha",Medium,30 ft.,"Chromatic Ancestry You have a chromatic dragon ancestor, granting you a special magical affinity. Choose one kind of dragon from the Chromatic Ancestry table. This determines the damage type for your other traits, as shown in the table. Breath Weapon When you take the Attack action on your turn, you can replace one of your attacks with an exhalation of magical energy in a 30-foot line that is 5 feet wide. Each creature in that area must make a Dexterity saving throw (DC = 8 + your Constitution modifier + your proficiency bonus). On a failed save, the creature takes 1d10 damage of the type associated with your Chromatic Ancestry. On a successful save, it takes half as much damage. This damage increases by 1d10 when you reach 5th level (2d10), 11th level (3d10), and 17th level (4d10). You can use your Breath Weapon a number of times equal to your proficiency bonus, and you regain all expended uses when you finish a long rest. Draconic Resistance You have resistance to the damage type associated with your Chromatic Ancestry. Chromatic Warding Starting at 5th level, as an action, you can channel your draconic energy to protect yourself. For 1 minute, you become immune to the damage type associated with your Chromatic Ancestry. Once you use this trait, you can't do so again until you finish a long rest."
Dragonborn (Gem),FTD,11,"Choose +2 / +1 or +1 / +1 / +1 from Str, Dex, Con, Int, Wis, Cha",Medium,30 ft.,"Gem Ancestry You have a gem dragon ancestor, granting you a special magical affinity. Choose one kind of dragon from the Gem Ancestry table. This determines the damage type for your other traits, as shown in the table. Breath Weapon When you take the Attack action on your turn, you can replace one of your attacks with an exhalation of magical energy in a 15-foot cone. Each creature in that area must make a Dexterity saving throw (DC = 8 + your Constitution modifier + your proficiency bonus). On a failed save, the creature takes 1d10 damage of the type associated with your Gem Ancestry. On a successful save, it takes half as much damage. This damage increases by 1d10 when you reach 5th level (2d10), 11th level (3d10), and 17th level (4d10). You can use your Breath Weapon a number of times equal to your proficiency bonus, and you regain all expended uses when you finish a long rest. Draconic Resistance You have resistance to the damage type associated with your Gem Ancestry. Psionic Mind You can send telepathic messages to any creature you can see within 30 feet of you. You don't need to share a language with the creature for it to understand these messages, but it must be able to understand at least one language to comprehend them. Gem Flight Starting at 5th level, you can use a bonus action to manifest spectral wings on your body. These wings last for 1 minute. For the duration, you gain a flying speed equal to your walking speed and can hover. Once you use this trait, you can't do so again until you finish a long rest."
Dragonborn (Metallic),FTD,12,"Choose +2 / +1 or +1 / +1 / +1 from Str, Dex, Con, Int, Wis, Cha",Medium,30 ft.,"Metallic Ancestry You have a metallic dragon ancestor, granting you a special magical affinity. Choose one kind of dragon from the Metallic Ancestry table. This determines the damage type for your other traits, as shown in the table. Breath Weapon When you take the Attack action on your turn, you can replace one of your attacks with an exhalation of magical energy in a 15-foot cone. Each creature in that area must make a Dexterity saving throw (DC = 8 + your Constitution modifier + your proficiency bonus). On a failed save, the creature takes 1d10 damage of the type associated with your Metallic Ancestry. On a successful save, it takes half as much damage. This damage increases by 1d10 when you reach 5th level (2d10), 11th level (3d10), and 17th level (4d10). You can use your Breath Weapon a number of times equal to your proficiency bonus, and you regain all expended uses when you finish a long rest. Draconic Resistance You have resistance to the damage type associated with your Metallic Ancestry. Metallic Breath Weapon At 5th level, you gain a second breath weapon. When you take the Attack action on your turn, you can replace one of your attacks with an exhalation in a 15-foot cone. The save DC for this breath is 8 + your Constitution modifier + your proficiency bonus. Whenever you use this trait, choose one: Enervating Breath Each creature in the cone must succeed on a Constitution saving throw or become incapacitated until the start of your next turn. Repulsion Breath Each creature in the cone must succeed on a Strength saving throw or be pushed 20 feet away from you and be knocked prone. Once you use your Metallic Breath Weapon, you can't do so again until you finish a long rest."
Dragonborn Draconblood,EGW,168,"Int +2, Cha +1",,,"Darkvision You can see in dim light within 60 feet of you as if it were bright light, and in darkness as if it were dim light. You can't discern color in darkness, only shades of gray. Forceful Presence You can use your understanding of creative diplomacy or intimidation to guide a conversation in your favor. When you make a Charisma (Intimidation or Persuasion) check, you can do so with advantage. Once you use this trait, you can't do so again until you finish a short or long rest. Draconic Ancestry You have draconic ancestry. Choose one type of dragon from the Draconic Ancestry table. Your breath weapon is determined by the dragon type, as shown in the table."
Dragonborn Ravenite,EGW,168,"Str +2, Con +1",,,"Darkvision You can see in dim light within 60 feet of you as if it were bright light, and in darkness as if it were dim light. You can't discern color in darkness, only shades of gray. Vengeful Assault When you take damage from a creature in range of a weapon you are wielding, you can use your reaction to make an attack with the weapon against that creature. Once you use this trait, you can't do so again until you finish a short or long rest. Draconic Ancestry You have draconic ancestry. Choose one type of dragon from the Draconic Ancestry table. Your breath weapon is determined by the dragon type, as shown in the table."
Dragonborn Variant,PHB,32,,,,
Drow,PHB,24,Cha +1,,,"Superior Darkvision Accustomed to the depths of the Underdark, you have superior vision in dark and dim conditions. You can see in dim light within 120 feet of you as if it were bright light, and in darkness as if it were dim light. You can't discern color in darkness, only shades of gray. Sunlight Sensitivity You have disadvantage on attack rolls and on Wisdom (Perception) checks that rely on sight when you, the target of your attack, or whatever you are trying to perceive is in direct sunlight. Drow Magic You know the dancing lights cantrip. When you reach 3rd level, you can cast the faerie fire spell once with this trait; you regain the ability to cast it when you finish a long rest. When you reach 5th level, you can also cast the darkness spell once per day with this trait; you regain the ability to cast it when you finish a long rest. Charisma is your spellcasting ability for these spells. Drow Weapon Training You have proficiency with rapier, shortsword, and hand crossbow."
Duergar,MPMM,12,"Choose +2 / +1 or +1 / +1 / +1 from Str, Dex, Con, Int, Wis, Cha",Medium,30 ft.,"Creature Type You are a Humanoid. You are also considered a dwarf for any prerequisite or effect that requires you to be a dwarf. Darkvision You can see in dim light within 120 feet of you as if it were bright light and in darkness as if it were dim light. You discern colors in that darkness only as shades of gray. Duergar Magic Starting at 3rd level, you can cast the enlarge/reduce spell on yourself with this trait, without requiring a material component. Starting at 5th level, you can also cast the invisibility spell on yourself with this trait, without requiring a material component. Once you cast either of these spells with this trait, you can't cast that spell with it again until you finish a long rest. You can also cast these spells using spell slots you have of the appropriate level. Intelligence, Wisdom, or Charisma is your spellcasting ability for these spells when you cast them with this trait (choose when you select this race). Dwarven Resilience You have advantage on saving throws you make to avoid or end the poisoned condition on yourself. You also have resistance to poison damage. Psionic Fortitude You have advantage on saving throws you make to avoid or end the charmed or stunned condition on yourself."
Dwarf,PHB,18,Con +2,Medium,25 ft.,"Age Dwarves mature at the same rate as humans, but they're considered young until they reach the age of 50. On average, they live about 350 years. Size Dwarves stand between 4 and 5 feet tall and average about 150 pounds. Your size is Medium. Speed Your speed is not reduced by wearing heavy armor. Darkvision Accustomed to life underground, you have superior vision in dark and dim conditions. You can see in dim light within 60 feet of you as if it were bright light, and in darkness as if it were dim light. You can't discern color in darkness, only shades of gray. Dwarven Resilience You have advantage on saving throws against poison, and you have resistance against poison damage. Dwarven Combat Training You have proficiency with the battleaxe, handaxe, light hammer, and warhammer. Tool Proficiency You gain proficiency with the artisan's tools of your choice: Smith's tools, brewer's supplies, or mason's tools. Stonecunning Whenever you make an Intelligence (History) check related to the origin of stonework, you are considered proficient in the History skill and add double your proficiency bonus to the check, instead of your normal proficiency bonus. Languages You can speak, read, and write Common and Dwarvish. Dwarvish is full of hard consonants and guttural sounds, and those characteristics spill over into whatever other language a dwarf might speak."
Dwarf Duergar,MTF,81,Str +1,,,"Superior Darkvision Accustomed to life underground, you have superior vision in dark and dim conditions. You can see in dim light within 120 feet of you as if it were bright light, and in darkness as if it were dim light. You can't discern color in darkness, only shades of gray. Duergar Resilience You have advantage on saving throws against poison, and you have resistance against poison damage. You also have advantage on saving throws against illusions and against being charmed or paralyzed. Languages You can speak, read, and write Common, Dwarvish, and Undercommon. Duergar Magic When you reach 3rd level, you can cast the Enlarge/Reduce spell on yourself once with this trait, using only the spell's enlarge option. When you reach 5th level, you can cast the Invisibility spell on yourself once with this trait. You don't need material components for either spell, and you can't cast them while you're in direct sunlight, although sunlight has no effect on them once cast. You regain the ability to cast these spells with this trait when you finish a long rest. Intelligence is your spellcasting ability for these spells. Sunlight Sensitivity You have disadvantage on attack rolls and Wisdom (Perception) checks that rely on sight when you, the target of your attack, or whatever you are trying to perceive is in direct sunlight."
Dwarf Mark of Warding,ERLW,51,Int +1,,,"Warder's Intuition When you make an Intelligence (Investigation) check or an ability check using thieves' tools, you can roll a d4 and add the number rolled to the ability check. Wards and Seals You can cast the alarm and mage armor spells with this trait. Starting at 3rd level, you can also cast the arcane lock spell with it. Once you cast any of these spells with this trait, you can't cast that spell with it again until you finish a long rest. Intelligence is your spellcasting ability for these spells, and you don't need material components for them when you cast them with this trait. Spells of the Mark If you have the Spellcasting or the Pact Magic class feature, the spells on the Mark of Warding Spells table are added to the spell list of your spellcasting class."
Eladrin,DMG,286,Int +1,,,"Elf Weapon Training You have proficiency with the longsword, shortsword, shortbow, and longbow. Fey Step You can cast the misty step spell once using this trait. You regain the ability to do so when you finish a short or long rest."
Eladrin,MPMM,13,"Choose +2 / +1 or +1 / +1 / +1 from Str, Dex, Con, Int, Wis, Cha",Medium,30 ft.,"Choose your eladrin's season: autumn, winter, spring, or summer. When finishing a long rest, you can change your season. See the ""Info"" tab for more information. Creature Type You are a Humanoid. You are also considered an elf for any prerequisite or effect that requires you to be an elf. Darkvision You can see in dim light within 60 feet of you as if it were bright light and in darkness as if it were dim light. You discern colors in that darkness only as shades of gray. Fey Ancestry You have advantage on saving throws you make to avoid or end the charmed condition on yourself. Fey Step As a bonus action, you can magically teleport up to 30 feet to an unoccupied space you can see. You can use this trait a number of times equal to your proficiency bonus, and you regain all expended uses when you finish a long rest. When you reach 3rd level, your Fey Step gain an additional effect based on your season; if the effect requires a saving throw, the DC equals 8 + your proficiency bonus + your Intelligence, Wisdom, or Charisma modifier (choose when you select this race): Autumn Immediately after you use your Fey Step, up to two creatures of your choice that you can see within 10 feet of you must succeed on a Wisdom saving throw or be charmed by you for 1 minute, or until you or your companions deal any damage to the creatures. Winter When you use your Fey Step, one creature of your choice that you can see within 5 feet of you before you teleport must succeed on a Wisdom saving throw or be frightened of you until the end of your next turn. Spring When you use your Fey Step, you can touch one willing creature within 5 feet of you. That creature then teleports instead of you, appearing in an unoccupied space of your choice that you can see within 30 feet of you. Summer Immediately after you use your Fey Step, each creature of your choice that you can see within 5 feet of you takes fire damage equal to your proficiency bonus. Keen Senses You have proficiency in the Perception skill. Trance You don't need to sleep, and magic can't put you to sleep. You can finish a long rest in 4 hours if you spend those hours in a trancelike meditation, during which you retain consciousness. Whenever you finish this trance, you can change your season, and you can gain two proficiencies that you don't have, each one with a weapon or a tool of your choice selected from the Player's Handbook. You mystically acquire these proficiencies by drawing them from shared elven memory, and you retain them until you finish your next long rest."
Eladrin,MTF,61,Cha +1,,,"Choose your eladrin's season: autumn, winter, spring, or summer. When finishing a long rest, you can change your season. See the ""Info"" tab for more information. Fey Step As a bonus action, you can magically teleport up to 30 feet to an unoccupied space you can see. Once you use this trait, you can't do so again until you finish a short or long rest. When you reach 3rd level, your Fey Step gains an additional effect based on your season; if the effect requires a saving throw, the DC equals 8 + your proficiency bonus + your Charisma modifier: Autumn Immediately after you use your Fey Step, up to two creatures of your choice that you can see within 10 feet of you must succeed on a Wisdom saving throw or be charmed by you for 1 minute, or until you or your companions deal any damage to it. Winter When you use your Fey Step, one creature of your choice that you can see within 5 feet of you before you teleport must succeed on a Wisdom saving throw or be frightened of you until the end of your next turn. Spring When you use your Fey Step, you can touch one willing creature within 5 feet of you. That creature then teleports instead of you, appearing in an unoccupied space of your choice that you can see within 30 feet of you. Summer Immediately after you use your Fey Step, each creature of your choice that you can see within 5 feet of you takes fire damage equal to your Charisma modifier (minimum of 1 damage)."
Elf,PHB,21,Dex +2,Medium,30 ft.,"Age Although elves reach physical maturity at about the same age as humans, the elven understanding of adulthood goes beyond physical growth to encompass worldly experience. An elf typically claims adulthood and an adult name around the age of 100 and can live to be 750 years old. Size Elves range from under 5 to over 6 feet tall and have slender builds. Your size is Medium. Darkvision Accustomed to twilit forests and the night sky, you have superior vision in dark and dim conditions. You can see in dim light within 60 feet of you as if it were bright light, and in darkness as if it were dim light. You can't discern color in darkness, only shades of gray. Keen Senses You have proficiency in the Perception skill. Fey Ancestry You have advantage on saving throws against being charmed, and magic can't put you to sleep. Trance Elves don't need to sleep. Instead, they meditate deeply, remaining semiconscious, for 4 hours a day. (The Common word for such meditation is ""trance."") While meditating, you can dream after a fashion; such dreams are actually mental exercises that have become reflexive through years of practice. After resting in this way, you gain the same benefit that a human does from 8 hours of sleep. If you meditate during a long rest, you finish the rest after only 4 hours. You otherwise obey all the rules for a long rest; only the duration is changed. Languages You can speak, read, and write Common and Elvish. Elvish is fluid, with subtle intonations and intricate grammar. Elven literature is rich and varied, and their songs and poems are famous among other races. Many bards learn their language so they can add Elvish ballads to their repertoires."
Elf Mark of Shadow,ERLW,49,Cha +1,,,"Cunning Intuition When you make a Charisma (Performance) or Dexterity (Stealth) check, you can roll a d4 and add the number rolled to the ability check. Shape Shadows You know the minor illusion cantrip. Starting at 3rd level, you can cast the invisibility spell once with this trait, and you regain the ability to cast it when you finish a long rest. Charisma is your spellcasting ability for these spells. Spells of the Mark If you have the Spellcasting or the Pact Magic class feature, the spells on the Mark of Shadow Spells table are added to the spell list of your spellcasting class."
Fairy,MPMM,14,"Choose +2 / +1 or +1 / +1 / +1 from Str, Dex, Con, Int, Wis, Cha",Small,"30 ft., Fly","Creature Type You are a Fey. Fairy Magic You know the druidcraft cantrip. Starting at 3rd level, you can cast the faerie fire spell with this trait. Starting at 5th level, you can also cast the enlarge/reduce spell with this trait. Once you cast faerie fire or enlarge/reduce with this trait, you can't cast that spell with it again until you finish a long rest. You can also cast either of those spells using any spell slots you have of the appropriate level. Intelligence, Wisdom, or Charisma is your spellcasting ability for these spells when you cast them with this trait (choose when you select this race). Flight Because of your wings, you have a flying speed equal to your walking speed. You can't use this flying speed if you're wearing medium or heavy armor."
Firbolg,MPMM,15,"Choose +2 / +1 or +1 / +1 / +1 from Str, Dex, Con, Int, Wis, Cha",Medium,30 ft.,"Firbolg Magic You can cast detect magic and disguise self spells with this trait. When you use this version of disguise self, you can seem up to 3 feet shorter or taller. Once you cast either of these spells with this trait, you can't cast that spell with it again until you finish a long rest. You can also cast these spells using any spell slots you have. Intelligence, Wisdom, or Charisma is your spellcasting ability for these spells when you cast them with this trait (choose when you select this race). Hidden Step As a bonus action, you can magically turn invisible until the start of your next turn or until you attack, make a damage roll, or force someone to make a saving throw. You can use this trait a number of times equal to your proficiency bonus, and you regain all expended uses when you finish a long rest. Powerful Build You count as one size larger when determining your carrying capacity and the weight you can push, drag, or lift. Speech of Beast and Leaf You have the ability to communicate in a limited manner with Beasts, Plants, and vegetation. They can understand the meaning of your words, though you have no special ability to understand them in return. You have advantage on all Charisma checks you make to influence them."
Firbolg,VGM,107,"Wis +2, Str +1",Medium,30 ft.,"Age As humanoids related to the fey, firbolg have long lifespans. A firbolg reaches adulthood around 30, and the oldest of them can live for 500 years. Size Firbolg are between 7 and 8 feet tall and weigh between 240 and 300 pounds. Your size is Medium. Firbolg Magic You can cast detect magic and disguise self with this trait, using Wisdom as your spellcasting ability for them. Once you cast either spell, you can't cast it again with this trait until you finish a short or long rest. When you use this version of disguise self, you can seem up to 3 feet shorter than normal, allowing you to more easily blend in with humans and elves. Hidden Step As a bonus action, you can magically turn invisible until the start of your next turn or until you attack, make a damage roll, or force someone to make a saving throw. Once you use this trait, you can't use it again until you finish a short or long rest. Powerful Build You count as one size larger when determining your carrying capacity and the weight you can push, drag, or lift. Speech of Beast and Leaf You have the ability to communicate in a limited manner with beasts and plants. They can understand the meaning of your words, though you have no special ability to understand them in return. You have advantage on all Charisma checks you make to influence them. Languages You can speak, read, and write Common, Elvish, and Giant."
Forest Gnome,PHB,37,Dex +1,,,"Natural Illusionist You know the minor illusion cantrip. Intelligence is your spellcasting ability for it. Speak with Small Beasts Through sounds and gestures, you can communicate simple ideas with Small or smaller beasts. Forest gnomes love animals and often keep squirrels, badgers, rabbits, moles, woodpeckers, and other creatures as beloved pets."
Genasi,EEPC,9,Con +2,Medium,30 ft.,"Age Genasi mature at about the same rate as humans and reach adulthood in their late teens. They live somewhat longer than humans do, up to 120 years. Alignment Independent and self-reliant, genasi tend toward a neutral alignment. Size Genasi are as varied as their mortal parents but are generally built like humans, standing anywhere from 5 feet to over 6 feet tall. Your size is Medium. Languages You can speak, read, and write Common and Primordial. Primordial is a guttural language, filled with harsh syllables and hard consonants."
Genasi,MPMM,16,"Choose +2 / +1 or +1 / +1 / +1 from Str, Dex, Con, Int, Wis, Cha","Small, Medium",30 ft.,Size You are Medium or Small. You choose the size when you select this race. Darkvision You can see in dim light within 60 feet of you as if it were bright light and in darkness as if it were dim light. You discern colors in that darkness only as shades of gray.
Genasi Air,EEPC,9,Dex +1,,,"Unending Breath You can hold your breath indefinitely while you're not incapacitated. Mingle with the Wind You can cast the levitate spell once with this trait, requiring no material components, and you regain the ability to cast it this way when you finish a long rest. Constitution is your spellcasting ability for this spell."
Genasi Air,MPMM,16,,,35 ft.,"Unending Breath You can hold your breath indefinitely while you're not incapacitated. Lightning Resistance You have resistance to lightning damage. Mingle with the Wind You know the shocking grasp cantrip. Starting at 3rd level, you can cast the feather fall spell with this trait, without requiring a material component. Starting 5th level, you can also cast the levitate spell with this trait, without requiring a material component. Once you cast feather fall or levitate with this trait, you can't cast that spell with it again until you finish a long rest. You can also cast either of those spells using any spell slots you have of the appropriate level. Intelligence, Wisdom, or Charisma is your spellcasting ability for these spells when you cast them with this trait (choose when you select this race)."
Genasi Earth,EEPC,9,Str +1,,,"Earth Walk You can move across difficult terrain made of earth or stone without expending extra movement. Merge with Stone You can cast the pass without trace spell once with this trait, requiring no material components, and you regain the ability to cast it this way when you finish a long rest. Constitution is your spellcasting ability for this spell."
Genasi Earth,MPMM,17,,,,"Earth Walk You can move across difficult terrain without expending extra movement if you are using your walking speed on the ground or a floor. Merge with Stone You know the blade ward cantrip. You can cast it as normal, and you can also cast it as a bonus action a number of times equal to your proficiency bonus, regaining all expended uses when you finish a long rest. Starting at 5th level, you can cast the pass without trace spell with this trait, without requiring a material component. Once you cast that spell with this trait, you can't do so again until you finish a long rest. You can also cast it using any spell slots you have of 2nd level or higher. Intelligence, Wisdom, or Charisma is your spellcasting ability for these spells when you cast them with this trait (choose when you select this race)."
Genasi Fire,EEPC,9,Int +1,,,"Darkvision You can see in dim light within 60 feet of you as if it were bright light, and in darkness as if it were dim light. Your ties to the Elemental Plane of Fire make your darkvision unusual: everything you see in darkness is in a shade of red. Fire Resistance You have resistance to fire damage. Reach to the Blaze You know the produce flame cantrip. Once you reach 3rd level, you can cast the burning hands spell once with this trait as a 1st-level spell, and you regain the ability to cast it this way when you finish a long rest. Constitution is your spellcasting ability for these spells."
Genasi Fire,MPMM,17,,,,"Fire Resistance You have resistance to fire damage. Reach to the Blaze You know the produce flame cantrip. Starting at 3rd level, you can cast the burning hands spell with this trait. Starting at 5th level, you can also cast the flame blade spell with this trait, without a material component. Once you cast burning hands or flame blade with this trait, you can't cast that spell with it again until you finish a long rest. You can also cast either of those spells using any spell slots you have of the appropriate level. Intelligence, Wisdom, or Charisma is your spellcasting ability for these spells when you cast them with this trait (choose when you select this race)."
Genasi Water,EEPC,10,Wis +1,,"30 ft., Swim 30 ft.","Acid Resistance You have resistance to acid damage. Amphibious You can breathe air and water. Swim You have a swimming speed of 30 feet. Call to the Wave You know the shape water cantrip. When you reach 3rd level, you can cast the create or destroy water spell as a 2nd-level spell once with this trait, and you regain the ability to cast it this way when you finish a long rest. Constitution is your spellcasting ability for these spells."
Genasi Water,MPMM,17,,,"30 ft., Swim","Speed Your walking speed is 30 feet, and you have a swimming speed equal to your walking speed. Acid Resistance You have resistance to acid damage. Amphibious You breathe air and water. Call to the Wave You know the acid splash cantrip. Starting at 3rd level, you can cast the create or destroy water spell with this trait. Starting at 5th level, you can also cast the water walk spell with this trait, without requiring a material component. Once you cast create or destroy water or water walk with this trait, you can't cast that spell with it again until you finish a long rest. You can also cast either of those spells using any spell slots you have of the appropriate level. Intelligence, Wisdom, or Charisma is your spellcasting ability for these spells when you cast them with this trait (choose when you select this race)."
Giff,AAG,12,"Choose +2 / +1 or +1 / +1 / +1 from Str, Dex, Con, Int, Wis, Cha",Medium,"30 ft., Swim","Astral Spark Your psychic connection to the Astral Plane enables you to mystically access a spark of divine power, which you can channel through your weapons. When you hit a target with a simple or martial weapon, you can cause the target to take extra force damage equal to your proficiency bonus. You can use this trait a number of times equal to your proficiency bonus, but you can use it no more than once per turn. You regain all expended uses when you finish a long rest. Firearms Mastery You have a mystical connection to firearms that traces back to the gods of the giff, who delighted in such weapons. You have proficiency with all firearms and ignore the loading property of any firearm. In addition, attacking at long range with a firearm doesn't impose disadvantage on your attack roll. Hippo Build You have advantage on Strength-based ability checks and Strength saving throws. In addition, you count as one size larger when determining your carrying capacity and the weight you can push, drag, or lift."
Gith,MTF,96,Int +1,Medium,30 ft.,"Age Gith reach adulthood in their late teens and live for about a century. Size Gith are taller and leaner than humans, with most a slender 6 feet in height. Languages You can speak, read, and write Common and Gith."
Githyanki,MPMM,18,"Choose +2 / +1 or +1 / +1 / +1 from Str, Dex, Con, Int, Wis, Cha",Medium,30 ft.,"Astral Knowledge You can mystically access a reservoir of experiences of entities connected to the Astral Plane. Whenever you finish a long rest, you gain proficiency in one skill of your choice and with one weapon or tool of your choice, selected from the Player's Handbook, as you momentarily project your consciousness into the Astral Plane. These proficiencies last until the end of your next long rest. Githyanki Psionics You know the mage hand cantrip, and the hand is invisible when you cast the cantrip with this trait. Starting at 3rd level, you can cast the jump spell with this trait. Starting at 5th level, you can also cast misty step with it. Once you cast jump or misty step with this trait, you can't cast that spell with it again until you finish a long rest. You can also cast either of those spells using any spell slots you have of the appropriate level. Intelligence, Wisdom, or Charisma is your spellcasting ability for these spells when you cast them with this trait (choose when you select this race). None of these spells require spell components when you cast them with this trait. Psychic Resilience You have resistance to psychic damage."
Githyanki,MTF,96,Str +2,,,"Alignment Githyanki tend toward lawful evil. They are aggressive and arrogant, and they remain the faithful servants of their lich-queen, Vlaakith. Renegade githyanki tend toward chaos. Decadent Mastery You learn one language of your choice, and you are proficient with one skill or tool of your choice. In the timeless city of Tu'narath, githyanki have bountiful time to master odd bits of knowledge. Martial Prodigy You are proficient with light and medium armor and with shortsword, longsword, and greatsword. Githyanki Psionics You know the mage hand cantrip, and the hand is invisible when you cast the cantrip with this trait. When you reach 3rd level, you can cast jump once with this trait, and you regain the ability to do so when you finish a long rest. When you reach 5th level, you can cast the misty step spell once with this trait, and you regain the ability to do so when you finish a long rest. Intelligence is your spellcasting ability for these spells. When you cast them with this trait, they don't require components."
Githzerai,MPMM,19,"Choose +2 / +1 or +1 / +1 / +1 from Str, Dex, Con, Int, Wis, Cha",Medium,30 ft.,"Githzerai Psionics You know the mage hand cantrip, and the hand is invisible when you cast the cantrip with this trait. Starting at 3rd level, you can cast the shield spell with this trait. Starting at 5th level, you can also cast the detect thoughts spell with it. Once you cast shield or detect thoughts spell with this trait, you can't cast that spell with it again until you finish a long rest. You can also cast either of those spells using any spell slots you have of the appropriate level. Intelligence, Wisdom, or Charisma is your spellcasting ability for these spells when you cast them with this trait (choose when you select this race). None of these spells require spell components when you cast them with this trait. Mental Discipline Your innate psychic defenses grant you advantage on saving throws you make to avoid or end the charmed and frightened conditions on yourself. Psychic Resilience You have resistance to psychic damage."
Githzerai,MTF,96,Wis +2,,,"Alignment Githzerai tend toward lawful neutral. Their rigorous training in psychic abilities requires an implacable mental discipline. Mental Discipline You have advantage on saving throws against the charmed and frightened conditions. Under the tutelage of monastic masters, githzerai learn to govern their own minds. Githzerai Psionics You know the mage hand cantrip, and the hand is invisible when you cast the cantrip with this trait. When you reach 3rd level, you can cast shield once with this trait, and you regain the ability to do so when you finish a long rest. When you reach 5th level, you can cast the detect thoughts spell once with this trait, and you regain the ability to do so when you finish a long rest. Wisdom is your spellcasting ability for these spells. When you cast them with this trait, they don't require components."
Gnoll,DMG,282,"Str +2, Int -2",Medium,30 ft.,"Bite Your fanged maw is a natural weapon, which you can use to make unarmed strikes. If you hit with it, you deal piercing damage equal to 1d4 + your Strength modifier, instead of the bludgeoning damage normal for an unarmed strike. Darkvision You can see in dim light within 60 feet of you as if it were bright light, and in darkness as if it were dim light. You can't discern color in darkness, only shades of gray. Rampage When you reduce a creature to 0 hit points with a melee attack on your turn, you can take a bonus action to move up to half your speed and make a bite attack."
Gnome,PHB,35,Int +2,Small,25 ft.,"Age Gnomes mature at the same rate humans do, and most are expected to settle down into an adult life by around age 40. They can live 350 to almost 500 years. Size Gnomes are between 3 and 4 feet tall and average about 40 pounds. Your size is Small. Darkvision Accustomed to life underground, you have superior vision in dark and dim conditions. You can see in dim light within 60 feet of you as if it were bright light, and in darkness as if it were dim light. You can't discern color in darkness, only shades of gray. Gnome Cunning You have advantage on all Intelligence, Wisdom, and Charisma saving throws against magic. Languages You can speak, read, and write Common and Gnomish. The Gnomish language, which uses the Dwarvish script, is renowned for its technical treatises and its catalogs of knowledge about the natural world."
Gnome (Deep),DMG,282,"Str +1, Dex +2",Small,20 ft.,"Innate Spellcasting You have an innate ability to cast the following spells, requiring no material components: At will: nondetection (self only) 1/day each: blindness/deafness, blur, disguise self Intelligence is your spellcasting ability for these spells. Stone Camouflage You have advantage on Dexterity (Stealth) checks to hide in rocky terrain. Gnome Cunning You have advantage on Intelligence, Wisdom, and Charisma saving throws against magic. Superior Darkvision Accustomed to life underground, you have superior vision in dark and dim conditions. You can see in dim light within 120 feet of you as if it were bright light, and in darkness as if it were dim light. You can't discern color in darkness, only shades of gray. Languages You can speak, read, and write Gnomish, Terran, and Undercommon."
Gnome Deep/Svirfneblin,SCAG,115,Dex +1,,,"Age Deep gnomes are short-lived for gnomes. They mature at the same rate humans do and are considered full-grown adults by 25. They live 200 to 250 years, although hard toil and the dangers of the Underdark often claim them before their time. Alignment Svirfneblin believe that survival depends on avoiding entanglements with other creatures and not making enemies, so they favor neutral alignments. They rarely wish others ill, and they are unlikely to take risks on behalf of others. Size A typical svirfneblin stands about 3 to 3½ feet tall and weighs 80 to 120 pounds. Your size is Small. Superior Darkvision Accustomed to life underground, you have superior vision in dark and dim conditions. You can see in dim light within 120 feet of you as if it were bright light, and in darkness as if it were dim light. You can't discern color in darkness, only shades of gray. Stone Camouflage You have advantage on Dexterity (Stealth) checks to hide in rocky terrain. Languages You can speak, read, and write Common, Gnomish, and Undercommon. The svirfneblin dialect is more guttural than surface Gnomish, and most svirfneblin know only a little bit of Common, but those who deal with outsiders (and that includes you as an adventurer) pick up enough Common to get by in other lands."
Gnome Mark of Scribing,ERLW,47,Cha +1,,,"Gifted Scribe When you make an Intelligence (History) check or an ability check using calligrapher's supplies, you can roll a d4 and add the number rolled to the ability check. Scribe's Insight You know the message cantrip. You can also cast comprehend languages once with this trait, and you regain the ability to cast it when you finish a short or long rest. Starting at 3rd level, you can cast the magic mouth spell with this trait, and you regain the ability to cast it when you finish a long rest. Intelligence is your spellcasting ability for these spells. Spells of the Mark If you have the Spellcasting or the Pact Magic class feature, the spells on the Mark of Scribing Spells table are added to the spell list of your spellcasting class."
Goblin,DMG,282,"Str -2, Dex +2",Small,30 ft.,"Nimble Escape You can take the Disengage or Hide action as a bonus action on each of your turns. Darkvision Accustomed to life underground, you have superior vision in dark and dim conditions. You can see in dim light within 60 feet of you as if it were bright light, and in darkness as if it were dim light. You can't discern color in darkness, only shades of gray. Languages You can speak, read, and write Common and Goblin."
Goblin,ERLW,26,,Small,,
Goblin,GGR,16,,,,
Goblin,MPMM,20,"Choose +2 / +1 or +1 / +1 / +1 from Str, Dex, Con, Int, Wis, Cha",Small,30 ft.,"Creature Type You are a Humanoid. You are also considered a goblinoid for any prerequisite or effect that requires you to be a goblinoid. Darkvision You can see in dim light within 60 feet of you as if it were bright light and in darkness as if it were in dim light. You discern colors in that darkness only as shades of gray. Fey Ancestry You have advantage on saving throws you make to avoid or end the charmed condition on yourself. Fury of the Small When you damage a creature with an attack or a spell and the creature's size is larger than yours, you can cause the attack or spell to deal extra damage to the creature. The extra damage equals your proficiency bonus. You can use this trait a number of times equal to your proficiency bonus, regaining all expended uses when you finish a long rest, and you can use it no more than once per turn. Nimble Escape You can take the Disengage or Hide action as a bonus action on each of your turns."
Goblin,VGM,119,"Dex +2, Con +1",Small,30 ft.,"Age Goblins reach adulthood at age 8 and live up to 60 years. Size Goblins are between 3 and 4 feet tall and weigh between 40 and 80 pounds. Your size is Small. Darkvision You can see in dim light within 60 feet of you as if it were bright light, and in darkness as if it were dim light. You can't discern color in darkness, only shades of gray. Fury of the Small When you damage a creature with an attack or a spell and the creature's size is larger than yours, you can cause the attack or spell to deal extra damage to the creature. The extra damage equals your level. Once you use this trait, you can't use it again until you finish a short or long rest. Nimble Escape You can take the Disengage or Hide action as a bonus action on each of your turns. Languages You can speak, read, and write Common and Goblin."
Goliath,MPMM,21,"Choose +2 / +1 or +1 / +1 / +1 from Str, Dex, Con, Int, Wis, Cha",Medium,30 ft.,"Little Giant You have proficiency in the Athletics skill, and you count as one size larger when determining your carrying weight and the weight you can push, drag, or lift. Mountain Born You have resistance to cold damage. You also naturally acclimate to high altitudes, even if you've never been to one. This includes elevations above 20,000 feet. Stone's Endurance You can supernaturally draw on unyielding stone to shrug off harm. When you take damage, you can use your reaction to roll a d12. Add your Constitution modifier to the number rolled and reduce the damage by that total. You can use this trait a number of times equal to your proficiency bonus, and you regain all expended uses when you finish a long rest."
Goliath,VGM,108,"Str +2, Con +1",Medium,30 ft.,"Age Goliaths have lifespans comparable to humans. They enter adulthood in their late teens and usually live less than a century. Size Goliaths are between 7 and 8 feet tall and weigh between 280 and 340 pounds. Your size is Medium. Natural Athlete You have proficiency in the Athletics skill. Stone's Endurance You can focus yourself to occasionally shrug off injury. When you take damage, you can use your reaction to roll a d12. Add your Constitution modifier to the number rolled, and reduce the damage by that total. After you use this trait, you can't use it again until you finish a short or long rest. Powerful Build You count as one size larger when determining your carrying capacity and the weight you can push, drag, or lift. Mountain Born You have resistance to cold damage. You're also acclimated to high altitude, including elevations above 20,000 feet. Languages You can speak, read, and write Common and Giant."
Grimlock,DMG,282,"Str +2, Cha -2",Medium,30 ft.,"Blindsight You have no eyes, and cannot be blinded. You can perceive your surroundings within 30 ft., or 10 ft. while deafened. You are considered blind beyond this radius. Keen Hearing and Smell You have advantage on Wisdom (Perception) checks that rely on hearing or smell. Stone Camouflage You have advantage on Dexterity (Stealth) checks made to hide in rocky terrain. Languages You can speak, read, and write Undercommon."
Hadozee,AAG,13,"Choose +2 / +1 or +1 / +1 / +1 from Str, Dex, Con, Int, Wis, Cha","Small, Medium","30 ft., Climb","Size You are Medium or Small. You choose the size when you select this race. Dexterous Feet As a bonus action, you can use your feet to manipulate an object, open or close a door or container, or pick up or set down a Tiny object. Glide When you fall at least 10 feet above the ground, you can use your reaction to extend your skin membranes to glide horizontally a number of feet equal to your walking speed, and you take 0 damage from the fall. You determine the direction of the glide. Hadozee Dodge The magic that runs in your veins heightens your natural defenses. When you take damage, you can use your reaction to roll a d6. Add your proficiency bonus to the number rolled, and reduce the damage you take by an amount equal to that total (minimum of 0 damage). You can use this trait a number of times equal to your proficiency bonus. You regain all expended uses when you finish a long rest."
Half-Elf,PHB,38,"Cha +2, Choose +1 to 2 abilities from Str, Dex, Con, Int, Wis",Medium,30 ft.,"Age Half-elves mature at the same rate humans do and reach adulthood around the age of 20. They live much longer than humans, however, often exceeding 180 years. Size Half-elves are about the same size as humans, ranging from 5 to 6 feet tall. Your size is Medium. Darkvision Thanks to your elf blood, you have superior vision in dark and dim conditions. You can see in dim light within 60 feet of you as if it were bright light, and in darkness as if it were dim light. You can't discern color in darkness, only shades of gray. Fey Ancestry You have advantage on saving throws against being charmed, and magic can't put you to sleep. Skill Versatility You gain proficiency in two skills of your choice. Languages You can speak, read, and write Common, Elvish, and one extra language of your choice."
Half-Elf Variant,PHB,38,,,,
Half-Elf Variant; Aquatic Elf Descent,SCAG,116,,,30 ft.,Variant Feature (Choose 1) Skill Versatility You gain proficiency in two skills of your choice. Swim You gain a swimming speed of 30 ft.
Half-Elf Variant; Drow Descent,SCAG,116,,,,"Variant Feature (Choose 1) Skill Versatility You gain proficiency in two skills of your choice. Drow Magic You know the dancing lights cantrip. When you reach 3rd level, you can cast the faerie fire spell once per day; you must finish a long rest in order to cast the spell again using this trait. When you reach 5th level, you can also cast the darkness spell once per day; you must finish a long rest in order to cast the spell again using this trait. Charisma is your spellcasting ability for these spells."
Half-Elf Variant; Mark of Detection,ERLW,40,"Wis +2, Choose +1 to one ability from Str, Dex, Con, Int, Cha",,,"Deductive Intuition When you make an Intelligence (Investigation) or a Wisdom (Insight) check, you can roll a d4 and add the number rolled to the ability check. Magical Detection You can cast the detect magic and detect poison and disease spells with this trait. Starting at 3rd level, you can also cast the see invisibility spell with it. Once you cast any of these spells with this trait, you can't cast that spell with it again until you finish a long rest. Wisdom is your spellcasting ability for these spells, and you don't require material components for them. Spells of the Mark If you have the Spellcasting or the Pact Magic class feature, the spells on the Mark of Detection Spells table are added to the spell list of your spellcasting class."
Half-Elf Variant; Mark of Storm,ERLW,50,"Cha +2, Dex +1",,,"Windwright's Intuition When you make a Dexterity (Acrobatics) check or any ability check involving navigator's tools, you can roll a d4 and add the number rolled to the ability check. Storm's Boon You have resistance to lightning damage. Headwinds You know the gust cantrip. Starting at 3rd level, you can cast the gust of wind spell once with this trait, and you regain the ability to cast it when you finish a long rest. Charisma is your spellcasting ability for these spells. Spells of the Mark If you have the Spellcasting or the Pact Magic class feature, the spells on the Mark of Storm Spells table are added to the spell list of your spellcasting class."
Half-Elf Variant; Moon Elf or Sun Elf Descent,SCAG,116,,,,"Variant Feature (Choose 1) Skill Versatility You gain proficiency in two skills of your choice. Elf Weapon Training You have proficiency with the longsword, shortsword, shortbow, and longbow. Cantrip You know one cantrip of your choice from the wizard spell list. Intelligence is your spellcasting ability for it."
Half-Elf Variant; Wood Elf Descent,SCAG,116,,,,"Variant Feature (Choose 1) Skill Versatility You gain proficiency in two skills of your choice. Elf Weapon Training You have proficiency with the longsword, shortsword, shortbow, and longbow. Fleet of Foot Your base walking speed increases to 35 feet. Mask of the Wild You can attempt to hide even when you are only lightly obscured by foliage, heavy rain, falling snow, mist, and other natural phenomena."
Half-Orc,PHB,40,"Str +2, Con +1",Medium,30 ft.,"Age Half-orcs mature a little faster than humans, reaching adulthood around age 14. They age noticeably faster and rarely live longer than 75 years. Size Half-orcs are somewhat larger and bulkier than humans, and they range from 5 to well over 6 feet tall. Your size is Medium. Darkvision Thanks to your orc blood, you have superior vision in dark and dim conditions. You can see in dim light within 60 feet of you as if it were bright light, and in darkness as if it were dim light. You can't discern color in darkness, only shades of gray. Menacing You gain proficiency in the Intimidation skill. Relentless Endurance When you are reduced to 0 hit points but not killed outright, you can drop to 1 hit point instead. You can't use this feature again until you finish a long rest. Savage Attacks When you score a critical hit with a melee weapon attack, you can roll one of the weapon's damage dice one additional time and add it to the extra damage of the critical hit. Languages You can speak, read, and write Common and Orc. Orc is a harsh, grating language with hard consonants. It has no script of its own but is written in the Dwarvish script."
Half-Orc Variant,PHB,40,,,,
Half-Orc Variant; Mark of Finding,ERLW,41,,,,"Darkvision You can see in dim light within 60 feet of you as if it were bright light, and in darkness as if it were dim light. You can't discern color in darkness, only shades of gray. Hunter's Intuition When you make a Wisdom (Perception) or Wisdom (Survival) check, you can roll a d4 and add the number rolled to the ability check. Finder's Magic You can cast the hunter's mark spell with this trait. Starting at 3rd level, you can also cast the locate object spell with it. Once you cast either spell with this trait, you can't cast that spell with it again until you finish a long rest. Wisdom is your spellcasting ability for these spells. Languages You can speak, read, and write Common and Goblin. Spells of the Mark If you have the Spellcasting or the Pact Magic class feature, the spells on the Mark of Finding Spells table are added to the spell list of your spellcasting class."
Halfling,PHB,26,Dex +2,Small,25 ft.,"Age A halfling reaches adulthood at the age of 20 and generally lives into the middle of his or her second century. Size Halflings average about 3 feet tall and weigh about 40 pounds. Your size is Small. Lucky When you roll a 1 on an attack roll, ability check, or saving throw, you can reroll the die and must use the new roll. Brave You have advantage on saving throws against being frightened. Halfling Nimbleness You can move through the space of any creature that is of a size larger than yours. Languages You can speak, read, and write Common and Halfling. The Halfling language isn't secret, but halflings are loath to share it with others. They write very little, so they don't have a rich body of literature. Their oral tradition, however, is very strong. Almost all halflings speak Common to converse with the people in whose lands they dwell or through which they are traveling."
Halfling Ghostwise,SCAG,110,Wis +1,,,Silent Speech You can speak telepathically to any creature within 30 feet of you. The creature understands you only if the two of you share a language. You can speak telepathically in this way to one creature at a time.
Halfling Lotusden,EGW,164,Wis +1,,,"Child of the Wood You know the druidcraft cantrip. When you reach 3rd level, you can cast the entangle spell once with this trait and regain the ability to do so when you finish a long rest. When you reach 5th level, you can cast the spike growth spell once with this trait and regain the ability to do so when you finish a long rest. Casting these spells with this trait doesn't require material components. Wisdom is your spellcasting ability for these spells. Timberwalk Ability checks made to track you have disadvantage, and you can move across difficult terrain made of nonmagical plants and undergrowth without expending extra movement."
Halfling Mark of Healing,ERLW,43,Wis +1,,,"Medical Intuition When you make a Wisdom (Medicine) check or an ability check using an herbalism kit, you can roll a d4 and add the number rolled to the ability check. Healing Touch You can cast the cure wounds spell with this trait. Starting at 3rd level, you can also cast lesser restoration with it. Once you cast either spell with this trait, you can't cast that spell with it again until you finish a long rest. Wisdom is your spellcasting ability for these spells. Spells of the Mark If you have the Spellcasting or the Pact Magic class feature, the spells on the Mark of Healing Spells table are added to the spell list of your spellcasting class."
Halfling Mark of Hospitality,ERLW,44,Cha +1,,,"Ever Hospitable When you make a Charisma (Persuasion) check or an ability check involving brewer's supplies or cook's utensils, you can roll a d4 and add the number rolled to the ability check. Innkeeper's Magic You know the prestidigitation cantrip. You can also cast the purify food and drink and unseen servant spells with this trait. Once you cast either spell with this trait, you can't cast that spell with it again until you finish long rest. Charisma is your spellcasting ability for these spells. Spells of the Mark If you have the Spellcasting or the Pact Magic class feature, the spells on the Mark of Hospitality Spells table are added to the spell list of your spellcasting class."
Harengon,MPMM,22,"Choose +2 / +1 or +1 / +1 / +1 from Str, Dex, Con, Int, Wis, Cha","Small, Medium",30 ft.,"Size You are Medium or Small. You choose the size when you select this race. Hare-Trigger You can add your proficiency bonus to your initiative rolls. Leporine Senses You have proficiency in the Perception skill. Lucky Footwork When you fail a Dexterity saving throw, you can use your reaction to roll a d4 and add it to the save, potentially turning the failure into a success. You can't use this reaction if you're prone or your speed is 0. Rabbit Hop As a bonus action, you can jump a number of feet equal to five times your proficiency bonus, without provoking opportunity attacks. You can use this trait only if your speed is greater than 0. You can use it a number of times equal to your proficiency bonus, and you regain all expended uses when you finish a long rest."
Hexblood,VRGR,18,"Choose +2 / +1 or +1 / +1 / +1 from Str, Dex, Con, Int, Wis, Cha","Small, Medium",30 ft.,"Creature Type You are a Fey. Size You are Medium or Small. You choose the size when you gain this lineage. Ancestral Legacy If you replace a race with this lineage, you can keep the following elements of that race: any skill proficiencies you gained from it and any climbing, flying, or swimming speed you gained from it. If you don't keep any of those elements or you choose this lineage at character creation, you gain proficiency in two skills of your choice. Darkvision You can see in dim light within 60 feet of you as if it were bright light and in darkness as if it were dim light. You discern colors in that darkness as shades of gray. Eerie Token As a bonus action, you can harmlessly remove a lock of your hair, one of your nails, or one of your teeth. This token is imbued with magic until you finish a long rest. While the token is imbued in this way, you can take these actions: Telepathic Message As an action, you can send a telepathic message to the creature holding or carrying the token, as long as you are within 10 miles of it. The message can contain up to twenty-five words. Remote Viewing If you are within 10 miles of the token, you can enter a trance as an action. The trance lasts for 1 minute, but it ends early if you dismiss it (no action required) or are incapacitated. During this trance, you can see and hear from the token as if you were located where it is. While you are using your senses at the token's location, you are blinded and deafened in regard to your own surroundings. When the trance ends, the token is harmlessly destroyed. Once you create a token using this feature, you can't do so again until you finish a long rest, at which point your missing part regrows. Hex Magic You can cast the disguise self and hex spells with this trait. Once you cast either of these spells with this trait, you can't cast that spell with it again until you finish a long rest. You can also cast these spells using any spell slots you have. Intelligence, Wisdom, or Charisma is your spellcasting ability for these spells (choose the ability when you gain this lineage). Becoming a Hag Hags can undertake a ritual to irreversibly transform a hexblood they created into a new hag, either one of their own kind or that embodies the hexblood's nature. This requires that both the hag and hexblood be in the same place and consent to the lengthy ritual—circumstances most hexbloods shun but might come to accept over the course of centuries. Once a hexblood undergoes this irreversible ritual, they emerge as a hag NPC no longer under the control of the hexblood's player, unless the DM rules otherwise."
High Elf,PHB,23,Int +1,,30 ft.,"Elf Weapon Training You have proficiency with the longsword, shortsword, shortbow, and longbow. Cantrip You know one cantrip of your choice from the wizard spell list. Intelligence is your spellcasting ability for it. Extra Language You can speak, read, and write one extra language of your choosing."
Hill Dwarf,PHB,20,Wis +1,,,"Dwarven Toughness Your hit point maximum increases by 1, and it increases by 1 every time you gain a level."
Hobgoblin,DMG,282,,Medium,30 ft.,"Martial Advantage Once per turn, you can deal an extra 2d6 damage to a creature you hit with a weapon attack if that creature is within 5 ft. of an ally of yours that isn't incapacitated. Darkvision You can see in dim light within 60 feet of you as if it were bright light, and in darkness as if it were dim light. You can't discern color in darkness, only shades of gray. Languages You can speak, read, and write Common and Goblin."
Hobgoblin,ERLW,26,,,,
Hobgoblin,MPMM,23,"Choose +2 / +1 or +1 / +1 / +1 from Str, Dex, Con, Int, Wis, Cha",Medium,30 ft.,"Creature Type You are a Humanoid. You are also considered a goblinoid for any prerequisite or effect that requires you to be a goblinoid. Darkvision You can see in dim light within 60 feet of you as if it were bright light and in darkness as if it were dim light. You discern colors in that darkness only as shades of gray. Fey Ancestry You have advantage on saving throws you make to avoid or end the charmed condition on yourself. Fey Gift You can use this trait to take the Help action as a bonus action, and you can do so a number of times equal to your proficiency bonus. You regain all expended uses when you finish a long rest. Starting at 3rd level, choose one of the options below each time you take the Help action with this trait: Hospitality You and the creature you help each gain a number of temporary hit points equal to 1d6 plus your proficiency bonus. Passage You and the creature you help each increase your walking speeds by 10 feet until the start of your next turn. Spite Until the start of your next turn, the first time the creature you help hits a target with an attack roll, that target has disadvantage on the next attack roll it makes within the next minute. Fortune from the Many If you miss with an attack roll or fail an ability check or a saving throw, you can draw on your bonds of reciprocity to gain a bonus to the roll equal to the number of allies you can see within 30 feet of you (maximum bonus of +3). You can use this trait a number of times equal to your proficiency bonus, and you regain all expended uses when you finish a long rest."
Hobgoblin,VGM,119,"Con +2, Int +1",Medium,30 ft.,"Age Hobgoblins mature at the same rate as humans and have lifespans similar in length to theirs. Size Hobgoblins are between 5 and 6 feet tall and weigh between 150 and 200 pounds. Your size is Medium. Darkvision You can see in dim light within 60 feet of you as if it were bright light, and in darkness as if it were dim light. You can't discern color in darkness, only shades of gray. Martial Training You are proficient with two martial weapons of your choice and with light armor. Saving Face Hobgoblins are careful not to show weakness in front of their allies, for fear of losing status. If you miss with an attack roll or fail an ability check or a saving throw, you can gain a bonus to the roll equal to the number of allies you can see within 30 feet of you (maximum bonus of +5). Once you use this trait, you can't use it again until you finish a short or long rest. Languages You can speak, read, and write Common and Goblin."
Human,PHB,29,,Medium,30 ft.,"Age Humans reach adulthood in their late teens and live less than a century. Size Humans vary widely in height and build, from barely 5 feet to well over 6 feet tall. Regardless of your position in that range, your size is Medium. Languages You can speak, read, and write Common and one extra language of your choice. Humans typically learn the languages of other peoples they deal with, including obscure dialects. They are fond of sprinkling their speech with words borrowed from other tongues: Orc curses, Elvish musical expressions, Dwarvish military phrases, and so on."
Human,PHB,29,"Str +1, Dex +1, Con +1, Int +1, Wis +1, Cha +1",,,
Human Mark of Handling,ERLW,42,"Wis +2, Choose +1 to one ability from Str, Dex, Con, Int, Cha",,,"Wild Intuition When you make a Wisdom (Animal Handling) or Intelligence (Nature) check, you can roll a d4 and add the number rolled to the ability check. Primal Connection You can cast the animal friendship and speak with animals spells with this trait, requiring no material component. Once you cast either spell with this trait, you can't cast that spell with it again until you finish a short or long rest. Wisdom is your spellcasting ability for these spells. The Bigger They Are Starting at 3rd level, you can target a beast or monstrosity when you cast animal friendship or speak with animals, provided the creature's Intelligence score is 3 or lower. Spells of the Mark If you have the Spellcasting or the Pact Magic class feature, the spells on the Mark of Handling Spells table are added to the spell list of your spellcasting class."
Human Mark of Making,ERLW,45,"Int +2, Choose +1 to one ability from Str, Dex, Con, Wis, Cha",,,"Artisan's Intuition When you make an Arcana check or an ability check involving artisan's tools, you can roll a d4 and add the number rolled to the ability check. Maker's Gift You gain proficiency with one type of artisan's tools of your choice. Spellsmith You know the mending cantrip. You can also cast the magic weapon spell with this trait. When you do so, the spell lasts for 1 hour and doesn't require . Once you cast the spell with this trait, you can't do so again until you finish a long rest. Intelligence is your spellcasting ability for these spells. Spells of the Mark If you have the Spellcasting or the Pact Magic class feature, the spells on the Mark of Making Spells table are added to the spell list of your spellcasting class."
Human Mark of Passage,ERLW,46,"Dex +2, Choose +1 to one ability from Str, Con, Int, Wis, Cha",,35 ft.,"Courier's Speed Your base walking speed increases to 35 feet. Intuitive Motion When you make a Dexterity (Acrobatics) check or any ability check to operate or maintain a land vehicle, you can roll a d4 and add the number rolled to the ability check. Magical Passage You can cast the misty step spell once with this trait, and you regain the ability to cast it when you finish a long rest. Dexterity is your spellcasting ability for this spell. Spells of the Mark If you have the Spellcasting or the Pact Magic class feature, the spells on the Mark of Passage Spells table are added to the spell list of your spellcasting class."
Human Mark of Sentinel,ERLW,48,"Con +2, Wis +1",,,"Sentinel's Intuition When you make a Wisdom (Insight) or Wisdom (Perception) check, you can roll a d4 and add the number rolled to the ability check. Guardian's Shield You can cast the shield spell once with this trait, and you regain the ability to cast it after you finish a long rest. Wisdom is your spellcasting ability for this spell. Vigilant Guardian When a creature you can see within 5 feet of you is hit by an attack roll, you can use your reaction to swap places with that creature, and you are hit by the attack instead. Once you use this trait, you can't do so again until you finish a long rest. Spells of the Mark If you have the Spellcasting or the Pact Magic class feature, the spells on the Mark of Sentinel Spells table are added to the spell list of your spellcasting class."
Human Variant,PHB,31,"Choose +1 to 2 abilities from Str, Dex, Con, Int, Wis, Cha",,,Skills You gain proficiency in one skill of your choice. Feat You gain one of your choice.
Human Variant; Mark of Finding,ERLW,41,"Con +1, Wis +2",,,"Darkvision You can see in dim light within 60 feet of you as if it were bright light, and in darkness as if it were dim light. You can't discern color in darkness, only shades of gray. Hunter's Intuition When you make a Wisdom (Perception) or Wisdom (Survival) check, you can roll a d4 and add the number rolled to the ability check. Finder's Magic You can cast the hunter's mark spell with this trait. Starting at 3rd level, you can also cast the locate object spell with it. Once you cast either spell with this trait, you can't cast that spell with it again until you finish a long rest. Wisdom is your spellcasting ability for these spells. Languages You can speak, read, and write Common and Goblin. Spells of the Mark If you have the Spellcasting or the Pact Magic class feature, the spells on the Mark of Finding Spells table are added to the spell list of your spellcasting class."
Kalashtar,ERLW,29,"Wis +2, Cha +1",Medium,30 ft.,"Age Kalashtar mature and age at the same rate as humans. Alignment The noble spirit tied to a kalashtar drives it toward lawful and good behavior. Most kalashtar combine strong self-discipline with compassion for all beings, but some kalashtar resist the virtuous influence of their spirit. Size Your size is Medium. Dual Mind You have advantage on all Wisdom saving throws. Mental Discipline You have resistance to psychic damage. Mind Link You can speak telepathically to any creature you can see, provided the creature is within a number of feet of you equal to 10 times your level. You don't need to share a language with the creature for it to understand your telepathic utterances, but the creature must be able to understand at least one language. When you're using this trait to speak telepathically to a creature, you can use your action to give that creature the ability to speak telepathically with you for 1 hour or until you end this effect as an action. To use this ability, the creature must be able to see you and must be within this trait's range. You can give this ability to only one creature at a time; giving it to a creature takes it away from another creature who has it. Severed from Dreams Kalashtar sleep, but they don't connect to the plane of dreams as other creatures do. Instead, their minds draw from the memories of their otherworldly spirit while they sleep. As such, you are immune to spells and other magical effects that require you to dream, like dream, but not to spells and other magical effects that put you to sleep, like sleep. Languages You can speak, read, and write Common, Quori, and one other language of your choice."
Kenku,DMG,282,Dex +2,Medium,30 ft.,"Ambusher In the first round of a combat, you have advantage on attack rolls against any creature who is . Mimicry You can mimic any sounds you have heard, including voices. A creature that hears the sounds can tell they are imitations with a successful 14 Wisdom (Insight) check. Languages You can read and write Common and Auran, but you can only speak using your Mimicry trait."
Kenku,MPMM,24,"Choose +2 / +1 or +1 / +1 / +1 from Str, Dex, Con, Int, Wis, Cha","Small, Medium",30 ft.,"Size Your size is Medium or Small. You choose the size when you select this race. Expert Duplication When you copy writing or craftwork produced by yourself or someone else, you have advantage on any ability checks you make to produce an exact duplicate. Kenku Recall Thanks to your supernaturally good memory, you have proficiency in two skills of your choice. Moreover, when you make an ability check using any skill in which you have proficiency, you can give yourself advantage on the check before rolling the d20. You can give yourself advantage in this way a number of times equal to your proficiency bonus, and you regain all expended uses when you finish a long rest. Mimicry You can accurately mimic sounds you have heard, including voices. A creature that hears the sounds you make can tell they are imitations only with a successful Wisdom (Insight) check against a DC of 8 + your proficiency bonus + your Charisma modifier."
Kenku,VGM,109,"Dex +2, Wis +1",Medium,30 ft.,"Age Kenku have shorter lifespans than humans. They reach maturity at about 12 years old and can live to 60. Size Kenku are around 5 feet tall and weigh between 90 and 120 pounds. Your size is Medium. Expert Forgery You can duplicate other creatures' handwriting and craftwork. You have advantage on all checks made to produce forgeries or duplicates of existing objects. Kenku Training You are proficient in your choice of two of the following skills: Acrobatics, Deception, Stealth, and Sleight of Hand. Mimicry You can mimic sounds you have heard, including voices. A creature that hears the sounds can tell they are imitations with a successful Wisdom (Insight) check opposed by your Charisma (Deception) check. Languages You can read and write Common and Auran, but you can only speak using your Mimicry trait."
Kobold,DMG,282,"Dex +2, Str -4",Small,30 ft.,"Pack Tactics You have advantage on an attack roll against a creature if at least one of your allies is within 5 feet of the creature and the ally isn't incapacitated. Sunlight Sensitivity You have disadvantage on attack rolls and on Wisdom (Perception) checks that rely on sight when you, the target of your attack, or whatever you are trying to perceive is in direct sunlight. Darkvision Accustomed to life underground, you have superior vision in dark and dim conditions. You can see in dim light within 60 feet of you as if it were bright light, and in darkness as if it were dim light. You can't discern color in darkness, only shades of gray. Languages You can speak, read, and write Common and Draconic."
Kobold,MPMM,25,"Choose +2 / +1 or +1 / +1 / +1 from Str, Dex, Con, Int, Wis, Cha",Small,30 ft.,"Darkvision You can see in dim light within 60 feet of you as if it were bright light, and in darkness as if it were in dim light. You discern colors in that darkness only as shades of gray. Draconic Cry As a bonus action, you let out a cry at your enemies within 10 feet of you. Until the start of your next turn, you and your allies have advantage on attack rolls against any of those enemies who could hear you. You can use this trait a number of times equal to your proficiency bonus, and you regain all expended uses when you finish a long rest. Kobold Legacy Kobold's connections to dragons can manifest in unpredictable ways in an individual kobold. Choose one of the following legacy options for your kobold. Craftiness You have proficiency in one of the following skills of your choice: Arcana, Investigation, Medicine, Sleight of Hand, or Survival. Defiance You have advantage on saving throws to avoid or end the frightened condition on yourself. Draconic Sorcery You know one cantrip of your choice from the sorcerer spell list. Intelligence, Wisdom, or Charisma is your spellcasting ability for that cantrip (choose when you select this race)."
Kobold,VGM,119,Dex +2,Small,30 ft.,"Age Kobolds reach adulthood at age 6 and can live up to 120 years but rarely do so. Size Kobolds are between 2 and 3 feet tall and weigh between 25 and 35 pounds. Your size is Small. Darkvision You can see in dim light within 60 feet of you as if it were bright light, and in darkness as if it were dim light. You can't discern color in darkness, only shades of gray. Grovel, Cower, and Beg As an action on your turn, you can cower pathetically to distract nearby foes. Until the end of your next turn, your allies gain advantage on attack rolls against enemies within 10 feet of you that you can see. Once you use this trait, you can't use it again until you finish a short or long rest. Pack Tactics You have advantage on an attack roll against a creature if at least one of your allies is within 5 feet of the creature and the ally isn't incapacitated. Sunlight Sensitivity You have disadvantage on attack rolls and on Wisdom (Perception) checks that rely on sight when you, the target of your attack, or whatever you are trying to perceive is in direct sunlight. Languages You can speak, read, and write Common and Draconic."
Kuo-Toa,DMG,282,,Medium,"30 ft., Swim 30 ft.","Amphibious You can breathe air and water. Otherworldly Perception You can sense the presence of any creature within 30 feet of you that is invisible or on the Ethereal Plane. You can pinpoint such a creature that is moving. Slippery You have advantage on ability checks and saving throws made to escape a grapple. Sunlight Sensitivity While in sunlight, you have disadvantage on attack rolls, as well as on Wisdom (Perception) checks that rely on sight. Superior Darkvision You have superior vision in dark and dim conditions. You can see in dim light within 120 feet of you as if it were bright light, and in darkness as if it were dim light. You can't discern color in darkness, only shades of gray. Languages You can speak, read, and write Undercommon."
Leonin,MOT,20,"Str +1, Con +2",Medium,35 ft.,"Age Leonin mature and age at about the same rate as humans. Alignment Leonin tend toward good alignments. Leonin who are focused on the pride lean toward lawful good. Size Leonin are typically over 6 feet tall, with some standing over 7 feet. Your size is Medium. Darkvision You can see in dim light within 60 feet of you as if it were bright light and in darkness as if it were dim light. You can't discern color in darkness, only shades of gray. Claws Your claws are natural weapons, which you can use to make unarmed strikes. If you hit with them, you can deal slashing damage equal to 1d4 + your Strength modifier, instead of the bludgeoning damage normal for an unarmed strike. Hunter's Instincts You have proficiency in one of the following skills of your choice: Athletics, Intimidation, Perception, or Survival. Daunting Roar As a bonus action, you can let out an especially menacing roar. Creatures of your choice within 10 feet of you that can hear you must succeed on a Wisdom saving throw or become frightened of you until the end of your next turn. The DC of the save equals 8 + your proficiency bonus + your Constitution modifier. Once you use this trait, you can't use it again until you finish a short or long rest. Languages You can speak, read, and write Common and Leonin."
Lightfoot Halfling,PHB,28,Cha +1,,,Naturally Stealthy You can attempt to hide even when you are obscured only by a creature that is at least one size larger than you.
Lizardfolk,DMG,282,"Str +2, Int -2",Medium,"30 ft., Swim 30 ft.","Hold Breath You can hold your breath for up to 15 minutes at a time. Natural Armor Your scales function as natural armor, granting you a +3 bonus to Armor Class. Languages You can speak, read, and write Draconic."
Lizardfolk,MPMM,26,"Choose +2 / +1 or +1 / +1 / +1 from Str, Dex, Con, Int, Wis, Cha",Medium,"30 ft., Swim","Speed Your walking speed is 30 feet, and you have a swimming speed equal to your walking speed. Bite You have a fanged maw that you can use to make unarmed strikes. When you hit with it, the strike deals 1d6 + your Strength modifier slashing damage, instead of the bludgeoning damage normal for an unarmed strike. Hold Breath You can hold your breath for up to 15 minutes at a time. Hungry Jaws You can throw yourself into a feeding frenzy. As a bonus action, you can make a special attack with your Bite. If the attack hits, it deals its normal damage, and you gain temporary hit points equal to your proficiency bonus. You can use this trait a number of times equal to your proficiency bonus, and you regain all expended uses when you finish a long rest. Natural Armor You have tough, scaly skin. When you aren't wearing armor, your base AC is 13 + Dexterity modifier. You can use your natural armor to determine your AC if the armor you wear would leave you with a lower AC. A shield's benefits apply as normal while you use your natural armor. Nature's Intuition Thanks to your mystical connection to nature, you gain proficiency with two of the following skills of your choice: Animal Handling, Medicine, Nature, Perception, Stealth, or Survival."
Lizardfolk,VGM,111,"Con +2, Wis +1",Medium,"30 ft., Swim 30 ft.","Age Lizardfolk reach maturity around age 14 and rarely live longer than 60 years. Size Lizardfolk are a little bulkier and taller than humans, and their colorful frills make them appear even larger. Your size is Medium. Swim Speed You have a swimming speed of 30 feet. Bite Your fanged maw is a natural weapon, which you can use to make unarmed strikes. If you hit with it, you deal piercing damage equal to 1d6 + your Strength modifier, instead of the bludgeoning damage normal for an unarmed strike. Cunning Artisan As part of a short rest, you can harvest bone and hide from a slain beast, construct, dragon, monstrosity, or plant creature of size small or larger to create one of the following items: a shield, a club, a javelin, or 1d4 dart or blowgun needle. To use this trait, you need a blade, such as a dagger, or appropriate artisan's tools, such as leatherworker's tools. Hold Breath You can hold your breath for up to 15 minutes at a time. Hunter's Lore You gain proficiency with two of the following skills of your choice: Animal Handling, Nature, Perception, Stealth, and Survival. Natural Armor You have tough, scaly skin. When you aren't wearing armor, your AC is 13 + your Dexterity modifier. You can use your natural armor to determine your AC if the armor you wear would leave you with a lower AC. A shield's benefits apply as normal while you use your natural armor. Hungry Jaws In battle, you can throw yourself into a vicious feeding frenzy. As a bonus action, you can make a special attack with your bite. If the attack hits, it deals its normal damage, and you gain temporary hit points equal to your Constitution modifier (minimum of 1), and you can't use this trait again until you finish a short or long rest. Languages You can speak, read, and write Common and Draconic."
Loxodon,GGR,17,"Con +2, Wis +1",Medium,30 ft.,"Age Loxodons physically mature at the same rate as humans, but they live about 450 years. They highly value the weight of wisdom and experience and are considered young until they reach the age of 60. Alignment Most loxodons are lawful, believing in the value of a peaceful, ordered life. They also tend toward good. Size Loxodons stand between 7 and 8 feet tall. Their massive bodies weigh between 300 and 400 pounds. Your size is Medium. Powerful Build You count as one size larger when determining your carrying capacity and the weight you can push, drag, or lift. Loxodon Serenity You have advantage on saving throws against being charmed or frightened. Natural Armor You have thick, leathery skin. When you aren't wearing armor, your AC is 12 + your Constitution modifier. You can use your natural armor to determine your AC if the armor you wear would leave you with a lower AC. A shield's benefits apply as normal while you use your natural armor. Tip: AC Calculations Don't Stack When the game gives you more than one way to calculate your Armor Class, you can use only one of them. You choose the one to use. For example, if you have the loxodon's Natural Armor trait and the monk's Unarmored Defense feature, you don't mix them together. Instead, you choose which one determines your AC. Trunk You can grasp things with your trunk, and you can use it as a snorkel. It has a reach of 5 feet, and it can lift a number of pounds equal to five times your Strength score. You can use it to do the following simple tasks: lift, drop, hold, push, or pull an object or a creature; open or close a door or a container; grapple someone; or make an unarmed strike. Your DM might allow other simple tasks to be added to that list of options. Your trunk can't wield weapons or shields or do anything that requires manual precision, such as using tools or magic items or performing the somatic components of a spell. Keen Smell Thanks to your sensitive trunk, you have advantage on Wisdom (Perception), Wisdom (Survival), and Intelligence (Investigation) checks that involve smell. Languages You can speak, read, and write Common and Loxodon."
Merfolk,DMG,282,,Medium,"10 ft., Swim 40 ft.","Amphibious You can breathe air and water. Languages You can speak, read, and write Common and Aquan."
Minotaur,GGR,18,"Str +2, Con +1",Medium,30 ft.,"These traits are also suitable for minotaurs in other D&D worlds where these people have avoided the demonic influence of Baphomet. Age Minotaurs enter adulthood at around the age of 17 and can live up to 150 years. Alignment Most minotaurs who join the Boros Legion lean toward lawful alignments, while those associated with the Cult of Rakdos or the Gruul Clans tend toward chaotic alignments. Size Minotaurs average over 6 feet in height, and they have stocky builds. Your size is Medium. Horns Your horns are natural melee weapons, which you can use to make unarmed strikes. If you hit with them, you deal piercing damage equal to 1d6 + your Strength modifier, instead of the bludgeoning damage normal for an unarmed strike. Goring Rush Immediately after you use the Dash action on your turn and move at least 20 feet, you can make one melee attack with your horns as a bonus action. Hammering Horns Immediately after you hit a creature with a melee attack as part of the Attack action on your turn, you can use a bonus action to attempt to shove that target with your horns. The target must be no more than one size larger than you and within 5 feet of you. Unless it succeeds on a Strength saving throw against a DC equal to 8 + your proficiency bonus + your Strength modifier, you push it up to 10 feet away from you. Imposing Presence You have proficiency in one of the following skills of your choice: Intimidation or Persuasion. Languages You can speak, read, and write Common and Minotaur."
Minotaur,MOT,22,,,,
Minotaur,MPMM,27,"Choose +2 / +1 or +1 / +1 / +1 from Str, Dex, Con, Int, Wis, Cha",Medium,30 ft.,"Horns You have horns that you can use to make unarmed strikes. When you hit with them, the strike deals 1d6 + your Strength modifier piercing damage, instead of the bludgeoning damage normal for an unarmed strike. Goring Rush Immediately after you take the Dash action on your turn and move at least 20 feet, you can make one melee attack with your Horns as a bonus action. Hammering Horns Immediately after you hit a creature with a melee attack as part of the Attack action on your turn, you can use a bonus action to attempt to push that target with your horns. The target must be within 5 feet of you and no more than one size larger than you. Unless it succeeds on a Strength saving throw against a DC equal to 8 + your proficiency bonus + your Strength modifier, you can push it up to 10 feet away from you. Labyrinthine Recall You always know which direction is north, and you have advantage on any Wisdom (Survival) check you make to navigate or track."
Mountain Dwarf,PHB,20,Str +2,,,Dwarven Armor Training You have proficiency with light and medium armor.
Orc,DMG,282,"Str +2, Int -2",Medium,30 ft.,"Aggressive As a bonus action, you can move up to your speed toward a hostile creature that you can see. Darkvision Accustomed to life underground, you have superior vision in dark and dim conditions. You can see in dim light within 60 feet of you as if it were bright light, and in darkness as if it were dim light. You can't discern color in darkness, only shades of gray. Languages You can speak, read, and write Common and Orc."
Orc,EGW,178,,,,
Orc,ERLW,31,"Str +2, Con +1",Medium,30 ft.,"Age Orcs reach adulthood at age 12 and live up to 50 years. Alignment The orcs of Eberron are a passionate people, given to powerful emotion and deep faith. They are generally chaotic, but can be any alignment. Size Your size is Medium. Darkvision You can see in dim light within 60 feet of you as if it were bright light, and in darkness as if it were dim light. You can't discern color in darkness, only shades of gray. Aggressive As a bonus action, you can move up to your movement speed toward a hostile creature you can see or hear. You must end this move closer to the enemy than you started. Primal Intuition You have proficiency in two of the following skills of your choice: Animal Handling, Insight, Intimidation, Medicine, Nature, Perception, and Survival. Powerful Build You count as one size larger when determining your carrying capacity and the weight you can push, drag, or lift. Languages You can speak, read, and write Common and Orc."
Orc,MPMM,28,"Choose +2 / +1 or +1 / +1 / +1 from Str, Dex, Con, Int, Wis, Cha",Medium,30 ft.,"Adrenaline Rush You can take the Dash action as a bonus action. You can use this trait a number of times equal to your proficiency bonus, and you regain all expended uses when you finish a long rest. Whenever you use this trait, you gain a number of temporary hit points equal to your proficiency bonus. Darkvision You can see in dim light within 60 feet of you as if it were bright light, and in darkness as if it were dim light. You discern colors in that darkness only as shades of gray. Powerful Build You count as one size larger when determining your carrying capacity and the weight you can push, drag, or lift. Relentless Endurance When you are reduced to 0 hit points but not killed outright, you can drop to 1 hit point instead. Once you use this trait, you can't do so again until you finish a long rest."
Orc,VGM,120,"Str +2, Con +1",Medium,30 ft.,"Age Orcs reach adulthood at age 12 and live up to 50 years. Size Orcs are usually over 6 feet tall and weigh between 230 and 280 pounds. Your size is Medium. Darkvision You can see in dim light within 60 feet of you as if it were bright light, and in darkness as if it were dim light. You can't discern color in darkness, only shades of gray. Aggressive As a bonus action, you can move up to your movement speed toward a hostile creature you can see or hear. You must end this move closer to the enemy than you started. Primal Intuition You have proficiency in two of the following skills of your choice: Animal Handling, Insight, Intimidation, Medicine, Nature, Perception, and Survival. Powerful Build You count as one size larger when determining your carrying capacity and the weight you can push, drag, or lift. Languages You can speak, read, and write Common and Orc."
Owlin,SCC,29,"Choose +2 / +1 or +1 / +1 / +1 from Str, Dex, Con, Int, Wis, Cha","Small, Medium","30 ft., Fly","Size You are Medium or Small. You choose the size when you select this race. Darkvision You can see in dim light within 120 feet of yourself as if it were bright light and in darkness as if it were dim light. You discern colors in that darkness only as shades of gray. Flight Thanks to your wings, you have a flying speed equal to your walking speed. You can't use this flying speed if you're wearing medium or heavy armor. Silent Feathers You have proficiency in the Stealth skill."
Pallid Elf,EGW,21,Wis +1,,,"Incisive Sense You have advantage on Intelligence (Investigation) and Wisdom (Insight) checks. Blessing of the Moon Weaver You know the light cantrip. When you reach 3rd level, you can cast the sleep spell once with this trait and regain the ability to do so when you finish a long rest. When you reach 5th level, you can cast the invisibility spell (targeting yourself only) once with this trait and regain the ability to do so when you finish a long rest. Casting these spells with this trait doesn't require material components. Wisdom is your spellcasting ability for these spells."
Plasmoid,AAG,14,"Choose +2 / +1 or +1 / +1 / +1 from Str, Dex, Con, Int, Wis, Cha","Small, Medium",30 ft.,"Creature Type You are an Ooze. Size You are Medium or Small. You choose the size when you select this race. Amorphous You can squeeze through a space as narrow as 1 inch wide, provided you are wearing and carrying nothing. You have advantage on ability checks you make to initiate or escape a grapple. Darkvision You can see in dim light within 60 feet of yourself as if it were bright light, and in darkness as if it were dim light. You discern colors in that darkness only as shades of gray. Hold Breath You can hold your breath for 1 hour. Natural Resilience You have resistance to acid and poison damage, and you have advantage on saving throws against being poisoned. Shape Self As an action, you can reshape your body to give yourself a head, one or two arms, one or two legs, and makeshift hands and feet, or you can revert to a limbless blob. While you have a humanlike shape, you can wear clothing and armor made for a Humanoid of your size. As a bonus action, you can extrude a pseudopod that is up to 6 inches wide and 10 feet long or reabsorb it into your body. As part of the same bonus action, you can use this pseudopod to manipulate an object, open or close a door or container, or pick up or set down a Tiny object. The pseudopod contains no sensory organs and can't attack, activate magic items, or lift more than 10 pounds."
Reborn,VRGR,20,"Choose +2 / +1 or +1 / +1 / +1 from Str, Dex, Con, Int, Wis, Cha","Small, Medium",30 ft.,"Size You are Medium or Small. You choose the size when you gain this lineage. Ancestral Legacy If you replace a race with this lineage, you can keep the following elements of that race: any skill proficiencies you gained from it and any climbing, flying, or swimming speed you gained from it. If you don't keep any of those elements or you choose this lineage at character creation, you gain proficiency in two skills of your choice. Deathless Nature You have escaped death, a fact represented by the following benefits: You have advantage on saving throws against disease and being poisoned, and you have resistance to poison damage. You have advantage on death saving throws. You don't need to eat, drink, or breathe. You don't need to sleep, and magic can't put you to sleep. You can finish a long rest in 4 hours if you spend those hours in an inactive, motionless state, during which you retain consciousness. Knowledge from a Past Life You temporarily remember glimpses of the past, perhaps faded memories from ages ago or a previous life. When you make an ability check that uses a skill, you can roll a d6 immediately after seeing the number on the d20 and add the number on the d6 to the check. You can use this feature a number of times equal to your proficiency bonus, and you regain all expended uses when you finish a long rest."
Rock Gnome,PHB,37,Con +1,,,"Artificer's Lore Whenever you make an Intelligence (History) check related to magic items, alchemical objects, or technological devices, you can add twice your proficiency bonus, instead of any proficiency bonus you normally apply. Tinker You have proficiency with artisan's tools (tinker's tools). Using those tools, you can spend 1 hour and 10 gp worth of materials to construct a Tiny clockwork device (AC 5, 1 hp). The device ceases to function after 24 hours (unless you spend 1 hour repairing it to keep the device functioning), or when you use your action to dismantle it; at that time, you can reclaim the materials used to create it. You can have up to three such devices active at a time. When you create a device, choose one of the following options: Clockwork Toy This toy is a clockwork animal, monster, or person, such as a frog, mouse, bird, dragon, or soldier. When placed on the ground, the toy moves 5 feet across the ground on each of your turns in a random direction. It makes noises as appropriate to the creature it represents. Fire Starter The device produces a miniature flame, which you can use to light a candle, torch, or campfire. Using the device requires your action. Music Box When opened, this music box plays a single song at a moderate volume. The box stops playing when it reaches the song's end or when it is closed."
Satyr,MOT,24,"Cha +2, Dex +1",Medium,35 ft.,"Age Satyrs mature and age at about the same rate as humans. Alignment Satyrs delight in living a life free of the mantle of law. They gravitate toward being good, but some have devious streaks and enjoy causing dismay. Size Satyrs range from just under 5 feet to about 6 feet in height, with generally slender builds. Your size is Medium. Fey Your creature type is fey, rather than humanoid. Ram You can use your head and horns to make unarmed strikes. If you hit with them, you deal bludgeoning damage equal to 1d4 + your Strength modifier. Magic Resistance You have advantage on saving throws against spells and other magical effects. Mirthful Leaps Whenever you make a long or high jump, you can roll a d8 and add the number rolled to the number of feet you cover, even when making a standing jump. This extra distance costs movement as normal. Reveler You have proficiency in the Performance and Persuasion skills, and you have proficiency with one musical instrument of your choice. Languages You can speak, read, and write Common and Sylvan."
Satyr,MPMM,29,"Choose +2 / +1 or +1 / +1 / +1 from Str, Dex, Con, Int, Wis, Cha",Medium,35 ft.,"Creature Type You are a Fey. Ram You can use your head and horns to make unarmed strikes. When you hit with them, the strike deals 1d6 + your Strength modifier bludgeoning damage, instead of the bludgeoning damage normal for an unarmed strike. Magic Resistance You have advantage on saving throws against spells. Mirthful Leaps Whenever you make a long jump or a high jump, you can roll a d8 and add the number rolled to the number of feet you cover, even when making a standing jump. This extra distance costs movement as usual. Reveler As an embodiment of revelry, you have proficiency in the Performance and Persuasion skills, and you have proficiency with one musical instrument of your choice."
Sea Elf,MPMM,30,"Choose +2 / +1 or +1 / +1 / +1 from Str, Dex, Con, Int, Wis, Cha",Medium,"30 ft., Swim","Creature Type You are a Humanoid. You are also considered an elf for any prerequisite or effect that requires you to be an elf. Speed Your walking speed is 30 feet, and you have a swimming speed equal to your walking speed. Child of the Sea You can breathe air and water, and you have resistance to cold damage. Darkvision You can see in dim light within 60 feet of you as if it were bright light and in darkness as if it were dim light. You discern colors in that darkness only as shades of gray. Fey Ancestry You have advantage on saving throws you make to avoid or end the charmed condition on yourself. Friend of the Sea Aquatic animals have an extraordinary affinity with your people. You can communicate simple ideas to any Beast that has a swimming speed. It can understand your words, though you have no special ability to understand it in return. Keen Senses You have proficiency in the Perception skill. Trance You don't need to sleep, and magic can't put you to sleep. You can finish a long rest in 4 hours if you spend those hours in a trancelike meditation, during which you retain consciousness. Whenever you finish this trance, you can gain two proficiencies that you don't have, each one with a weapon or a tool of your choice selected from the Player's Handbook. You mystically acquire these proficiencies by drawing them from shared elven memory, and you retain them until you finish your next long rest."
Sea Elf,MTF,62,Con +1,,"30 ft., Swim 30 ft.","Sea Elf Training You have proficiency with the spear, trident, light crossbow, and net. Child of the Sea You have a swimming speed of 30 feet, and you can breathe air and water. Friend of the Sea Using gestures and sounds, you can communicate simple ideas with any beast that has an innate swimming speed. Extra Language You can speak, read, and write Aquan."
Shadar-kai,MTF,62,Con +1,,,"Necrotic Resistance You have resistance to necrotic damage. Blessing of the Raven Queen As a bonus action, you can magically teleport up to 30 feet to an unoccupied space you can see. Once you use this trait, you can't do so again until you finish a long rest. Starting at 3rd level, you also gain resistance to all damage when you teleport using this trait. The resistance lasts until the start of your next turn. During that time, you appear ghostly and translucent."
Shadar-Kai,MPMM,31,"Choose +2 / +1 or +1 / +1 / +1 from Str, Dex, Con, Int, Wis, Cha",Medium,30 ft.,"Creature Type You are a Humanoid. You are also considered an elf for any prerequisite or effect that requires you to be an elf. Blessing of the Raven Queen As a bonus action, you can magically teleport up to 30 feet to an unoccupied space you can see. You can use this trait a number of times equal to your proficiency bonus, and you regain all expended uses when you finish a long rest. Starting at 3rd level, you also gain resistance to all damage when you teleport using this trait. The resistance lasts until the start of your next turn. During that time, you appear ghostly and translucent. Darkvision You can see in dim light within 60 feet of you as if it were bright light and in darkness as if it were dim light. You discern colors in that darkness only as shades of gray. Fey Ancestry You have advantage on saving throws you make to avoid or end the charmed condition on yourself. Keen Senses You have proficiency in the Perception skill. Necrotic Resistance You have resistance to necrotic damage. Trance You don't need to sleep, and magic can't put you to sleep. You can finish a long rest in 4 hours if you spend those hours in a trancelike meditation, during which you retain consciousness. Whenever you finish this trance, you can gain two proficiencies that you don't have, each one with a weapon or a tool of your choice selected from the Player's Handbook. You mystically acquire these proficiencies by drawing them from shared elven memory, and you retain them until you finish your next long rest."
Shifter,ERLW,33,,Medium,30 ft.,"Age Shifters are quick to mature both physically and emotionally, reaching young adulthood at age 10. They rarely live to be more than 70 years old. Alignment Shifters tend toward neutrality, being more focused on survival than concepts of good and evil. A love of personal freedom can drive shifters toward chaotic alignments. Size Your size is Medium. Speed Your base walking speed is 30 feet. Darkvision You have superior vision in dark and dim conditions. You can see in dim light within 60 feet of you as if it were bright light, and in darkness as if it were dim light. You can't discern color in darkness, only shades of gray. Shifting As a bonus action, you can assume a more bestial appearance. This transformation lasts for 1 minute, until you die, or until you revert to your normal appearance as a bonus action. When you shift, you gain temporary hit points equal to your level + your Constitution modifier (minimum of 1 temporary hit point). You also gain additional benefits that depend on your shifter subrace, described below. Once you shift, you can't do so again until you finish a short or long rest. Languages You can speak, read, and write Common."
Shifter,MPMM,32,"Choose +2 / +1 or +1 / +1 / +1 from Str, Dex, Con, Int, Wis, Cha",Medium,30 ft.,"Bestial Instincts Channeling the beast within, you have proficiency in one of the following skills of your choice: Acrobatics, Athletics, Intimidation, or Survival. Darkvision You can see in dim light within 60 feet of you as if it were bright light, and in darkness as if it were in dim light. You discern colors in that darkness only as shades of gray. Shifting As a bonus action, you can assume a more bestial appearance. This transformation lasts for 1 minute, until you die, or until you revert to your normal appearance as a bonus action. When you shift, you gain temporary hit points equal to 2 × your proficiency bonus. You can shift a number of times equal to your proficiency bonus, and you regain all expended uses when you finish a long rest. Whenever you shift, you gain an additional benefit based on one of the following options (choose when you select this race): Beasthide You gain 1d6 additional temporary hit points. While shifted, you have a +1 bonus to your Armor Class. Longtooth When you shift and as a bonus action on your other turns while shifted, you can use your elongated fangs to make an unarmed strike. If you hit with your fangs, you can deal piercing damage equal to 1d6 + your Strength modifier, instead of the bludgeoning damage normal for an unarmed strike. Swiftstride While shifted, your walking speed increases by 10 feet. Additionally, you can move up to 10 feet as a reaction when a creature ends its turn within 5 feet of you. This reactive movement doesn't provoke opportunity attacks. Wildhunt While shifted, you have advantage on Wisdom checks, and no creature within 30 feet of you can make an attack roll with advantage against you unless you're incapacitated."
Shifter Beasthide,ERLW,34,"Con +2, Str +1",,,"Natural Athlete You have proficiency in the Athletics skill. Shifting Feature Whenever you shift, you gain 1d6 additional temporary hit points. While shifted, you have a +1 bonus to your Armor Class."
Shifter Longtooth,ERLW,34,"Str +2, Dex +1",,,"Fierce You have proficiency in the Intimidation skill. Shifting Feature While shifted, you can use your elongated fangs to make an unarmed strike as a bonus action. If you hit with your fangs, you can deal piercing damage equal to 1d6 + your Strength modifier, instead of the bludgeoning damage normal for an unarmed strike."
Shifter Swiftstride,ERLW,34,"Dex +2, Cha +1",,,"Graceful You have proficiency in the Acrobatics skill. Shifting Feature While shifted, your walking speed increases by 10 feet. Additionally, you can move up to 10 feet as a reaction when a creature ends its turn within 5 feet of you. This reactive movement doesn't provoke opportunity attacks."
Shifter Wildhunt,ERLW,34,"Wis +2, Dex +1",,,"Natural Tracker You have proficiency in the Survival skill. Shifting Feature While shifted, you have advantage on Wisdom checks, and no creature within 30 feet of you can make an attack roll with advantage against you, unless you're incapacitated."
Simic Hybrid,GGR,20,"Con +2, Choose +1 to one ability from Str, Dex, Int, Wis, Cha",Medium,30 ft.,"Age Hybrids begin their lives as adult humans, elves, or vedalken. They age at a slightly accelerated rate, so their maximum life spans are probably reduced somewhat. The Guardian Project has not been operating long enough to observe the full effect of this phenomenon. Alignment Most hybrids share the generally neutral outlook of the Simic Combine. They are more interested in scientific research and the standing of their guild than in moral or ethical questions. Those who leave the Combine, however, often do so because their philosophical outlook and alignment are more in line with a different guild's. Size Your size is Medium, within the normal range of your humanoid base race. Darkvision You can see in dim light within 60 feet of you as if it were bright light, and in darkness as if it were dim light. You can't discern color in darkness, only shades of gray. Languages You can speak, read, and write Common and your choice of Elvish or Vedalken. Animal Enhancement Your body has been altered to incorporate certain animal characteristics. You choose one animal enhancement now and a second enhancement at 5th level. At 1st level, choose one of the following options: Manta Glide You have ray-like fins that you can use as wings to slow your fall or allow you to glide. When you fall and aren't incapacitated, you can subtract up to 100 feet from the fall when calculating falling damage, and you can move up to 2 feet horizontally for every 1 foot you descend. Nimble Climber You have a climbing speed equal to your walking speed. Underwater Adaptation You can breathe air and water, and you have a swimming speed equal to your walking speed. At 5th level, your body evolves further, developing new characteristics. Choose one of the options you didn't take at 1st level, or one of the following options: Grappling Appendage You have two special appendages growing alongside your arms. Choose whether they're both claws or tentacles. As an action, you can use one of them to try to grapple a creature. Each one is also a natural weapon, which you can use to make an unarmed strike. If you hit with it, the target takes bludgeoning damage equal to 1d6 + your Strength modifier, instead of the bludgeoning damage normal for an unarmed strike. Immediately after hitting, you can try to grapple the target as a bonus action. These appendages can't precisely manipulate anything and can't wield weapons, magic items, or other specialized equipment. Carapace Your skin in places is covered by a thick shell. You gain a +1 bonus to AC when you're not wearing heavy armor. Acid Spit As an action, you can spray acid from glands in your mouth, targeting one creature or object you can see within 30 feet of you. The target takes 2d10 acid damage unless it succeeds on a Dexterity saving throw against a DC equal to 8 + your Constitution modifier + your proficiency bonus. This damage increases by 1d10 when you reach 11th level (3d10) and 17th level (4d10). You can use this trait a number of times equal to your Constitution modifier (minimum of once), and you regain all expended uses of it when you finish a long rest."
Skeleton,DMG,282,"Dex +2, Int -4, Cha -4",Medium,30 ft.,"Creature Type You are Undead. Brittle Bones You are vulnerable to bludgeoning damage. Undead Nature You are immune to poison damage and exhaustion, and you can't be poisoned. You don't require air, food, drink, or sleep. Darkvision You can see in dim light within 60 feet of you as if it were bright light, and in darkness as if it were dim light. You can't discern color in darkness, only shades of gray. Languages You can't speak, but you can understand the languages you knew in life."
Stout Halfling,PHB,28,Con +1,,,"Stout Resilience You have advantage on saving throws against poison, and you have resistance against poison damage."
Tabaxi,MPMM,33,"Choose +2 / +1 or +1 / +1 / +1 from Str, Dex, Con, Int, Wis, Cha","Small, Medium","30 ft., Climb","Size You are Medium or Small. You choose the size when you select this race. Speed Your walking speed is 30 feet, and you have a climbing speed equal to your walking speed. Cat's Claws You can use your claws to make unarmed strikes. When you hit with them, the strike deals 1d6 + your Strength modifier slashing damage, instead of the bludgeoning damage normal for an unarmed strike. Cat's Talent You have proficiency in the Perception and Stealth skills. Darkvision You can see in dim light within 60 feet of you as if it were bright light and in darkness as if it were dim light. You discern colors in that darkness only as shades of gray. Feline Agility Your reflexes and agility allow you to move with a burst of speed. When you move on your turn in combat, you can double your speed until the end of the turn. Once you use this trait, you can't use it again until you move 0 feet on one of your turns."
Tabaxi,VGM,113,"Dex +2, Cha +1",Medium,"30 ft., Climb 20 ft.","Age Tabaxi have lifespans equivalent to humans. Size Tabaxi are taller on average than humans and relatively slender. Your size is Medium. Darkvision You have a cat's keen senses, especially in the dark. You can see in dim light within 60 feet of you as if it were bright light, and in darkness as if it were dim light. You can't discern color in darkness, only shades of gray. Feline Agility Your reflexes and agility allow you to move with a burst of speed. When you move on your turn in combat, you can double your speed until the end of the turn. Once you use this trait, you can't use it again until you move 0 feet on one of your turns. Cat's Claws Because of your claws, you have a climbing speed of 20 feet. In addition, your claws are natural weapons, which you can use to make unarmed strikes. If you hit with them, you deal slashing damage equal to 1d4 + your Strength modifier, instead of the bludgeoning damage normal for an unarmed strike. Cat's Talents You have proficiency in the Perception and Stealth skills. Languages You can speak, read, and write Common and one other language of your choice."
Thri-kreen,AAG,15,"Choose +2 / +1 or +1 / +1 / +1 from Str, Dex, Con, Int, Wis, Cha","Small, Medium",30 ft.,"Creature Type You are a Monstrosity. Size You are Medium or Small. You choose the size when you select this race. Chameleon Carapace While you aren't wearing armor, your carapace gives you a base Armor Class of 13 + your Dexterity modifier. As an action, you can change the color of your carapace to match the color and texture of your surroundings, giving you advantage on Dexterity (Stealth) checks made to hide in those surroundings. Darkvision You can see in dim light within 60 feet of yourself as if it were bright light, and in darkness as if it were dim light. You discern colors in that darkness only as shades of gray. Secondary Arms You have two slightly smaller secondary arms below your primary pair of arms. The secondary arms can manipulate an object, open or close a door or container, pick up or set down a Tiny object, or wield a weapon that has the light property. Sleepless You do not require sleep and can remain conscious during a long rest, though you must still refrain from strenuous activity to gain the benefit of the rest. Thri-kreen Telepathy Without the assistance of magic, you can't speak the non-thri-kreen languages you know. Instead you use telepathy to convey your thoughts. You have the magical ability to transmit your thoughts mentally to willing creatures within 120 feet of yourself. A contacted creature doesn't need to share a language with you to understand your thoughts, but it must be able to understand at least one language. Your telepathic link to a creature is broken if you and the creature move more than 120 feet apart, if either of you is incapacitated, or if either of you mentally breaks the contact (no action required)."
Tiefling,PHB,42,"Cha +2, Int +1",Medium,30 ft.,"Age Tieflings mature at the same rate as humans but live a few years longer. Size Tieflings are about the same size and build as humans. Your size is Medium. Darkvision Thanks to your infernal heritage, you have superior vision in dark and dim conditions. You can see in dim light within 60 feet of you as if it were bright light, and in darkness as if it were dim light. You can't discern color in darkness, only shades of gray. Hellish Resistance You have resistance to fire damage. Infernal Legacy You know the thaumaturgy cantrip. Once you reach 3rd level, you can cast the hellish rebuke spell as a 2nd-level spell with this trait; you regain the ability to cast it when you finish a long rest. Once you reach 5th level, you can also cast the darkness spell once per day with this trait; you regain the ability to cast it when you finish a long rest. Charisma is your spellcasting ability for these spells. Languages You can speak, read, and write Common and Infernal."
Tiefling Asmodeus,MTF,21,,,,
Tiefling Baalzebul,MTF,21,,,,"Legacy of Maladomini You know the thaumaturgy cantrip. When you reach 3rd level, you can cast the ray of sickness spell as a 2nd-level spell once with this trait and regain the ability to do so when you finish a long rest. When you reach 5th level, you can cast the crown of madness spell once with this trait and regain the ability to do so when you finish a long rest. Charisma is your spellcasting ability for these spells."
Tiefling Dispater,MTF,21,"Cha +2, Dex +1",,,"Legacy of Dis You know the thaumaturgy cantrip. When you reach 3rd level, you can cast the disguise self spell once with this trait and regain the ability to do so when you finish a long rest. When you reach 5th level, you can cast the detect thoughts spell once with this trait and regain the ability to do so when you finish a long rest. Charisma is your spellcasting ability for these spells."
Tiefling Fierna,MTF,21,"Cha +2, Wis +1",,,"Legacy of Phlegethos You know the friends cantrip. When you reach 3rd level, you can cast the charm person spell as a 2nd-level spell once with this trait and regain the ability to do so when you finish a long rest. When you reach 5th level, you can cast the suggestion spell once with this trait and regain the ability to do so when you finish a long rest. Charisma is your spellcasting ability for these spells."
Tiefling Glasya,MTF,22,"Cha +2, Dex +1",,,"Legacy of Malbolge You know the minor illusion cantrip. When you reach 3rd level, you can cast the disguise self spell once with this trait and regain the ability to do so when you finish a long rest. When you reach 5th level, you can cast the invisibility spell once with this trait and regain the ability to do so when you finish a long rest. Charisma is your spellcasting ability for these spells."
Tiefling Levistus,MTF,22,"Cha +2, Con +1",,,"Legacy of Stygia You know the ray of frost cantrip. When you reach 3rd level, you can cast the armor of Agathys spell as a 2nd-level spell once with this trait and regain the ability to do so when you finish a long rest. When you reach 5th level, you can cast the darkness spell once with this trait and regain the ability to do so when you finish a long rest. Charisma is your spellcasting ability for these spells."
Tiefling Mammon,MTF,22,,,,"Legacy of Minauros You know the mage hand cantrip. When you reach 3rd level, you can cast the Tenser's floating disk spell once with this trait and regain the ability to do so when you finish a short or long rest. When you reach 5th level, you can cast the arcane lock spell once with this trait, requiring no material component, and regain the ability to do so when you finish a long rest. Charisma is your spellcasting ability for these spells."
Tiefling Mephistopheles,MTF,23,,,,"Legacy of Cania You know the mage hand cantrip. When you reach 3rd level, you can cast the burning hands spell as a 2nd-level spell once with this trait and regain the ability to do so when you finish a long rest. When you reach 5th level, you can cast the flame blade spell once with this trait and regain the ability to do so when you finish a long rest. Charisma is your spellcasting ability for these spells."
Tiefling Variant,PHB,42,,,,
Tiefling Variant; Devil's Tongue,SCAG,118,"Int +1, Choose +2 to one ability from Dex, Cha",,,"Appearance Your tiefling might not look like other tieflings. Rather than having the physical characteristics described in the Player's Handbook, choose 1d4+1 of the following features: small horns; fangs or sharp teeth; a forked tongue; catlike eyes; six fingers on each hand; goatlike legs; cloven hoofs; a forked tail; leathery or scaly skin; red or dark blue skin; cast no shadow or reflection; exude a smell of brimstone. Devil's Tongue You know the vicious mockery cantrip. When you reach 3rd level, you can cast the charm person spell as a 2nd-level spell once with this trait. When you reach 5th level, you can cast the enthrall spell once with this trait. You must finish a long rest to cast these spells once again with this trait. Charisma is your spellcasting ability for them. This trait replaces the Infernal Legacy trait."
Tiefling Variant; Hellfire,SCAG,118,"Int +1, Choose +2 to one ability from Dex, Cha",,,"Appearance Your tiefling might not look like other tieflings. Rather than having the physical characteristics described in the Player's Handbook, choose 1d4+1 of the following features: small horns; fangs or sharp teeth; a forked tongue; catlike eyes; six fingers on each hand; goatlike legs; cloven hoofs; a forked tail; leathery or scaly skin; red or dark blue skin; cast no shadow or reflection; exude a smell of brimstone. Hellfire You know the thaumaturgy cantrip. Once you reach 3rd level, you can cast the burning hands spell once per day as a 2nd-level spell; you must finish a long rest in order to cast the spell again using this trait. Once you reach 5th level, you can also cast the darkness spell; you must finish a long rest in order to cast the spell again using this trait. Charisma is your spellcasting ability for these spells."
Tiefling Variant; Infernal Legacy,SCAG,118,"Int +1, Choose +2 to one ability from Dex, Cha",,,"Appearance Your tiefling might not look like other tieflings. Rather than having the physical characteristics described in the Player's Handbook, choose 1d4+1 of the following features: small horns; fangs or sharp teeth; a forked tongue; catlike eyes; six fingers on each hand; goatlike legs; cloven hoofs; a forked tail; leathery or scaly skin; red or dark blue skin; cast no shadow or reflection; exude a smell of brimstone."
Tiefling Variant; Winged,SCAG,118,"Int +1, Choose +2 to one ability from Dex, Cha",,"30 ft., Fly 30 ft.","Appearance Your tiefling might not look like other tieflings. Rather than having the physical characteristics described in the Player's Handbook, choose 1d4+1 of the following features: small horns; fangs or sharp teeth; a forked tongue; catlike eyes; six fingers on each hand; goatlike legs; cloven hoofs; a forked tail; leathery or scaly skin; red or dark blue skin; cast no shadow or reflection; exude a smell of brimstone. Winged You have bat-like wings sprouting from your shoulder blades. You have a flying speed of 30 feet while you aren't wearing heavy armor."
Tiefling Zariel,MTF,23,"Cha +2, Str +1",,,"Legacy of Avernus You know the thaumaturgy cantrip. When you reach 3rd level, you can cast the searing smite spell as a 2nd-level spell once with this trait and regain the ability to do so when you finish a long rest. When you reach 5th level, you can cast the branding smite spell once with this trait and regain the ability to do so when you finish a long rest. Charisma is your spellcasting ability for these spells."
Tortle,MPMM,34,"Choose +2 / +1 or +1 / +1 / +1 from Str, Dex, Con, Int, Wis, Cha","Small, Medium",30 ft.,"Size You are Medium or Small. You choose the size when you select this race. Claws You have claws that you can use to make unarmed strikes. When you hit with them, the strike deals 1d6 + your Strength modifier slashing damage, instead of the bludgeoning damage normal for an unarmed strike. Hold Breath You can hold your breath for up to 1 hour. Natural Armor Your shell provides you a base AC of 17 (your Dexterity modifier doesn't affect this number). You can't wear light, medium, or heavy armor, but if you are using a shield, you can apply the shield's bonus as normal. Nature's Intuition Thanks to your mystical connection to nature, you gain proficiency with one of the following skills of your choice: Animal Handling, Medicine, Nature, Perception, Stealth, or Survival. Shell Defense You can withdraw into your shell as an action. Until you emerge, you gain a +4 bonus to your AC, and you have advantage on Strength and Constitution saving throws. While in your shell, you are prone, your speed is 0 and can't increase, you have disadvantage on Dexterity saving throws, you can't take reactions, and the only action you can take is a bonus action to emerge from your shell."
Triton,MOT,26,,,,
Triton,MPMM,35,"Choose +2 / +1 or +1 / +1 / +1 from Str, Dex, Con, Int, Wis, Cha",Medium,"30 ft., Swim","Speed Your walking speed is 30 feet, and you have a swimming speed equal to your walking speed. Amphibious You can breathe air and water. Control Air and Water You can cast fog cloud with this trait. Starting at 3rd level, you can cast the gust of wind spell with this trait. Starting at 5th level, you can also cast the water walk spell with it. Once you cast any of these spells with this trait, you can't cast that spell with it again until you finish a long rest. You can also cast these spells using any spell slots you have of the appropriate level. Intelligence, Wisdom, or Charisma is your spellcasting ability for these spells when you cast them with this trait (choose when you select this race). Darkvision You can see in dim light within 60 feet of you as if it were bright light and in darkness as if it were dim light. You discern colors in that darkness only as shades of gray. Emissary of the Sea You can communicate simple ideas to any Beast, Elemental, or Monstrosity that has a swimming speed. It can understand your words, though you have no special ability to understand it in return. Guardian of the Depths Adapted to the frigid ocean depths, you have resistance to cold damage."
Triton,VGM,115,"Str +1, Cha +1, Con +1",Medium,"30 ft., Swim 30 ft.","Age Tritons reach maturity around age 15 and can live up to 200 years. Size Tritons are slightly shorter than humans, averaging about 5 feet tall. Your size is Medium. Swim Speed You have a swimming speed of 30 feet. Amphibious You can breathe air and water. Control Air and Water A child of the sea, you can call on the magic of elemental air and water. You can cast fog cloud with this trait. Starting at 3rd level, you can cast gust of wind with it, and starting at 5th level, you can also cast wall of water with it. Once you cast a spell with this trait, you can't cast that spell with it again until you finish a long rest. Charisma is your spellcasting ability for these spells. Darkvision You can see in dim light within 60 feet of you as if it were bright light and in darkness as if it were dim light. You can't discern color in darkness, only shades of gray. Emissary of the Sea Aquatic beasts have an extraordinary affinity with your people. You can communicate simple ideas with beasts that can breathe water. They can understand the meaning of your words, though you have no special ability to understand them in return. Guardians of the Depths Adapted to even the most extreme ocean depths, you have resistance to cold damage. Languages You can speak, read, and write Common and Primordial."
Troglodyte,DMG,282,"Str +2, Con +2, Int -4, Cha -4",Medium,30 ft.,"Chameleon Skin You have advantage on Dexterity (Stealth) checks made to hide. Stench Any creature other than a troglodyte that starts its turn within 5 ft. of you must succeed on a 12 Constitution saving throw or be poisoned until the start of the creature's next turn. On a successful saving throw, the creature is immune to the stench of all troglodytes for 1 hour. Sunlight Sensitivity While in sunlight, you have disadvantage on attack rolls, as well as on Wisdom (Perception) checks that rely on sight. Natural Armor Your thick hide grants you a +1 bonus to Armor Class. Darkvision You can see in dim light within 60 feet of you as if it were bright light, and in darkness as if it were dim light. You can't discern color in darkness, only shades of gray. Languages You can speak, read, and write Troglodyte."
Vedalken,GGR,21,"Int +2, Wis +1",Medium,30 ft.,"Age Vedalken mature slower than humans do, reaching maturity around age 40. Their life span is typically 350 years, with some living to the age of 500. Alignment Vedalken are usually lawful and non-evil. Size Tall and slender, Vedalken stand 6 to 6½ feet tall on average and usually weigh less than 200 pounds. Your size is Medium. Vedalken Dispassion You have advantage on all Intelligence, Wisdom, and Charisma saving throws. Tireless Precision You are proficient in one of the following skills of your choice: Arcana, History, Investigation, Medicine, Performance, or Sleight of Hand. You are also proficient with one tool of your choice. Whenever you make an ability check with the chosen skill or tool, roll a d4 and add the number rolled to the check's total. Partially Amphibious By absorbing oxygen through your skin, you can breathe underwater for up to 1 hour. Once you've reached that limit, you can't use this trait again until you finish a long rest. Languages You can speak, read, and write Common, Vedalken, and one other language of your choice."
Warforged,ERLW,35,"Con +2, Choose +1 to one ability from Str, Dex, Int, Wis, Cha",Medium,30 ft.,"Age A typical warforged is between two and thirty years old. The maximum warforged lifespan remains a mystery; so far, warforged have shown no signs of deterioration due to age. You are immune to magical aging effects. Alignment Most warforged take comfort in order and discipline, tending toward law and neutrality. But some have absorbed the morality, or lack thereof, of the beings with which they served. Size Your size is Medium. Constructed Resilience You were created to have remarkable fortitude, represented by the following benefits: You have advantage on saving throws against being poisoned, and you have resistance to poison damage. You don't need to eat, drink, or breathe. You are immune to disease. You don't need to sleep, and magic can't put you to sleep. Sentry's Rest When you take a long rest, you must spend at least six hours in an inactive, motionless state, rather than sleeping. In this state, you appear inert, but it doesn't render you unconscious, and you can see and hear as normal. Integrated Protection Your body has built-in defensive layers, which can be enhanced with armor: You gain a +1 bonus to Armor Class. You can don only armor with which you have proficiency. To don armor other than a shield, you must incorporate it into your body over the course of 1 hour, during which you remain in contact with the armor. To doff armor, you must spend 1 hour removing it. You can rest while donning or doffing armor in this way. While you live, the armor incorporated into your body can't be removed against your will. Specialized Design You gain one skill proficiency and one tool proficiency of your choice. Languages You can speak, read, and write Common and one other language of your choice."
Wood Elf,PHB,24,Wis +1,,35 ft.,"Elf Weapon Training You have proficiency with the longsword, shortsword, shortbow, and longbow. Fleet of Foot Your base walking speed increases to 35 feet. Mask of the Wild You can attempt to hide even when you are only lightly obscured by foliage, heavy rain, falling snow, mist, and other natural phenomena."
Yuan-Ti,MPMM,36,"Choose +2 / +1 or +1 / +1 / +1 from Str, Dex, Con, Int, Wis, Cha","Small, Medium",30 ft.,"Size You are Medium or Small. You choose the size when you select this race. Darkvision You can see in dim light within 60 feet of you as if it were bright light and in darkness as if it were dim light. You discern colors in that darkness only as shades of gray. Magic Resistance You have advantage on saving throws against spells. Poison Resilience You have advantage on saving throws you make to avoid or end the poisoned condition on yourself. You also have resistance to poison damage. Serpentine Spellcasting You know the poison spray cantrip. You can cast animal friendship an unlimited number of times with this trait, but you can target only snakes with it. Starting at 3rd level, you can also cast suggestion with this trait. Once you cast it, you can't do so again until you finish a long rest. You can also cast it using any spell slots you have of 2nd level or higher. Intelligence, Wisdom, or Charisma is your spellcasting ability for these spells when you cast them with this trait (choose when you select this race)."
Yuan-ti Pureblood,VGM,120,"Cha +2, Int +1",Medium,30 ft.,"Age Purebloods mature at the same rate as humans and have lifespans similar in length to theirs. Size Purebloods match humans in average size and weight. Your size is Medium. Darkvision You can see in dim light within 60 feet of you as if it were bright light, and in darkness as if it were dim light. You can't discern color in darkness, only shades of gray. Innate Spellcasting You know the poison spray cantrip. You can cast animal friendship an unlimited number of times with this trait, but you can target only snakes with it. Starting at 3rd level, you can also cast suggestion with this trait. Once you cast it, you can't do so again until you finish a long rest. Charisma is your spellcasting ability for these spells. Magic Resistance You have advantage on saving throws against spells and other magical effects. Poison Immunity You are immune to poison damage and the poisoned condition. Languages You can speak, read, and write Common, Abyssal, and Draconic."
Zombie,DMG,282,"Str +1, Con +2, Int -6, Wis -4, Cha -4",Medium,30 ft.,"Creature Type You are Undead. Undead Fortitude If damage reduces you to 0 hit points, you must make a Constitution saving throw with a DC of 5+the damage taken, unless the damage is radiant or from a critical hit. On a success, you drop to 1 hit point instead. Undead Nature You are immune to poison damage, and you can't be poisoned. You don't require air, food, drink, or sleep. Darkvision You can see in dim light within 60 feet of you as if it were bright light, and in darkness as if it were dim light. You can't discern color in darkness, only shades of gray. Languages You can't speak, but you can understand the languages you knew in life."
